-- phpMyAdmin SQL Dump
-- version 4.5.4.1deb2ubuntu2
-- http://www.phpmyadmin.net
--
-- Host: localhost
-- Generation Time: May 21, 2017 at 11:10 AM
-- Server version: 5.7.18-0ubuntu0.16.04.1
-- PHP Version: 7.0.15-0ubuntu0.16.04.4

SET SQL_MODE = "NO_AUTO_VALUE_ON_ZERO";
SET time_zone = "+00:00";


/*!40101 SET @OLD_CHARACTER_SET_CLIENT=@@CHARACTER_SET_CLIENT */;
/*!40101 SET @OLD_CHARACTER_SET_RESULTS=@@CHARACTER_SET_RESULTS */;
/*!40101 SET @OLD_COLLATION_CONNECTION=@@COLLATION_CONNECTION */;
/*!40101 SET NAMES utf8mb4 */;

--
-- Database: `designstring`
--

-- --------------------------------------------------------

--
-- Table structure for table `access_tokens`
--

CREATE TABLE `access_tokens` (
  `id` int(11) NOT NULL,
  `ttl` int(11) DEFAULT NULL,
  `access_token` varchar(255) DEFAULT NULL,
  `created_at` datetime DEFAULT NULL,
  `updated_at` datetime DEFAULT NULL,
  `user_id` int(11) NOT NULL
) ENGINE=InnoDB DEFAULT CHARSET=latin1;

--
-- Dumping data for table `access_tokens`
--

INSERT INTO `access_tokens` (`id`, `ttl`, `access_token`, `created_at`, `updated_at`, `user_id`) VALUES
(1, 259200, '7070e9151bf7edbd03532a1b90ecfc4a', '2017-01-05 03:32:29', '2017-01-05 03:32:29', 1),
(2, 259200, 'a54c9db95d0a081f9107466774d40d59', '2017-01-05 03:46:32', '2017-01-05 03:46:32', 2),
(6, 259200, '2dbf5aab811ee05313fea4432e40065d', '2017-01-05 04:51:00', '2017-01-05 04:51:00', 6),
(7, 259200, '34d01744c2cc707a92090968d40ff5d9', '2017-01-05 04:56:47', '2017-01-05 04:56:47', 7),
(8, 259200, 'b1638c10d0f18cc572b1e40f84b50435', '2017-01-05 05:00:05', '2017-01-05 05:00:05', 8),
(9, 259200, '3c7d919c0eeafd762cb11f84bd17412a', '2017-01-05 05:01:24', '2017-01-05 05:01:24', 8),
(10, 7200, 'c3d2d15c803e52a1e8a5cab9a5b2f793', '2017-01-05 05:07:46', '2017-01-05 05:07:46', 5),
(11, 7200, '25a2654b65a0a3ffec01421d542b21ff', '2017-01-05 05:12:33', '2017-01-05 05:12:33', 5),
(12, 259200, '23fc4898738070f8d5fb41f09078149b', '2017-01-05 05:13:03', '2017-01-05 05:13:03', 9),
(13, 7200, 'd382d4e7d779739ded9d3c0b906c84e2', '2017-01-05 05:20:32', '2017-01-05 05:20:32', 5),
(14, 7200, 'd95c1440a0252280dfc3c77f145e1ce6', '2017-01-05 05:21:02', '2017-01-05 05:21:02', 9),
(15, 259200, 'b0a9c3cfcfcf04e94e79424aff9461af', '2017-01-05 05:25:56', '2017-01-05 05:25:56', 10),
(16, 259200, 'a5e7295fe86eb5f24db2eee6df8388b5', '2017-01-05 05:33:47', '2017-01-05 05:33:47', 11),
(18, 259200, 'ae35ad3eb15a8b9a5a4743ba92c13265', '2017-01-05 05:49:24', '2017-01-05 05:49:24', 13),
(19, 7200, '5220319708c2e50a9894eb535b6250b6', '2017-01-05 05:52:59', '2017-01-05 05:52:59', 9),
(20, 7200, 'a2cabeabb8f73f99b3b5df212a0f4cbe', '2017-01-05 06:02:11', '2017-01-05 06:02:11', 13),
(21, 259200, 'ff1ab041ad8219edbec820db6450f6d6', '2017-01-05 06:04:21', '2017-01-05 06:04:21', 14),
(22, 259200, '5a7fd33822953e7a3fdce9f893893a12', '2017-01-05 06:24:33', '2017-01-05 06:24:33', 15),
(23, 7200, 'fd3b215139314bbf8472290519ea0aaa', '2017-01-05 06:27:54', '2017-01-05 06:27:54', 15),
(24, 7200, '2ed1485c1065c6f82df7334ac728ad0f', '2017-01-05 06:33:05', '2017-01-05 06:33:05', 15),
(25, 7200, '901989c8777f197da66c6a7edfe3ee2f', '2017-01-05 06:37:07', '2017-01-05 06:37:07', 15),
(26, 259200, 'b27581ab3b5507e7b6ab29e1aa768954', '2017-01-05 06:39:56', '2017-01-05 06:39:56', 10),
(27, 7200, '0d5eed0bc19f66ef8a7b3f8682b9c87b', '2017-01-05 06:41:24', '2017-01-05 06:41:24', 15),
(28, 259200, '07f8a97f3c14ada653801273eb2c93ed', '2017-01-05 06:50:07', '2017-01-05 06:50:07', 16),
(29, 259200, 'c5d2eddbcd4d2345035f3821db0fd3aa', '2017-01-05 06:53:17', '2017-01-05 06:53:17', 17),
(30, 259200, '10e1a688ec7cc480e13593bb88686ee9', '2017-01-05 07:01:26', '2017-01-05 07:01:26', 17),
(31, 259200, '56860e9e1cd60aa1faee03dd409bf90f', '2017-01-05 07:09:42', '2017-01-05 07:09:42', 10),
(32, 259200, 'd6ee793d13655addf4088ec2c665f050', '2017-01-05 07:27:21', '2017-01-05 07:27:21', 18),
(33, 259200, 'f756e52bd72cd6c06c3d31c7c3bea443', '2017-01-05 07:59:28', '2017-01-05 07:59:28', 10),
(34, 259200, 'e07addd94d5e45ed60efa61a36a02b8c', '2017-01-05 09:00:58', '2017-01-05 09:00:58', 10),
(36, 259200, 'ea0b9f92145dec9441d11f258c4e0418', '2017-01-05 10:44:52', '2017-01-05 10:44:52', 19),
(37, 259200, '03ee87a1d37c84bff7728b95ea9d095e', '2017-01-05 12:33:58', '2017-01-05 12:33:58', 6),
(38, 7200, '829b7b8fb4893d8331b47c6b56b4b76b', '2017-01-06 04:36:11', '2017-01-06 04:36:11', 7),
(39, 259200, 'ab3a4e59fe430cb1c4adce49e88b6ec1', '2017-01-06 05:34:10', '2017-01-06 05:34:10', 6),
(40, 259200, '3d17cb6be23df92bed44d7c726b40d7c', '2017-01-06 05:38:43', '2017-01-06 05:38:43', 13),
(41, 259200, '99c3c4fe1734239a31a3d14f2e035436', '2017-01-06 05:53:08', '2017-01-06 05:53:08', 10),
(42, 259200, '9da290156e768ad07da5dc4bc2d649d9', '2017-01-06 06:26:27', '2017-01-06 06:26:27', 6),
(43, 259200, 'f65a82348df69820854aa188032c72f7', '2017-01-06 09:24:53', '2017-01-06 09:24:53', 10),
(44, 259200, 'b7ac219745fb2786214146ed11273d29', '2017-01-06 09:28:21', '2017-01-06 09:28:21', 10),
(45, 259200, 'efb4d02952ea6163ca780065f4884e15', '2017-01-06 09:35:39', '2017-01-06 09:35:39', 10),
(47, 259200, '9f37875737acb846666397b82e140c0e', '2017-01-06 10:26:29', '2017-01-06 10:26:29', 20),
(48, 259200, 'dd2fc19747e39bff0d36806575f42c2f', '2017-01-06 10:34:48', '2017-01-06 10:34:48', 17),
(49, 259200, '85493468437f64a4121dd7ec95a54645', '2017-01-06 10:53:28', '2017-01-06 10:53:28', 6),
(50, 259200, '2c7fe4da33dbe64a967b48041860bf20', '2017-01-06 13:36:11', '2017-01-06 13:36:11', 6),
(51, 259200, 'f85055fea39bf1aebcd212b7b4dfe611', '2017-01-09 04:06:29', '2017-01-09 04:06:29', 10),
(52, 259200, '0dee994808a0866fe2af01d4548aad36', '2017-01-09 04:25:37', '2017-01-09 04:25:37', 6),
(53, 259200, 'af48a6d01ccee4aba80d69cfb0001054', '2017-01-09 05:01:17', '2017-01-09 05:01:17', 10),
(54, 259200, 'dba421cbb2f5d66daac02ca97bfbd91d', '2017-01-09 07:59:30', '2017-01-09 07:59:30', 13),
(55, 259200, '9e2cc1b964c82271c36585d4968c5135', '2017-01-09 09:23:19', '2017-01-09 09:23:19', 10),
(58, 259200, 'f9b7d52d36fa5fdf768c1342588a916a', '2017-01-16 07:23:28', '2017-01-16 07:23:28', 6),
(59, 259200, 'b8b40a867639e48d85fe797a84f011b1', '2017-01-16 07:55:17', '2017-01-16 07:55:17', 6),
(60, 259200, '7b3076913bd6265f5cddf0b98cf412ce', '2017-01-16 09:20:17', '2017-01-16 09:20:17', 21),
(61, 7200, '3008b43d7736f46dd8719e808a892fe2', '2017-01-16 09:20:32', '2017-01-16 09:20:32', 21),
(63, 259200, 'd07ae590f5ab8176135da22c234eb259', '2017-01-17 04:33:14', '2017-01-17 04:33:14', 6),
(64, 259200, '03ecf197a3f0038478bdbd4bdad8c94a', '2017-01-17 05:55:54', '2017-01-17 05:55:54', 6),
(65, 259200, '0fdc7e673cb4d9f57819ed1fe28847de', '2017-01-18 04:58:04', '2017-01-18 04:58:04', 6),
(66, 259200, '6926d785a97ac8d94c01686db29fc37d', '2017-01-18 10:24:11', '2017-01-18 10:24:11', 6),
(67, 259200, '75bb78a81df795283bbefe83199c4137', '2017-01-19 05:06:27', '2017-01-19 05:06:27', 2),
(69, 7200, '4c8be2f4fad601721cb919bae7461cec', '2017-01-19 09:18:58', '2017-01-19 09:18:58', 7),
(72, 7200, '5a05c4ab8bf13964cad2731c8d889176', '2017-01-19 09:45:22', '2017-01-19 09:45:22', 13),
(73, 259200, 'd70a60884e36d220987a8c6e38a3da4b', '2017-01-19 11:20:42', '2017-01-19 11:20:42', 22),
(74, 7200, 'e7b20e70d35001b85ff7fec6f02b7d58', '2017-01-19 11:23:09', '2017-01-19 11:23:09', 22),
(75, 259200, '0e0a0cf26bef34a065eb5ff9c7aef561', '2017-01-19 12:52:27', '2017-01-19 12:52:27', 6),
(76, 259200, '75a06fb63e3e476f6f95fa3e06c3ef07', '2017-01-19 13:44:07', '2017-01-19 13:44:07', 23),
(77, 259200, '51de9c9593c872708cf718ab62ae778c', '2017-01-19 13:49:58', '2017-01-19 13:49:58', 24),
(78, 7200, 'a6b72c5cf201509c0208b8cec56023d8', '2017-01-19 13:55:45', '2017-01-19 13:55:45', 24),
(81, 259200, 'd28157fe6b2d229fefc62deadba35ffd', '2017-01-20 06:14:11', '2017-01-20 06:14:11', 6),
(82, 259200, '66ab8b34bddadc9de04585ad21d23f21', '2017-01-20 07:33:33', '2017-01-20 07:33:33', 26),
(83, 259200, 'c624ec20766c40a06ab1f2463b71f5fd', '2017-01-20 08:53:33', '2017-01-20 08:53:33', 6),
(84, 259200, '8b31525e64636299eac359c9a21ee024', '2017-01-20 18:11:45', '2017-01-20 18:11:45', 6),
(85, 7200, '9c1b70c752305a8b53d9b2e5a946965d', '2017-01-23 06:08:39', '2017-01-23 06:08:39', 10),
(103, 259200, '0c726bc02cca903f9d63ccc0774cbe2d', '2017-01-23 10:25:40', '2017-01-23 10:25:40', 2),
(104, 7200, 'ba4dac15664e9fda3e5e06a28ed5f390', '2017-01-23 13:19:22', '2017-01-23 13:19:22', 1),
(110, 7200, '8d67863ee33384665cff068ebc371faa', '2017-01-23 18:09:00', '2017-01-23 18:09:00', 1),
(113, 259200, '471f79b625b755766f5964c29873f8b8', '2017-01-24 04:44:34', '2017-01-24 04:44:34', 28),
(116, 259200, '366007fafac4e066881851c06335e9c6', '2017-01-24 06:28:52', '2017-01-24 06:28:52', 6),
(117, 259200, '21420bc6f1230d2d7bcff05eb7f40bbd', '2017-01-24 09:51:16', '2017-01-24 09:51:16', 2),
(138, 7200, 'bde8aa4c0e9dfb4bfda4f15a16172b6e', '2017-01-25 06:12:07', '2017-01-25 06:12:07', 30),
(150, 7200, '0485e29ea0f2fc3c86c6d1bfaff3de93', '2017-01-25 13:16:48', '2017-01-25 13:16:48', 13),
(152, 7200, '5cca3c5f8f39ed299974ab379565b561', '2017-01-25 15:22:50', '2017-01-25 15:22:50', 13),
(153, 7200, '7afb3b8600130c7223f7daa15df5bc15', '2017-01-25 15:23:29', '2017-01-25 15:23:29', 1),
(154, 7200, 'e8e84578d13283f094e435654521464d', '2017-01-25 15:28:02', '2017-01-25 15:28:02', 1),
(155, 259200, '35ef7e7f3c6b55c996ad29d0b4ee3673', '2017-01-25 15:36:12', '2017-01-25 15:36:12', 2),
(156, 259200, '181deecc8abc41775222d7f4af6bcb91', '2017-01-25 15:48:47', '2017-01-25 15:48:47', 2),
(157, 7200, '9c0907f4a62e4c39ad8518a0399db71e', '2017-01-25 15:53:27', '2017-01-25 15:53:27', 1),
(158, 7200, '39953a2f66fb7aca72d9b155fce9c1d2', '2017-01-25 16:00:17', '2017-01-25 16:00:17', 1),
(160, 259200, '6f3d137aac87bbb895f4f70c68cea89c', '2017-01-25 16:20:24', '2017-01-25 16:20:24', 33),
(161, 259200, 'f6b6342fc5e8e6fb7884ae5ebc6bb5f6', '2017-01-25 16:27:48', '2017-01-25 16:27:48', 34),
(162, 259200, 'f0526012b238b4c0307dc59b1da34e93', '2017-01-25 16:34:59', '2017-01-25 16:34:59', 35),
(166, 7200, '685f3cb66602280f3c977df2150cfffd', '2017-01-26 09:45:25', '2017-01-26 09:45:25', 1),
(169, 259200, 'da7227b7386aac2f4b7cc0467147d49c', '2017-01-26 10:24:04', '2017-01-26 10:24:04', 2),
(170, 259200, '9b14b731341a41cf8e376292052282fc', '2017-01-26 11:09:38', '2017-01-26 11:09:38', 37),
(192, 7200, '74b165dba3c758139ab2b6dac36de4f7', '2017-01-27 10:13:03', '2017-01-27 10:13:03', 13),
(197, 7200, 'b51563e0639db8d7bf41fe8d31edfe1c', '2017-01-30 15:27:43', '2017-01-30 15:27:43', 13),
(198, 259200, 'bf1b4a16775467caa7754f58c580630d', '2017-01-31 05:12:47', '2017-01-31 05:12:47', 2),
(199, 259200, 'e04285f740a134e4cb751816e7b43c77', '2017-01-31 05:22:19', '2017-01-31 05:22:19', 6),
(201, 259200, '4dd4c35009731a7077f350b419989dbf', '2017-02-01 08:03:12', '2017-02-01 08:03:12', 41),
(203, 259200, '59bbd68b1ec89908a7840950e64c7e9c', '2017-02-01 09:18:59', '2017-02-01 09:18:59', 2),
(204, 259200, '7479b4a2e994607766c61e1de7db5794', '2017-02-01 10:51:12', '2017-02-01 10:51:12', 49),
(207, 259200, '1f579d1b2de7f7419ac3c1368c675575', '2017-02-02 10:00:00', '2017-02-02 10:00:00', 51),
(213, 7200, '9abf3a0e43f8ae47c85cf4d3e9af5448', '2017-02-02 15:26:07', '2017-02-02 15:26:07', 13),
(214, 259200, '04b22c46dc48d67617a1f5b297f264e3', '2017-02-03 09:34:48', '2017-02-03 09:34:48', 53),
(216, 259200, '2851015ef30f2ce98c130746da5ae200', '2017-02-03 15:34:32', '2017-02-03 15:34:32', 6),
(217, 259200, 'b9a10e78c19fffab04a4c163d8e77e99', '2017-02-04 13:42:34', '2017-02-04 13:42:34', 6),
(218, 7200, 'b65e70c10e98325c073cec423579b545', '2017-02-05 08:22:18', '2017-02-05 08:22:18', 30),
(219, 259200, '3591757a3c5a8a75a86cafdd331777fe', '2017-02-06 12:19:42', '2017-02-06 12:19:42', 6),
(220, 7200, 'b085e9b1a21f2537790dec0a4646f0ce', '2017-02-06 12:46:42', '2017-02-06 12:46:42', 1),
(221, 7200, '4e32f0cbd16f5309c6f305e500fc7e7e', '2017-02-06 12:48:41', '2017-02-06 12:48:41', 10),
(222, 259200, '6bf7daae15b6850bd74732dcc427e017', '2017-02-06 14:15:28', '2017-02-06 14:15:28', 6),
(225, 259200, '9994397e01eaaa42aee944a408c3bf1c', '2017-02-07 07:59:20', '2017-02-07 07:59:20', 6),
(227, 259200, '9cb642665b76c4b46972759f9a6e92c9', '2017-02-07 12:55:43', '2017-02-07 12:55:43', 6),
(228, 7200, '09be922c69b53b90d2f7016ebb70b794', '2017-02-07 12:56:21', '2017-02-07 12:56:21', 30),
(229, 7200, '1d8da8b0f870791b758fc0d4fa84bc08', '2017-02-07 14:04:09', '2017-02-07 14:04:09', 30),
(230, 259200, '78f4a785c672c4dc2f3059c65e65fa36', '2017-02-07 16:00:11', '2017-02-07 16:00:11', 6),
(231, 7200, '34562c73c3d35dae9c5cdaa755a05a64', '2017-02-07 17:28:07', '2017-02-07 17:28:07', 1),
(232, 259200, '035b694c67c825db4265ad487dcc1cd0', '2017-02-08 04:33:59', '2017-02-08 04:33:59', 6),
(233, 7200, 'c0c336f41cb4d29d724bf230c7554cab', '2017-02-08 05:01:05', '2017-02-08 05:01:05', 30),
(234, 259200, '19ec7ffb93b85edcfbe811597a14bcaa', '2017-02-08 10:49:31', '2017-02-08 10:49:31', 6),
(235, 7200, 'eed88314dff46d6b3c29079494bb660b', '2017-02-08 13:09:58', '2017-02-08 13:09:58', 10),
(239, 259200, '6cbf1fce2f88b029585f42b4b92e7818', '2017-02-08 14:49:52', '2017-02-08 14:49:52', 6),
(240, 7200, '34ca1214f5a0c9e1e2423a21149ab34f', '2017-02-08 14:50:31', '2017-02-08 14:50:31', 30),
(242, 7200, 'ed8277744deca26f30c4969c3a093687', '2017-02-08 15:02:26', '2017-02-08 15:02:26', 13),
(243, 7200, 'f0f2c376b1642200d6fb693b8826d896', '2017-02-08 15:27:23', '2017-02-08 15:27:23', 4),
(244, 7200, 'c22f66a4a799cc0c68353c7ea9bd5b7e', '2017-02-08 15:33:40', '2017-02-08 15:33:40', 5),
(247, 7200, 'c08c416c9527adc53a70eae230ebc82e', '2017-02-09 06:06:55', '2017-02-09 06:06:55', 10),
(248, 259200, '63dbdd67b01b2a4da9e98a744941bd63', '2017-02-09 06:41:27', '2017-02-09 06:41:27', 6),
(250, 7200, 'ba00f55933d7b5ab2fb5f476720788c0', '2017-02-09 07:52:26', '2017-02-09 07:52:26', 10),
(253, 7200, 'e2e0d35c489e1cc7ff4a113d7065d702', '2017-02-09 08:40:17', '2017-02-09 08:40:17', 54),
(254, 259200, '99cb17af547f2c1ae648b95ede44dd91', '2017-02-09 10:16:58', '2017-02-09 10:16:58', 2),
(255, 259200, '8d70b1d761ef52625eaa08c0c081b6ca', '2017-02-09 10:18:36', '2017-02-09 10:18:36', 2),
(256, 7200, '396df6da3056845f6467bb7ef54c58fe', '2017-02-09 11:09:23', '2017-02-09 11:09:23', 32),
(257, 7200, '31bae0c0eef26ae9457be09ba8a97dec', '2017-02-09 11:12:38', '2017-02-09 11:12:38', 1),
(258, 7200, 'fdb327e65f8f6af58b3bd64dc090220d', '2017-02-09 15:37:36', '2017-02-09 15:37:36', 4),
(259, 7200, 'ad458ddbd52058c11d80602d6ce961ff', '2017-02-10 04:25:06', '2017-02-10 04:25:06', 1),
(260, 259200, '63218c865d011e90efe211a8b42b66f0', '2017-02-10 07:26:18', '2017-02-10 07:26:18', 2),
(261, 259200, '498b36246ef0d555f67795c2b33593b1', '2017-02-10 09:22:36', '2017-02-10 09:22:36', 2),
(263, 259200, 'ff71e59a1548309fd38408b6006edfd2', '2017-02-10 15:25:39', '2017-02-10 15:25:39', 2),
(264, 259200, '347a7275241c97768544044502158d6a', '2017-02-10 18:26:18', '2017-02-10 18:26:18', 1),
(265, 7200, '155dc80e2cdd472541ab70865c018aa1', '2017-02-11 03:51:16', '2017-02-11 03:51:16', 13),
(266, 259200, '84d0b8da22604c68a76b06eac5e6fe36', '2017-02-11 13:55:04', '2017-02-11 13:55:04', 2),
(269, 7200, '34d8aab1462d698d8852190ade50e774', '2017-02-11 14:33:29', '2017-02-11 14:33:29', 10),
(270, 7200, '20917817494b20893da4f48020d477ba', '2017-02-11 14:42:06', '2017-02-11 14:42:06', 13),
(272, 259200, 'e89cee18a04b400c85d6d7a2a7ddb885', '2017-02-11 17:00:16', '2017-02-11 17:00:16', 2),
(273, 7200, 'a22cf45840ac54e124b7416f9904e082', '2017-02-12 03:25:33', '2017-02-12 03:25:33', 5),
(274, 259200, '5bfa51fcb0329552e13943b28f11ae16', '2017-02-12 14:57:25', '2017-02-12 14:57:25', 2),
(275, 259200, 'c0f7a850b0e44a8bd0c92681e4a4dcf2', '2017-02-12 18:12:42', '2017-02-12 18:12:42', 2),
(276, 7200, 'e47b3b72009e4f4903e5466d894e16a3', '2017-02-12 18:34:43', '2017-02-12 18:34:43', 4),
(277, 259200, '4a04753595035db76d65657d52d77e3d', '2017-02-13 06:04:24', '2017-02-13 06:04:24', 56),
(278, 7200, '8c2327a25a74902f72f20a363e5ea729', '2017-02-13 07:40:56', '2017-02-13 07:40:56', 13),
(280, 7200, 'f31bd93bce46afe8fce46d09467aaca3', '2017-02-13 12:39:44', '2017-02-13 12:39:44', 30),
(281, 7200, '451ca686e8292946ec56467ad5b7c4c4', '2017-02-14 04:08:27', '2017-02-14 04:08:27', 1),
(282, 7200, '3845b4ddaee1199ba81d3d436e4abe81', '2017-02-14 12:42:47', '2017-02-14 12:42:47', 20),
(283, 7200, '57319c5c580bf4fbc5575849d4e8df2c', '2017-02-14 14:40:14', '2017-02-14 14:40:14', 1),
(284, 7200, 'e2dd4fda82ea4132b58a4de99fe81d2d', '2017-02-14 14:43:47', '2017-02-14 14:43:47', 20),
(285, 7200, 'bee0f44e005cc5cbb9b71b17083953c5', '2017-02-21 09:19:28', '2017-02-21 09:19:28', 30),
(286, 7200, 'feaef4e56d59b9a7557b65f9280ecd21', '2017-02-21 09:19:28', '2017-02-21 09:19:28', 30);

-- --------------------------------------------------------

--
-- Table structure for table `activity_log`
--

CREATE TABLE `activity_log` (
  `id` int(11) NOT NULL,
  `created_at` datetime DEFAULT NULL,
  `updated_at` datetime DEFAULT NULL,
  `type` int(11) DEFAULT NULL COMMENT ' ',
  `type_id` int(11) DEFAULT NULL,
  `user_id` int(11) NOT NULL,
  `content` text,
  `date` datetime DEFAULT CURRENT_TIMESTAMP
) ENGINE=InnoDB DEFAULT CHARSET=latin1;

--
-- Dumping data for table `activity_log`
--

INSERT INTO `activity_log` (`id`, `created_at`, `updated_at`, `type`, `type_id`, `user_id`, `content`, `date`) VALUES
(44, '2017-01-19 13:31:42', '2017-01-19 13:31:42', 3, 2, 13, 'You\'ve moved from level Novice to Academy player', '2017-02-09 12:56:06'),
(46, '2017-01-19 13:59:35', '2017-01-19 13:59:35', 2, 30, 25, 'Nakul Jagadish has created a new game Racing', '2017-02-09 12:56:06'),
(47, '2017-01-19 14:02:28', '2017-01-19 14:02:28', 3, 1, 25, 'You\'ve moved from level  to Novice', '2017-02-09 12:56:06'),
(49, '2017-01-20 07:49:10', '2017-01-20 07:49:10', 2, 32, 10, 'Vaishakha has created a new game Pay Hockey ', '2017-02-09 12:56:06'),
(51, '2017-01-20 08:57:07', '2017-01-20 08:57:07', 2, 34, 10, 'Vaishakha has created a new game Pay fish', '2017-02-09 12:56:06'),
(55, '2017-01-20 10:36:26', '2017-01-20 10:36:26', 1, 31, 10, 'Vaishakha has created a new team Zap', '2017-02-09 12:56:06'),
(58, '2017-01-20 10:43:39', '2017-01-20 10:43:39', 2, 39, 10, 'Vaishakha has created a new game Hanky', '2017-02-09 12:56:06'),
(60, '2017-01-20 10:46:55', '2017-01-20 10:46:55', 2, 41, 10, 'Vaishakha has created a new game Bowl', '2017-02-09 12:56:06'),
(62, '2017-01-20 13:29:03', '2017-01-20 13:29:03', 2, 43, 13, 'Hemant R has created a new game Swim', '2017-02-09 12:56:06'),
(64, '2017-01-23 07:50:16', '2017-01-23 07:50:16', 2, 45, 10, 'Vaishakha Hk has created a new game Cycling', '2017-02-09 12:56:06'),
(65, '2017-01-23 07:56:21', '2017-02-13 07:40:56', 4, 13, 13, 'Hemant R, connected his social account', '2017-02-13 13:10:56'),
(66, '2017-01-23 08:05:48', '2017-01-23 08:05:48', 3, 1, 16, 'Hemanth moved from level  to Novice', '2017-02-09 12:56:06'),
(67, '2017-01-23 08:12:37', '2017-01-25 06:18:16', 4, 9, 9, 'Hemanth Hemi, connected his social account', '2017-02-09 12:56:06'),
(70, '2017-01-23 10:27:49', '2017-01-23 10:27:49', 2, 48, 10, 'Vaishakha Hk has created a new game Team zap game', '2017-02-09 12:56:06'),
(71, '2017-01-23 13:19:22', '2017-02-14 14:40:13', 4, 1, 1, 'Punith BM, connected his social account', '2017-02-14 20:10:13'),
(72, '2017-01-23 13:19:41', '2017-01-23 13:19:41', 3, 1, 1, 'Punith BM moved from level  to Novice', '2017-02-09 12:56:06'),
(73, '2017-01-23 16:17:53', '2017-01-23 16:17:53', 2, 49, 1, 'Punith BM has created a new game Football', '2017-02-09 12:56:06'),
(74, '2017-01-23 18:10:50', '2017-01-23 18:10:50', 2, 50, 1, 'Punith BM has created a new game Cricket crazy', '2017-02-09 12:56:06'),
(77, '2017-01-24 04:16:04', '2017-01-24 04:16:04', 2, 53, 10, 'Vaishakha Hk has created a new game Cricket', '2017-02-09 12:56:06'),
(78, '2017-01-24 05:16:55', '2017-01-24 05:16:55', 2, 54, 10, 'Vaishakha Hk has created a new game Date game', '2017-02-09 12:56:06'),
(80, '2017-01-24 06:05:34', '2017-01-24 06:05:34', 2, 56, 10, 'Vaishakha Hk has created a new game Hac hockey', '2017-02-09 12:56:06'),
(82, '2017-01-24 12:44:26', '2017-01-24 12:44:26', 2, 58, 10, 'Vaishakha Hk has created a new game Hockey', '2017-02-09 12:56:06'),
(83, '2017-01-24 13:15:36', '2017-01-24 13:15:36', 2, 59, 10, 'Vaishakha Hk has created a new game Hockey in kanteerava', '2017-02-09 12:56:06'),
(84, '2017-01-25 02:00:26', '2017-02-21 09:19:28', 4, 30, 30, 'Punith Bm, connected his social account', '2017-02-21 14:49:28'),
(85, '2017-01-25 06:05:51', '2017-01-25 06:05:51', 4, 31, 31, 'Bharath Vasu, connected his social account', '2017-02-09 12:56:06'),
(86, '2017-01-25 06:58:30', '2017-02-14 14:43:47', 4, 20, 20, 'Ruthwick S Rai, connected his social account', '2017-02-14 20:13:47'),
(87, '2017-01-25 06:59:04', '2017-01-25 06:59:04', 3, 1, 20, 'Ruthwick S Rai moved from level  to Novice', '2017-02-09 12:56:06'),
(88, '2017-01-25 07:22:33', '2017-01-25 07:22:33', 2, 60, 6, 'Agastya has created a new game Volleyball', '2017-02-09 12:56:06'),
(89, '2017-01-25 08:10:01', '2017-01-27 05:25:49', 4, 32, 32, 'Hemanth Hemi, connected his social account', '2017-02-09 12:56:06'),
(90, '2017-01-25 13:16:05', '2017-01-25 13:16:05', 2, 61, 10, 'Vaishakha Hk has created a new game Hockey', '2017-02-09 12:56:06'),
(91, '2017-01-25 16:20:24', '2017-01-25 16:20:24', 4, 33, 33, 'Jacob Rohan Joseph, connected his social account', '2017-02-09 12:56:06'),
(92, '2017-01-25 16:27:48', '2017-01-25 16:27:48', 4, 34, 34, 'Nabil Ahmed, connected his social account', '2017-02-09 12:56:06'),
(93, '2017-01-25 16:34:53', '2017-01-25 16:34:53', 1, 32, 33, 'Jacob Rohan Joseph has created a new team Row Bros', '2017-02-09 12:56:06'),
(94, '2017-01-26 00:12:25', '2017-01-26 00:12:25', 2, 62, 34, 'Nabil Ahmed has created a new game Cricket', '2017-02-09 12:56:06'),
(95, '2017-01-26 07:07:21', '2017-01-26 07:07:21', 4, 36, 36, 'Rakesh Hari Das, connected his social account', '2017-02-09 12:56:06'),
(98, '2017-01-26 07:58:57', '2017-01-26 07:58:57', 2, 65, 33, 'Jacob Rohan Joseph has created a new game Air', '2017-02-09 12:56:06'),
(101, '2017-01-26 09:58:31', '2017-01-26 09:58:31', 2, 68, 1, 'Punith BM has created a new game Test', '2017-02-09 12:56:06'),
(103, '2017-01-26 13:21:50', '2017-01-26 13:21:50', 2, 70, 13, 'Hemant R has created a new game Air sports 1', '2017-02-09 12:56:06'),
(106, '2017-01-27 07:24:54', '2017-01-27 07:24:54', 2, 73, 13, 'Hemant R has created a new game United 11', '2017-02-09 12:56:06'),
(107, '2017-01-30 05:32:06', '2017-01-30 05:32:06', 1, 33, 1, 'Punith BM has created a new team My team', '2017-02-09 12:56:06'),
(108, '2017-01-30 05:48:23', '2017-01-30 05:48:23', 2, 74, 1, 'Punith BM has created a new game Volleyball', '2017-02-09 12:56:06'),
(109, '2017-01-30 06:32:48', '2017-01-30 06:32:48', 3, 2, 1, 'Punith BM moved from level Novice to Academy player', '2017-02-09 12:56:06'),
(111, '2017-01-30 10:58:15', '2017-01-30 10:58:15', 2, 76, 1, 'Punith BM has created a new game Archery', '2017-02-09 12:56:06'),
(112, '2017-01-30 11:32:00', '2017-01-30 11:32:00', 2, 77, 13, 'Hemant R has created a new game Baseball', '2017-02-09 12:56:06'),
(113, '2017-02-01 10:45:28', '2017-02-01 10:45:28', 2, 78, 13, 'Hemant R has created a new game Air', '2017-02-09 12:56:06'),
(114, '2017-02-01 12:16:17', '2017-02-01 12:16:17', 2, 79, 13, 'Hemant R has created a new game Archery', '2017-02-09 12:56:06'),
(116, '2017-02-01 12:18:34', '2017-02-01 12:18:34', 2, 81, 13, 'Hemant R has created a new game Cycling', '2017-02-09 12:56:06'),
(117, '2017-02-01 12:29:58', '2017-02-01 12:29:58', 2, 82, 13, 'Hemant R has created a new game Rugby', '2017-02-09 12:56:06'),
(118, '2017-02-01 12:34:43', '2017-02-01 12:34:43', 2, 83, 13, 'Hemant R has created a new game Basketball', '2017-02-09 12:56:06'),
(119, '2017-02-01 12:50:04', '2017-02-01 12:50:04', 2, 84, 13, 'Hemant R has created a new game Sports', '2017-02-09 12:56:06'),
(121, '2017-02-01 13:04:24', '2017-02-01 13:04:24', 2, 86, 13, 'Hemant R has created a new game Fishing', '2017-02-09 12:56:06'),
(122, '2017-02-01 13:53:14', '2017-02-01 13:53:14', 2, 87, 13, 'Hemant R as created a new game Baseball', '2017-02-09 12:56:06'),
(123, '2017-02-05 09:43:38', '2017-02-05 09:43:38', 2, 88, 30, 'Punith Bm as created a new game Jjkk', '2017-02-09 12:56:06'),
(124, '2017-02-06 12:48:41', '2017-02-11 14:33:29', 4, 10, 10, 'Vaishakha Hk, connected his social account', '2017-02-11 20:03:29'),
(125, '2017-02-06 13:11:34', '2017-02-06 13:11:34', 2, 89, 1, 'Punith BM as created a new game Shout game', '2017-02-09 12:56:06'),
(127, '2017-02-07 10:09:15', '2017-02-07 10:09:15', 2, 91, 10, 'Vaishakha Hk as created a new game Game on', '2017-02-09 12:56:06'),
(128, '2017-02-07 12:59:40', '2017-02-07 12:59:40', 2, 92, 30, 'Punith Bm as created a new game Super bowl', '2017-02-09 12:56:06'),
(129, '2017-02-08 15:27:23', '2017-02-12 18:34:43', 4, 4, 4, 'Jacob Rohan Joseph, connected his social account', '2017-02-13 00:04:43'),
(130, '2017-02-08 15:33:40', '2017-02-12 03:25:33', 4, 5, 5, 'Nabil Ahmed, connected his social account', '2017-02-12 08:55:33'),
(132, '2017-02-09 07:21:29', '2017-02-09 07:21:29', 2, 94, 6, 'Agastya as created a new game Cycling', '2017-02-09 12:56:06'),
(134, '2017-02-09 08:11:01', '2017-02-09 08:11:01', 4, 54, 54, 'jaison fernando, connected his social account', '2017-02-09 12:56:06'),
(135, '2017-02-09 08:57:51', '2017-02-09 08:57:51', 2, 96, 54, 'jaison fernando as created a new game Cvg', '2017-02-09 12:56:06'),
(136, '2017-02-09 08:58:24', '2017-02-09 08:58:24', 2, 97, 54, 'jaison fernando as created a new game Fhj', '2017-02-09 12:56:06'),
(137, '2017-02-09 11:18:47', '2017-02-09 11:18:47', 2, 98, 32, 'Hemanth Hemi as created a new game Testing', '2017-02-09 12:56:06'),
(138, '2017-02-09 11:40:00', '2017-02-09 11:40:00', 2, 99, 4, 'Jacob Rohan Joseph as created a new game Centuries', '2017-02-09 12:56:06'),
(139, '2017-02-10 06:14:44', '2017-02-10 06:14:44', 2, 100, 6, 'Agastya as created a new game Game new', '2017-02-10 11:44:44'),
(140, '2017-02-10 10:22:40', '2017-02-10 10:22:40', 1, 34, 4, 'Jacob Rohan Joseph has created a new team Blank', '2017-02-10 10:22:40'),
(141, '2017-02-10 10:23:56', '2017-02-10 10:23:56', 2, 101, 4, 'Jacob Rohan Joseph as created a new game Blank cup', '2017-02-10 15:53:56'),
(143, '2017-02-10 14:38:25', '2017-02-10 14:38:25', 4, 55, 55, 'Nakul Kj, connected his social account', '2017-02-10 20:08:25'),
(144, '2017-02-11 15:10:01', '2017-02-11 15:10:01', 1, 35, 1, 'Punith BM has created a new team Team new', '2017-02-11 15:10:01'),
(145, '2017-02-13 04:40:35', '2017-02-13 04:40:35', 1, 36, 13, 'Hemant R has created a new team Royal Enfield', '2017-02-13 04:40:35'),
(146, '2017-02-13 06:26:17', '2017-02-13 06:26:17', 2, 103, 56, 'Sherlock Homes as created a new game Aim Bad', '2017-02-13 11:56:17'),
(147, '2017-02-13 11:41:36', '2017-02-13 11:41:36', 1, 37, 56, 'Sherlock Homes has created a new team Trekking team', '2017-02-13 11:41:36'),
(148, '2017-02-21 09:21:57', '2017-02-21 09:21:57', 2, 104, 30, 'Punith Bm as created a new game Testing', '2017-02-21 14:51:57');

-- --------------------------------------------------------

--
-- Table structure for table `addresses`
--

CREATE TABLE `addresses` (
  `id` int(11) NOT NULL,
  `address_line1` varchar(45) DEFAULT NULL,
  `address_line2` varchar(45) DEFAULT NULL,
  `city` varchar(45) DEFAULT NULL,
  `state` varchar(45) DEFAULT NULL,
  `landmark` varchar(45) DEFAULT NULL,
  `pincode` varchar(45) DEFAULT NULL,
  `created_at` timestamp NULL DEFAULT NULL,
  `updated_at` timestamp NULL DEFAULT NULL,
  `user_id` int(11) NOT NULL
) ENGINE=InnoDB DEFAULT CHARSET=latin1;

-- --------------------------------------------------------

--
-- Table structure for table `amenities`
--

CREATE TABLE `amenities` (
  `id` int(11) NOT NULL,
  `created_at` datetime DEFAULT NULL,
  `updated_at` datetime DEFAULT NULL,
  `name` varchar(245) DEFAULT ''
) ENGINE=InnoDB DEFAULT CHARSET=latin1;

--
-- Dumping data for table `amenities`
--

INSERT INTO `amenities` (`id`, `created_at`, `updated_at`, `name`) VALUES
(1, '2016-12-22 00:00:00', '2016-12-22 00:00:00', 'Car Parking'),
(2, '2016-12-22 00:00:00', '2016-12-22 00:00:00', 'Grass Pitches'),
(3, '2016-12-22 00:00:00', '2016-12-22 00:00:00', 'Sports Climbing Facilities'),
(4, '2016-12-22 00:00:00', '2016-12-22 00:00:00', ' Tennis Courts'),
(5, '2016-12-22 00:00:00', '2016-12-22 00:00:00', 'Fitness Rooms'),
(6, '2016-12-22 00:00:00', '2016-12-22 00:00:00', 'Bowling Greens'),
(7, '2016-12-22 00:00:00', '2016-12-22 00:00:00', 'Golf Facilities'),
(8, '2016-12-22 00:00:00', '2016-12-22 00:00:00', 'Jogging Tracks and Fitness Trails'),
(9, '2016-12-22 00:00:00', '2016-12-22 00:00:00', 'Rope Course'),
(10, '2016-12-22 00:00:00', '2016-12-22 00:00:00', 'Skateparks');

-- --------------------------------------------------------

--
-- Table structure for table `bank_accounts`
--

CREATE TABLE `bank_accounts` (
  `id` int(11) NOT NULL,
  `account_name` varchar(45) DEFAULT '',
  `bank_name` varchar(45) DEFAULT '',
  `branch_name` varchar(45) DEFAULT '',
  `ifsc_code` varchar(45) DEFAULT '',
  `account_number` varchar(45) DEFAULT '',
  `is_primary` tinyint(1) DEFAULT NULL,
  `created_at` datetime DEFAULT NULL,
  `updated_at` datetime DEFAULT NULL,
  `vendor_id` int(11) NOT NULL
) ENGINE=InnoDB DEFAULT CHARSET=latin1;

--
-- Dumping data for table `bank_accounts`
--

INSERT INTO `bank_accounts` (`id`, `account_name`, `bank_name`, `branch_name`, `ifsc_code`, `account_number`, `is_primary`, `created_at`, `updated_at`, `vendor_id`) VALUES
(1, 'Hemanth', 'ICICI', 'ICICI Bangalore', 'ICICI123', '456', 1, '2017-02-02 05:55:36', '2017-02-02 06:41:29', 2),
(4, 'Account', 'Hello Name', 'Hello Branch', 'hello123', '654', 0, '2017-02-02 06:42:33', '2017-02-03 14:05:01', 2);

-- --------------------------------------------------------

--
-- Table structure for table `banners`
--

CREATE TABLE `banners` (
  `id` int(11) NOT NULL,
  `image` varchar(255) DEFAULT ''
) ENGINE=InnoDB DEFAULT CHARSET=latin1;

--
-- Dumping data for table `banners`
--

INSERT INTO `banners` (`id`, `image`) VALUES
(1, 'https://cbsla.files.wordpress.com/2014/09/4535828221.jpg'),
(2, 'http://mentor247.weebly.com/uploads/8/5/5/2/8552339/8455157_orig.jpg'),
(3, 'http://images.iimg.in/c/55052671c5e23f44b3f4aa81-8-700-394-1426400881/google/jeetega-bhai-jeetega-55052671938d3.jpg'),
(4, 'http://hondaracingargentina.com/cross/files/2011/09/noticia12-628x296.jpg'),
(5, 'http://images.yuku.com.s3.amazonaws.com/image/jpeg/676247c874b22540362bd3c626d86b9fc8763e.jpg');

-- --------------------------------------------------------

--
-- Table structure for table `bookings`
--

CREATE TABLE `bookings` (
  `id` int(11) NOT NULL,
  `created_at` datetime DEFAULT NULL,
  `updated_at` datetime DEFAULT NULL,
  `user_id` int(11) NOT NULL,
  `game_id` int(11) DEFAULT NULL,
  `slot_id` int(11) NOT NULL,
  `payment_status` int(11) DEFAULT '0',
  `date` date DEFAULT NULL,
  `start_time` time DEFAULT '00:00:00',
  `end_time` time DEFAULT '00:00:00',
  `slot_price` int(11) NOT NULL,
  `slot_duration` int(11) DEFAULT NULL,
  `no_players` int(11) DEFAULT '0',
  `transaction_identifier` varchar(255) NOT NULL,
  `time_release` datetime DEFAULT NULL,
  `mobile` varchar(255) DEFAULT '',
  `player_name` varchar(255) DEFAULT '',
  `vendor_id` int(11) NOT NULL DEFAULT '0',
  `is_repeated` int(11) DEFAULT '0',
  `status` int(11) NOT NULL DEFAULT '1'
) ENGINE=InnoDB DEFAULT CHARSET=latin1;

--
-- Dumping data for table `bookings`
--

INSERT INTO `bookings` (`id`, `created_at`, `updated_at`, `user_id`, `game_id`, `slot_id`, `payment_status`, `date`, `start_time`, `end_time`, `slot_price`, `slot_duration`, `no_players`, `transaction_identifier`, `time_release`, `mobile`, `player_name`, `vendor_id`, `is_repeated`, `status`) VALUES
(1, '2017-01-30 11:31:59', '2017-01-30 11:32:45', 13, 77, 21, 1, '2017-01-30', '18:00:00', '19:30:00', 5500, 90, 1, 'PLYTHR_3D23FB4894D5D4CD7E9B', NULL, '9035234150', 'Hemant R', 2, 0, 1),
(3, '2017-01-30 12:39:44', '2017-01-30 12:39:44', 2, NULL, 30, 1, '2017-02-06', '18:30:00', '19:00:00', 5000, 30, 16, 'PLYTHR_2B2425A5C7BDF4E2AF62', NULL, '9035234150', 'Hemi', 2, 1, 1),
(4, '2017-01-30 12:39:44', '2017-01-30 12:39:44', 2, NULL, 30, 1, '2017-02-13', '18:30:00', '19:00:00', 5000, 30, 16, 'PLYTHR_95A8105BC23CDD4A781D', NULL, '9035234150', 'Hemi', 2, 1, 1),
(5, '2017-01-30 12:39:44', '2017-01-30 12:39:44', 2, NULL, 30, 1, '2017-02-20', '18:30:00', '19:00:00', 5000, 30, 16, 'PLYTHR_9F17EF62CD6A3BD27B27', NULL, '9035234150', 'Hemi', 2, 1, 1),
(6, '2017-01-30 12:39:44', '2017-01-30 12:39:44', 2, NULL, 30, 1, '2017-02-27', '18:30:00', '19:00:00', 5000, 30, 16, 'PLYTHR_77D6C03D1183C2B1B286', NULL, '9035234150', 'Hemi', 2, 1, 1),
(7, '2017-01-30 12:39:44', '2017-01-30 12:39:44', 2, NULL, 30, 1, '2017-03-06', '18:30:00', '19:00:00', 5000, 30, 16, 'PLYTHR_F908192587F76D93C1C8', NULL, '9035234150', 'Hemi', 2, 1, 1),
(8, '2017-01-30 12:39:44', '2017-01-30 12:39:44', 2, NULL, 30, 1, '2017-03-13', '18:30:00', '19:00:00', 5000, 30, 16, 'PLYTHR_A1D57AC8275049B82A0A', NULL, '9035234150', 'Hemi', 2, 1, 1),
(9, '2017-01-30 12:39:44', '2017-01-30 12:39:44', 2, NULL, 30, 1, '2017-03-20', '18:30:00', '19:00:00', 5000, 30, 16, 'PLYTHR_91227E3F1F1341F6FD93', NULL, '9035234150', 'Hemi', 2, 1, 1),
(10, '2017-01-30 12:39:44', '2017-01-30 12:39:44', 2, NULL, 30, 1, '2017-03-27', '18:30:00', '19:00:00', 5000, 30, 16, 'PLYTHR_DF4E3E7CF2BA36EF5D0E', NULL, '9035234150', 'Hemi', 2, 1, 1),
(11, '2017-01-30 12:39:44', '2017-02-21 11:45:16', 2, NULL, 30, 1, '2017-04-03', '18:30:00', '19:00:00', 5000, 30, 16, 'PLYTHR_FFD93824CF13AC2DE69E', NULL, '9035234150', 'Hemi', 2, 1, 0),
(12, '2017-01-31 05:14:07', '2017-01-31 05:14:07', 2, NULL, 32, 1, '2017-01-31', '11:30:00', '12:30:00', 8000, 60, 30, 'PLYTHR_54897174EE6529567A2B', NULL, '1234567890', 'Vaishakha', 2, 0, 1),
(13, '2017-02-01 10:45:26', '2017-02-01 10:45:50', 13, 78, 19, 1, '2017-02-02', '06:30:00', '08:00:00', 6000, 90, 1, 'PLYTHR_D887147754FEEF967AE4', NULL, '9035234150', 'Hemant R', 2, 0, 1),
(14, '2017-02-01 12:16:15', '2017-02-01 12:16:41', 13, 79, 15, 1, '2017-02-02', '07:30:00', '08:00:00', 3500, 30, 1, 'PLYTHR_FB54A66FCD2D0882A093', NULL, '9035234150', 'Hemant R', 2, 0, 1),
(15, '2017-02-01 12:17:20', '2017-02-01 12:17:35', 13, 80, 25, 1, '2017-02-02', '08:00:00', '09:30:00', 1000, 90, 1, 'PLYTHR_E526F911EFA99145BAB0', NULL, '9035234150', 'Hemant R', 2, 0, 1),
(16, '2017-02-01 12:18:33', '2017-02-01 12:18:50', 13, 81, 24, 1, '2017-02-01', '18:00:00', '18:30:00', 7000, 30, 1, 'PLYTHR_1FED5CA682DE7E86D6D1', NULL, '9035234150', 'Hemant R', 2, 0, 1),
(17, '2017-02-01 12:29:58', '2017-02-01 12:30:21', 13, 82, 35, 1, '2017-02-02', '05:30:00', '07:00:00', 9000, 90, 1, 'PLYTHR_E1454F6C6A14A6330283', NULL, '9035234150', 'Hemant R', 2, 0, 1),
(18, '2017-02-01 12:34:43', '2017-02-01 12:35:10', 13, 83, 22, 1, '2017-02-01', '18:30:00', '19:30:00', 8000, 60, 1, 'PLYTHR_33224B0951BF4D1902DF', NULL, '9035234150', 'Hemant R', 2, 0, 1),
(19, '2017-02-01 12:50:03', '2017-02-01 12:50:59', 13, 84, 19, 1, '2017-02-02', '08:00:00', '09:30:00', 6000, 90, 1, 'PLYTHR_F57BCCCBFBD2BF4E5AF6', NULL, '9035234150', 'Hemant R', 2, 0, 1),
(20, '2017-02-01 12:54:49', '2017-02-01 12:56:28', 13, 85, 25, 1, '2017-02-02', '11:00:00', '12:30:00', 1000, 90, 1, 'PLYTHR_B2150132A78660722AC8', NULL, '9035234150', 'Hemant R', 2, 0, 1),
(21, '2017-02-01 13:04:17', '2017-02-01 13:05:19', 13, 86, 34, 1, '2017-02-02', '06:30:00', '07:00:00', 5000, 30, 1, 'PLYTHR_B20EF3633D83839C0F69', NULL, '9035234150', 'Hemant R', 2, 0, 1),
(22, '2017-02-01 13:53:14', '2017-02-01 13:53:50', 13, 87, 21, 1, '2017-02-02', '07:30:00', '09:00:00', 5500, 90, 1, 'PLYTHR_1330E8326ABB1BBF828B', NULL, '9035234150', 'Hemant R', 2, 0, 1),
(23, '2017-02-01 14:51:05', '2017-02-01 14:51:05', 2, NULL, 28, 1, '2017-02-06', '05:30:00', '06:00:00', 5000, 30, 4, 'PLYTHR_37C6B1B77D4D83124113', NULL, '9481073845', 'Punith', 2, 1, 1),
(24, '2017-02-01 14:51:05', '2017-02-01 14:51:05', 2, NULL, 28, 1, '2017-02-13', '05:30:00', '06:00:00', 5000, 30, 4, 'PLYTHR_9193AD24E56FD1D6858F', NULL, '9481073845', 'Punith', 2, 1, 1),
(25, '2017-02-01 14:51:05', '2017-02-01 14:51:05', 2, NULL, 28, 1, '2017-02-20', '05:30:00', '06:00:00', 5000, 30, 4, 'PLYTHR_7902AB2A0409ED52977D', NULL, '9481073845', 'Punith', 2, 1, 1),
(26, '2017-02-01 14:51:05', '2017-02-01 14:51:05', 2, NULL, 28, 1, '2017-02-27', '05:30:00', '06:00:00', 5000, 30, 4, 'PLYTHR_218CEBE0A783C687F743', NULL, '9481073845', 'Punith', 2, 1, 1),
(27, '2017-02-01 14:51:05', '2017-02-01 14:51:05', 2, NULL, 28, 1, '2017-03-06', '05:30:00', '06:00:00', 5000, 30, 4, 'PLYTHR_709D35C46341E6E219A3', NULL, '9481073845', 'Punith', 2, 1, 1),
(28, '2017-02-01 14:51:05', '2017-02-01 14:51:05', 2, NULL, 28, 1, '2017-03-13', '05:30:00', '06:00:00', 5000, 30, 4, 'PLYTHR_E1AA2820A3B317D1AA0E', NULL, '9481073845', 'Punith', 2, 1, 1),
(29, '2017-02-01 14:51:06', '2017-02-01 14:51:06', 2, NULL, 28, 1, '2017-03-20', '05:30:00', '06:00:00', 5000, 30, 4, 'PLYTHR_E72DCBD7BD2E2B61F609', NULL, '9481073845', 'Punith', 2, 1, 1),
(30, '2017-02-01 14:51:06', '2017-02-01 14:51:06', 2, NULL, 28, 1, '2017-03-27', '05:30:00', '06:00:00', 5000, 30, 4, 'PLYTHR_5602343D083F7FFAFCC3', NULL, '9481073845', 'Punith', 2, 1, 1),
(31, '2017-02-01 14:51:06', '2017-02-01 14:51:06', 2, NULL, 28, 1, '2017-04-03', '05:30:00', '06:00:00', 5000, 30, 4, 'PLYTHR_694B2735FE651F6312AB', NULL, '9481073845', 'Punith', 2, 1, 1),
(32, '2017-02-01 14:51:06', '2017-02-01 14:51:06', 2, NULL, 28, 1, '2017-04-10', '05:30:00', '06:00:00', 5000, 30, 4, 'PLYTHR_DBFA3F6544710766CB27', NULL, '9481073845', 'Punith', 2, 1, 1),
(33, '2017-02-01 14:51:06', '2017-02-01 14:51:06', 2, NULL, 28, 1, '2017-02-02', '05:30:00', '06:00:00', 5000, 30, 4, 'PLYTHR_4A4AD65E6DE2FBFAD4FA', NULL, '9481073845', 'Punith', 2, 1, 1),
(34, '2017-02-01 14:51:06', '2017-02-01 14:51:06', 2, NULL, 28, 1, '2017-02-09', '05:30:00', '06:00:00', 5000, 30, 4, 'PLYTHR_593738BEA798B1AF06B8', NULL, '9481073845', 'Punith', 2, 1, 1),
(35, '2017-02-01 14:51:06', '2017-02-01 14:51:06', 2, NULL, 28, 1, '2017-02-16', '05:30:00', '06:00:00', 5000, 30, 4, 'PLYTHR_17219DC4ADD3899A34D9', NULL, '9481073845', 'Punith', 2, 1, 1),
(36, '2017-02-01 14:51:06', '2017-02-01 14:51:06', 2, NULL, 28, 1, '2017-02-23', '05:30:00', '06:00:00', 5000, 30, 4, 'PLYTHR_9429511CB07908DDFF71', NULL, '9481073845', 'Punith', 2, 1, 1),
(37, '2017-02-01 14:51:06', '2017-02-01 14:51:06', 2, NULL, 28, 1, '2017-03-02', '05:30:00', '06:00:00', 5000, 30, 4, 'PLYTHR_B02C3218A78AD8642E2E', NULL, '9481073845', 'Punith', 2, 1, 1),
(38, '2017-02-01 14:51:06', '2017-02-01 14:51:06', 2, NULL, 28, 1, '2017-03-09', '05:30:00', '06:00:00', 5000, 30, 4, 'PLYTHR_2A7B2516F8D66BDBC1C1', NULL, '9481073845', 'Punith', 2, 1, 1),
(39, '2017-02-01 14:51:06', '2017-02-01 14:51:06', 2, NULL, 28, 1, '2017-03-16', '05:30:00', '06:00:00', 5000, 30, 4, 'PLYTHR_1521D2E24A3EEA58CA84', NULL, '9481073845', 'Punith', 2, 1, 1),
(40, '2017-02-01 14:51:06', '2017-02-01 14:51:06', 2, NULL, 28, 1, '2017-03-23', '05:30:00', '06:00:00', 5000, 30, 4, 'PLYTHR_4F9AA33D5641F0327EEA', NULL, '9481073845', 'Punith', 2, 1, 1),
(41, '2017-02-01 14:51:06', '2017-02-01 14:51:06', 2, NULL, 28, 1, '2017-03-30', '05:30:00', '06:00:00', 5000, 30, 4, 'PLYTHR_2E4883CBBC75C37AED37', NULL, '9481073845', 'Punith', 2, 1, 1),
(42, '2017-02-01 14:51:06', '2017-02-01 14:51:06', 2, NULL, 28, 1, '2017-04-06', '05:30:00', '06:00:00', 5000, 30, 4, 'PLYTHR_EDA519E0264FB800BAB9', NULL, '9481073845', 'Punith', 2, 1, 1),
(43, '2017-02-01 14:51:06', '2017-02-01 14:51:06', 2, NULL, 28, 1, '2017-02-04', '05:30:00', '06:00:00', 5000, 30, 4, 'PLYTHR_F037259E788165F04023', NULL, '9481073845', 'Punith', 2, 1, 1),
(44, '2017-02-01 14:51:06', '2017-02-01 14:51:06', 2, NULL, 28, 1, '2017-02-11', '05:30:00', '06:00:00', 5000, 30, 4, 'PLYTHR_18B13F1C2AF1028D8E48', NULL, '9481073845', 'Punith', 2, 1, 1),
(45, '2017-02-01 14:51:06', '2017-02-01 14:51:06', 2, NULL, 28, 1, '2017-02-18', '05:30:00', '06:00:00', 5000, 30, 4, 'PLYTHR_8DE4B150192B0E2D88FF', NULL, '9481073845', 'Punith', 2, 1, 1),
(46, '2017-02-01 14:51:06', '2017-02-01 14:51:06', 2, NULL, 28, 1, '2017-02-25', '05:30:00', '06:00:00', 5000, 30, 4, 'PLYTHR_8B0470FD07ED91C460FF', NULL, '9481073845', 'Punith', 2, 1, 1),
(47, '2017-02-01 14:51:06', '2017-02-01 14:51:06', 2, NULL, 28, 1, '2017-03-04', '05:30:00', '06:00:00', 5000, 30, 4, 'PLYTHR_D87050C8D02F95058C51', NULL, '9481073845', 'Punith', 2, 1, 1),
(48, '2017-02-01 14:51:06', '2017-02-01 14:51:06', 2, NULL, 28, 1, '2017-03-11', '05:30:00', '06:00:00', 5000, 30, 4, 'PLYTHR_9662AF31F5E36BA2AA4A', NULL, '9481073845', 'Punith', 2, 1, 1),
(49, '2017-02-01 14:51:06', '2017-02-01 14:51:06', 2, NULL, 28, 1, '2017-03-18', '05:30:00', '06:00:00', 5000, 30, 4, 'PLYTHR_CD74213557A289C94D3A', NULL, '9481073845', 'Punith', 2, 1, 1),
(50, '2017-02-01 14:51:06', '2017-02-01 14:51:06', 2, NULL, 28, 1, '2017-03-25', '05:30:00', '06:00:00', 5000, 30, 4, 'PLYTHR_350A863F0C73C5F1AE3B', NULL, '9481073845', 'Punith', 2, 1, 1),
(51, '2017-02-01 14:51:06', '2017-02-01 14:51:06', 2, NULL, 28, 1, '2017-04-01', '05:30:00', '06:00:00', 5000, 30, 4, 'PLYTHR_25549433C73F2F4316EB', NULL, '9481073845', 'Punith', 2, 1, 1),
(52, '2017-02-01 14:51:06', '2017-02-01 14:51:06', 2, NULL, 28, 1, '2017-04-08', '05:30:00', '06:00:00', 5000, 30, 4, 'PLYTHR_91CB53DB5566C16A8905', NULL, '9481073845', 'Punith', 2, 1, 1),
(53, '2017-02-01 15:11:18', '2017-02-01 15:11:18', 2, NULL, 29, 1, '2017-02-02', '05:30:00', '06:00:00', 4000, 30, 4, 'PLYTHR_A891CC87B51591E97B8E', NULL, '9481073845', 'Punith', 2, 1, 1),
(54, '2017-02-01 15:11:18', '2017-02-01 15:11:18', 2, NULL, 29, 1, '2017-02-09', '05:30:00', '06:00:00', 4000, 30, 4, 'PLYTHR_B64C5B560DD86EE62262', NULL, '9481073845', 'Punith', 2, 1, 1),
(55, '2017-02-01 15:11:18', '2017-02-01 15:11:18', 2, NULL, 29, 1, '2017-02-16', '05:30:00', '06:00:00', 4000, 30, 4, 'PLYTHR_30D83C0ABAE9383DAE1E', NULL, '9481073845', 'Punith', 2, 1, 1),
(56, '2017-02-01 15:11:18', '2017-02-01 15:11:18', 2, NULL, 29, 1, '2017-02-23', '05:30:00', '06:00:00', 4000, 30, 4, 'PLYTHR_CB1547CEB78E0B2552DF', NULL, '9481073845', 'Punith', 2, 1, 1),
(57, '2017-02-01 15:11:18', '2017-02-01 15:11:18', 2, NULL, 29, 1, '2017-03-02', '05:30:00', '06:00:00', 4000, 30, 4, 'PLYTHR_11D9451253B8853A5362', NULL, '9481073845', 'Punith', 2, 1, 1),
(58, '2017-02-01 15:11:18', '2017-02-01 15:11:18', 2, NULL, 29, 1, '2017-03-09', '05:30:00', '06:00:00', 4000, 30, 4, 'PLYTHR_0E6774144DF57F4C21E0', NULL, '9481073845', 'Punith', 2, 1, 1),
(59, '2017-02-01 15:11:18', '2017-02-01 15:11:18', 2, NULL, 29, 1, '2017-03-16', '05:30:00', '06:00:00', 4000, 30, 4, 'PLYTHR_ECC180AF328B07FA1A33', NULL, '9481073845', 'Punith', 2, 1, 1),
(60, '2017-02-01 15:11:18', '2017-02-01 15:11:18', 2, NULL, 29, 1, '2017-03-23', '05:30:00', '06:00:00', 4000, 30, 4, 'PLYTHR_9ED6C99BE51A3A9A56AC', NULL, '9481073845', 'Punith', 2, 1, 1),
(61, '2017-02-01 15:11:18', '2017-02-01 15:11:18', 2, NULL, 29, 1, '2017-03-30', '05:30:00', '06:00:00', 4000, 30, 4, 'PLYTHR_7A21D7B4377A5273F70A', NULL, '9481073845', 'Punith', 2, 1, 1),
(62, '2017-02-01 15:11:18', '2017-02-01 15:11:18', 2, NULL, 29, 1, '2017-04-06', '05:30:00', '06:00:00', 4000, 30, 4, 'PLYTHR_2750E647F416B59DDFCB', NULL, '9481073845', 'Punith', 2, 1, 1),
(63, '2017-02-02 11:13:56', '2017-02-02 11:13:56', 2, NULL, 21, 1, '2017-02-02', '18:00:00', '19:30:00', 5500, 90, 20, 'PLYTHR_555D05BED39005B67209', NULL, '9035234150', 'Hemi', 2, 0, 1),
(64, '2017-02-02 14:10:42', '2017-02-02 14:10:42', 2, NULL, 19, 1, '2017-02-02', '09:30:00', '11:00:00', 6000, 90, 6, 'PLYTHR_0A1AAA3460D359AD3CA1', NULL, '9035234150', 'Hemi', 2, 0, 1),
(65, '2017-02-02 14:19:32', '2017-02-02 14:19:32', 2, NULL, 15, 1, '2017-02-03', '07:30:00', '08:00:00', 3500, 30, 4, 'PLYTHR_5F9F5329097B7A3E36A7', NULL, '9035234150', 'Hemanth', 2, 0, 1),
(66, '2017-02-02 14:22:58', '2017-02-02 14:22:58', 2, NULL, 37, 1, '2017-02-02', '07:00:00', '08:30:00', 9999, 90, 4, 'PLYTHR_0A01ECEB4187D638604A', NULL, '9035234150', 'Pammi', 2, 0, 1),
(67, '2017-02-02 14:23:58', '2017-02-02 14:23:58', 2, NULL, 37, 1, '2017-02-02', '11:30:00', '13:00:00', 9999, 90, 4, 'PLYTHR_0033717237150595040F', NULL, '9035234150', 'Pammi ', 2, 0, 1),
(68, '2017-02-02 14:25:49', '2017-02-02 14:25:49', 2, NULL, 28, 1, '2017-02-04', '06:00:00', '06:30:00', 5000, 30, 4, 'PLYTHR_779039C0D2BBE12AE953', NULL, '9035234150', 'Nakki', 2, 0, 1),
(69, '2017-02-02 15:03:35', '2017-02-02 15:03:35', 2, NULL, 31, 1, '2017-02-05', '07:30:00', '08:30:00', 4000, 60, 8, 'PLYTHR_A76EAF67B5FF5B5155B6', NULL, '9035234150', 'Hemanth', 2, 1, 1),
(70, '2017-02-02 15:03:35', '2017-02-02 15:03:35', 2, NULL, 31, 1, '2017-02-05', '08:30:00', '09:30:00', 4000, 60, 8, 'PLYTHR_A76EAF67B5FF5B5155B6', NULL, '9035234150', 'Hemanth', 2, 1, 1),
(71, '2017-02-02 15:03:35', '2017-02-02 15:03:35', 2, NULL, 31, 1, '2017-02-05', '09:30:00', '10:30:00', 4000, 60, 8, 'PLYTHR_A76EAF67B5FF5B5155B6', NULL, '9035234150', 'Hemanth', 2, 1, 1),
(72, '2017-02-02 15:03:35', '2017-02-02 15:03:35', 2, NULL, 31, 1, '2017-02-05', '10:30:00', '11:30:00', 4000, 60, 8, 'PLYTHR_A76EAF67B5FF5B5155B6', NULL, '9035234150', 'Hemanth', 2, 1, 1),
(73, '2017-02-02 15:03:35', '2017-02-02 15:03:35', 2, NULL, 31, 1, '2017-02-12', '07:30:00', '08:30:00', 4000, 60, 8, 'PLYTHR_39B807861B1D8788EF04', NULL, '9035234150', 'Hemanth', 2, 1, 1),
(74, '2017-02-02 15:03:35', '2017-02-02 15:03:35', 2, NULL, 31, 1, '2017-02-12', '08:30:00', '09:30:00', 4000, 60, 8, 'PLYTHR_39B807861B1D8788EF04', NULL, '9035234150', 'Hemanth', 2, 1, 1),
(75, '2017-02-02 15:03:35', '2017-02-02 15:03:35', 2, NULL, 31, 1, '2017-02-12', '09:30:00', '10:30:00', 4000, 60, 8, 'PLYTHR_39B807861B1D8788EF04', NULL, '9035234150', 'Hemanth', 2, 1, 1),
(76, '2017-02-02 15:03:35', '2017-02-02 15:03:35', 2, NULL, 31, 1, '2017-02-12', '10:30:00', '11:30:00', 4000, 60, 8, 'PLYTHR_39B807861B1D8788EF04', NULL, '9035234150', 'Hemanth', 2, 1, 1),
(77, '2017-02-02 15:03:35', '2017-02-02 15:03:35', 2, NULL, 31, 1, '2017-02-19', '07:30:00', '08:30:00', 4000, 60, 8, 'PLYTHR_A5F1CDE3365B1A69E4E6', NULL, '9035234150', 'Hemanth', 2, 1, 1),
(78, '2017-02-02 15:03:35', '2017-02-02 15:03:35', 2, NULL, 31, 1, '2017-02-19', '08:30:00', '09:30:00', 4000, 60, 8, 'PLYTHR_A5F1CDE3365B1A69E4E6', NULL, '9035234150', 'Hemanth', 2, 1, 1),
(79, '2017-02-02 15:03:35', '2017-02-02 15:03:35', 2, NULL, 31, 1, '2017-02-19', '09:30:00', '10:30:00', 4000, 60, 8, 'PLYTHR_A5F1CDE3365B1A69E4E6', NULL, '9035234150', 'Hemanth', 2, 1, 1),
(80, '2017-02-02 15:03:35', '2017-02-02 15:03:35', 2, NULL, 31, 1, '2017-02-19', '10:30:00', '11:30:00', 4000, 60, 8, 'PLYTHR_A5F1CDE3365B1A69E4E6', NULL, '9035234150', 'Hemanth', 2, 1, 1),
(81, '2017-02-02 15:03:35', '2017-02-02 15:03:35', 2, NULL, 31, 1, '2017-02-26', '07:30:00', '08:30:00', 4000, 60, 8, 'PLYTHR_55A6A3A1A69CE3495BE4', NULL, '9035234150', 'Hemanth', 2, 1, 1),
(82, '2017-02-02 15:03:35', '2017-02-02 15:03:35', 2, NULL, 31, 1, '2017-02-26', '08:30:00', '09:30:00', 4000, 60, 8, 'PLYTHR_55A6A3A1A69CE3495BE4', NULL, '9035234150', 'Hemanth', 2, 1, 1),
(83, '2017-02-02 15:03:35', '2017-02-02 15:03:35', 2, NULL, 31, 1, '2017-02-26', '09:30:00', '10:30:00', 4000, 60, 8, 'PLYTHR_55A6A3A1A69CE3495BE4', NULL, '9035234150', 'Hemanth', 2, 1, 1),
(84, '2017-02-02 15:03:35', '2017-02-02 15:03:35', 2, NULL, 31, 1, '2017-02-26', '10:30:00', '11:30:00', 4000, 60, 8, 'PLYTHR_55A6A3A1A69CE3495BE4', NULL, '9035234150', 'Hemanth', 2, 1, 1),
(85, '2017-02-02 15:03:35', '2017-02-02 15:03:35', 2, NULL, 31, 1, '2017-03-05', '07:30:00', '08:30:00', 4000, 60, 8, 'PLYTHR_3A91E662298D4CA4B672', NULL, '9035234150', 'Hemanth', 2, 1, 1),
(86, '2017-02-02 15:03:35', '2017-02-02 15:03:35', 2, NULL, 31, 1, '2017-03-05', '08:30:00', '09:30:00', 4000, 60, 8, 'PLYTHR_3A91E662298D4CA4B672', NULL, '9035234150', 'Hemanth', 2, 1, 1),
(87, '2017-02-02 15:03:35', '2017-02-02 15:03:35', 2, NULL, 31, 1, '2017-03-05', '09:30:00', '10:30:00', 4000, 60, 8, 'PLYTHR_3A91E662298D4CA4B672', NULL, '9035234150', 'Hemanth', 2, 1, 1),
(88, '2017-02-02 15:03:35', '2017-02-02 15:03:35', 2, NULL, 31, 1, '2017-03-05', '10:30:00', '11:30:00', 4000, 60, 8, 'PLYTHR_3A91E662298D4CA4B672', NULL, '9035234150', 'Hemanth', 2, 1, 1),
(89, '2017-02-02 15:03:35', '2017-02-02 15:03:35', 2, NULL, 31, 1, '2017-03-12', '07:30:00', '08:30:00', 4000, 60, 8, 'PLYTHR_3767D67220B0C46BED6B', NULL, '9035234150', 'Hemanth', 2, 1, 1),
(90, '2017-02-02 15:03:35', '2017-02-02 15:03:35', 2, NULL, 31, 1, '2017-03-12', '08:30:00', '09:30:00', 4000, 60, 8, 'PLYTHR_3767D67220B0C46BED6B', NULL, '9035234150', 'Hemanth', 2, 1, 1),
(91, '2017-02-02 15:03:35', '2017-02-02 15:03:35', 2, NULL, 31, 1, '2017-03-12', '09:30:00', '10:30:00', 4000, 60, 8, 'PLYTHR_3767D67220B0C46BED6B', NULL, '9035234150', 'Hemanth', 2, 1, 1),
(92, '2017-02-02 15:03:35', '2017-02-02 15:03:35', 2, NULL, 31, 1, '2017-03-12', '10:30:00', '11:30:00', 4000, 60, 8, 'PLYTHR_3767D67220B0C46BED6B', NULL, '9035234150', 'Hemanth', 2, 1, 1),
(93, '2017-02-02 15:03:35', '2017-02-02 15:03:35', 2, NULL, 31, 1, '2017-03-19', '07:30:00', '08:30:00', 4000, 60, 8, 'PLYTHR_3818EA4CF1E17AEEADD8', NULL, '9035234150', 'Hemanth', 2, 1, 1),
(94, '2017-02-02 15:03:35', '2017-02-02 15:03:35', 2, NULL, 31, 1, '2017-03-19', '08:30:00', '09:30:00', 4000, 60, 8, 'PLYTHR_3818EA4CF1E17AEEADD8', NULL, '9035234150', 'Hemanth', 2, 1, 1),
(95, '2017-02-02 15:03:35', '2017-02-02 15:03:35', 2, NULL, 31, 1, '2017-03-19', '09:30:00', '10:30:00', 4000, 60, 8, 'PLYTHR_3818EA4CF1E17AEEADD8', NULL, '9035234150', 'Hemanth', 2, 1, 1),
(96, '2017-02-02 15:03:35', '2017-02-02 15:03:35', 2, NULL, 31, 1, '2017-03-19', '10:30:00', '11:30:00', 4000, 60, 8, 'PLYTHR_3818EA4CF1E17AEEADD8', NULL, '9035234150', 'Hemanth', 2, 1, 1),
(97, '2017-02-02 15:03:35', '2017-02-02 15:03:35', 2, NULL, 31, 1, '2017-03-26', '07:30:00', '08:30:00', 4000, 60, 8, 'PLYTHR_1F9DF46F2B9923C580EF', NULL, '9035234150', 'Hemanth', 2, 1, 1),
(98, '2017-02-02 15:03:35', '2017-02-02 15:03:35', 2, NULL, 31, 1, '2017-03-26', '08:30:00', '09:30:00', 4000, 60, 8, 'PLYTHR_1F9DF46F2B9923C580EF', NULL, '9035234150', 'Hemanth', 2, 1, 1),
(99, '2017-02-02 15:03:35', '2017-02-02 15:03:35', 2, NULL, 31, 1, '2017-03-26', '09:30:00', '10:30:00', 4000, 60, 8, 'PLYTHR_1F9DF46F2B9923C580EF', NULL, '9035234150', 'Hemanth', 2, 1, 1),
(100, '2017-02-02 15:03:35', '2017-02-02 15:03:35', 2, NULL, 31, 1, '2017-03-26', '10:30:00', '11:30:00', 4000, 60, 8, 'PLYTHR_1F9DF46F2B9923C580EF', NULL, '9035234150', 'Hemanth', 2, 1, 1),
(101, '2017-02-02 15:03:35', '2017-02-02 15:03:35', 2, NULL, 31, 1, '2017-04-02', '07:30:00', '08:30:00', 4000, 60, 8, 'PLYTHR_7691C033CF5B63B770D4', NULL, '9035234150', 'Hemanth', 2, 1, 1),
(102, '2017-02-02 15:03:35', '2017-02-02 15:03:35', 2, NULL, 31, 1, '2017-04-02', '08:30:00', '09:30:00', 4000, 60, 8, 'PLYTHR_7691C033CF5B63B770D4', NULL, '9035234150', 'Hemanth', 2, 1, 1),
(103, '2017-02-02 15:03:35', '2017-02-02 15:03:35', 2, NULL, 31, 1, '2017-04-02', '09:30:00', '10:30:00', 4000, 60, 8, 'PLYTHR_7691C033CF5B63B770D4', NULL, '9035234150', 'Hemanth', 2, 1, 1),
(104, '2017-02-02 15:03:35', '2017-02-02 15:03:35', 2, NULL, 31, 1, '2017-04-02', '10:30:00', '11:30:00', 4000, 60, 8, 'PLYTHR_7691C033CF5B63B770D4', NULL, '9035234150', 'Hemanth', 2, 1, 1),
(105, '2017-02-02 15:03:35', '2017-02-02 15:03:35', 2, NULL, 31, 1, '2017-04-09', '07:30:00', '08:30:00', 4000, 60, 8, 'PLYTHR_95786089CCACDDDE06F5', NULL, '9035234150', 'Hemanth', 2, 1, 1),
(106, '2017-02-02 15:03:35', '2017-02-02 15:03:35', 2, NULL, 31, 1, '2017-04-09', '08:30:00', '09:30:00', 4000, 60, 8, 'PLYTHR_95786089CCACDDDE06F5', NULL, '9035234150', 'Hemanth', 2, 1, 1),
(107, '2017-02-02 15:03:35', '2017-02-02 15:03:35', 2, NULL, 31, 1, '2017-04-09', '09:30:00', '10:30:00', 4000, 60, 8, 'PLYTHR_95786089CCACDDDE06F5', NULL, '9035234150', 'Hemanth', 2, 1, 1),
(108, '2017-02-02 15:03:35', '2017-02-02 15:03:35', 2, NULL, 31, 1, '2017-04-09', '10:30:00', '11:30:00', 4000, 60, 8, 'PLYTHR_95786089CCACDDDE06F5', NULL, '9035234150', 'Hemanth', 2, 1, 1),
(109, '2017-02-02 15:03:35', '2017-02-02 15:03:35', 2, NULL, 31, 1, '2017-02-06', '07:30:00', '08:30:00', 4000, 60, 8, 'PLYTHR_92289A8CB608BB1437BF', NULL, '9035234150', 'Hemanth', 2, 1, 1),
(110, '2017-02-02 15:03:35', '2017-02-02 15:03:35', 2, NULL, 31, 1, '2017-02-06', '08:30:00', '09:30:00', 4000, 60, 8, 'PLYTHR_92289A8CB608BB1437BF', NULL, '9035234150', 'Hemanth', 2, 1, 1),
(111, '2017-02-02 15:03:35', '2017-02-02 15:03:35', 2, NULL, 31, 1, '2017-02-06', '09:30:00', '10:30:00', 4000, 60, 8, 'PLYTHR_92289A8CB608BB1437BF', NULL, '9035234150', 'Hemanth', 2, 1, 1),
(112, '2017-02-02 15:03:35', '2017-02-02 15:03:35', 2, NULL, 31, 1, '2017-02-06', '10:30:00', '11:30:00', 4000, 60, 8, 'PLYTHR_92289A8CB608BB1437BF', NULL, '9035234150', 'Hemanth', 2, 1, 1),
(113, '2017-02-02 15:03:35', '2017-02-02 15:03:35', 2, NULL, 31, 1, '2017-02-13', '07:30:00', '08:30:00', 4000, 60, 8, 'PLYTHR_806D87F74144B4876C8B', NULL, '9035234150', 'Hemanth', 2, 1, 1),
(114, '2017-02-02 15:03:35', '2017-02-02 15:03:35', 2, NULL, 31, 1, '2017-02-13', '08:30:00', '09:30:00', 4000, 60, 8, 'PLYTHR_806D87F74144B4876C8B', NULL, '9035234150', 'Hemanth', 2, 1, 1),
(115, '2017-02-02 15:03:35', '2017-02-02 15:03:35', 2, NULL, 31, 1, '2017-02-13', '09:30:00', '10:30:00', 4000, 60, 8, 'PLYTHR_806D87F74144B4876C8B', NULL, '9035234150', 'Hemanth', 2, 1, 1),
(116, '2017-02-02 15:03:35', '2017-02-02 15:03:35', 2, NULL, 31, 1, '2017-02-13', '10:30:00', '11:30:00', 4000, 60, 8, 'PLYTHR_806D87F74144B4876C8B', NULL, '9035234150', 'Hemanth', 2, 1, 1),
(117, '2017-02-02 15:03:35', '2017-02-02 15:03:35', 2, NULL, 31, 1, '2017-02-20', '07:30:00', '08:30:00', 4000, 60, 8, 'PLYTHR_F7085959FF8BF2945777', NULL, '9035234150', 'Hemanth', 2, 1, 1),
(118, '2017-02-02 15:03:35', '2017-02-02 15:03:35', 2, NULL, 31, 1, '2017-02-20', '08:30:00', '09:30:00', 4000, 60, 8, 'PLYTHR_F7085959FF8BF2945777', NULL, '9035234150', 'Hemanth', 2, 1, 1),
(119, '2017-02-02 15:03:35', '2017-02-02 15:03:35', 2, NULL, 31, 1, '2017-02-20', '09:30:00', '10:30:00', 4000, 60, 8, 'PLYTHR_F7085959FF8BF2945777', NULL, '9035234150', 'Hemanth', 2, 1, 1),
(120, '2017-02-02 15:03:35', '2017-02-02 15:03:35', 2, NULL, 31, 1, '2017-02-20', '10:30:00', '11:30:00', 4000, 60, 8, 'PLYTHR_F7085959FF8BF2945777', NULL, '9035234150', 'Hemanth', 2, 1, 1),
(121, '2017-02-02 15:03:35', '2017-02-02 15:03:35', 2, NULL, 31, 1, '2017-02-27', '07:30:00', '08:30:00', 4000, 60, 8, 'PLYTHR_D914BA2DE2228972E408', NULL, '9035234150', 'Hemanth', 2, 1, 1),
(122, '2017-02-02 15:03:35', '2017-02-02 15:03:35', 2, NULL, 31, 1, '2017-02-27', '08:30:00', '09:30:00', 4000, 60, 8, 'PLYTHR_D914BA2DE2228972E408', NULL, '9035234150', 'Hemanth', 2, 1, 1),
(123, '2017-02-02 15:03:35', '2017-02-02 15:03:35', 2, NULL, 31, 1, '2017-02-27', '09:30:00', '10:30:00', 4000, 60, 8, 'PLYTHR_D914BA2DE2228972E408', NULL, '9035234150', 'Hemanth', 2, 1, 1),
(124, '2017-02-02 15:03:35', '2017-02-02 15:03:35', 2, NULL, 31, 1, '2017-02-27', '10:30:00', '11:30:00', 4000, 60, 8, 'PLYTHR_D914BA2DE2228972E408', NULL, '9035234150', 'Hemanth', 2, 1, 1),
(125, '2017-02-02 15:03:35', '2017-02-02 15:03:35', 2, NULL, 31, 1, '2017-03-06', '07:30:00', '08:30:00', 4000, 60, 8, 'PLYTHR_A3EF19998E8CAA1D29DE', NULL, '9035234150', 'Hemanth', 2, 1, 1),
(126, '2017-02-02 15:03:35', '2017-02-02 15:03:35', 2, NULL, 31, 1, '2017-03-06', '08:30:00', '09:30:00', 4000, 60, 8, 'PLYTHR_A3EF19998E8CAA1D29DE', NULL, '9035234150', 'Hemanth', 2, 1, 1),
(127, '2017-02-02 15:03:35', '2017-02-02 15:03:35', 2, NULL, 31, 1, '2017-03-06', '09:30:00', '10:30:00', 4000, 60, 8, 'PLYTHR_A3EF19998E8CAA1D29DE', NULL, '9035234150', 'Hemanth', 2, 1, 1),
(128, '2017-02-02 15:03:35', '2017-02-02 15:03:35', 2, NULL, 31, 1, '2017-03-06', '10:30:00', '11:30:00', 4000, 60, 8, 'PLYTHR_A3EF19998E8CAA1D29DE', NULL, '9035234150', 'Hemanth', 2, 1, 1),
(129, '2017-02-02 15:03:35', '2017-02-02 15:03:35', 2, NULL, 31, 1, '2017-03-13', '07:30:00', '08:30:00', 4000, 60, 8, 'PLYTHR_4E49E81237C3A341401C', NULL, '9035234150', 'Hemanth', 2, 1, 1),
(130, '2017-02-02 15:03:35', '2017-02-02 15:03:35', 2, NULL, 31, 1, '2017-03-13', '08:30:00', '09:30:00', 4000, 60, 8, 'PLYTHR_4E49E81237C3A341401C', NULL, '9035234150', 'Hemanth', 2, 1, 1),
(131, '2017-02-02 15:03:35', '2017-02-02 15:03:35', 2, NULL, 31, 1, '2017-03-13', '09:30:00', '10:30:00', 4000, 60, 8, 'PLYTHR_4E49E81237C3A341401C', NULL, '9035234150', 'Hemanth', 2, 1, 1),
(132, '2017-02-02 15:03:35', '2017-02-02 15:03:35', 2, NULL, 31, 1, '2017-03-13', '10:30:00', '11:30:00', 4000, 60, 8, 'PLYTHR_4E49E81237C3A341401C', NULL, '9035234150', 'Hemanth', 2, 1, 1),
(133, '2017-02-02 15:03:35', '2017-02-02 15:03:35', 2, NULL, 31, 1, '2017-03-20', '07:30:00', '08:30:00', 4000, 60, 8, 'PLYTHR_4AE572CB557459D6B5AB', NULL, '9035234150', 'Hemanth', 2, 1, 1),
(134, '2017-02-02 15:03:35', '2017-02-02 15:03:35', 2, NULL, 31, 1, '2017-03-20', '08:30:00', '09:30:00', 4000, 60, 8, 'PLYTHR_4AE572CB557459D6B5AB', NULL, '9035234150', 'Hemanth', 2, 1, 1),
(135, '2017-02-02 15:03:35', '2017-02-02 15:03:35', 2, NULL, 31, 1, '2017-03-20', '09:30:00', '10:30:00', 4000, 60, 8, 'PLYTHR_4AE572CB557459D6B5AB', NULL, '9035234150', 'Hemanth', 2, 1, 1),
(136, '2017-02-02 15:03:35', '2017-02-02 15:03:35', 2, NULL, 31, 1, '2017-03-20', '10:30:00', '11:30:00', 4000, 60, 8, 'PLYTHR_4AE572CB557459D6B5AB', NULL, '9035234150', 'Hemanth', 2, 1, 1),
(137, '2017-02-02 15:03:35', '2017-02-02 15:03:35', 2, NULL, 31, 1, '2017-03-27', '07:30:00', '08:30:00', 4000, 60, 8, 'PLYTHR_F26C0C65E0B9B9E5CFE4', NULL, '9035234150', 'Hemanth', 2, 1, 1),
(138, '2017-02-02 15:03:35', '2017-02-02 15:03:35', 2, NULL, 31, 1, '2017-03-27', '08:30:00', '09:30:00', 4000, 60, 8, 'PLYTHR_F26C0C65E0B9B9E5CFE4', NULL, '9035234150', 'Hemanth', 2, 1, 1),
(139, '2017-02-02 15:03:35', '2017-02-02 15:03:35', 2, NULL, 31, 1, '2017-03-27', '09:30:00', '10:30:00', 4000, 60, 8, 'PLYTHR_F26C0C65E0B9B9E5CFE4', NULL, '9035234150', 'Hemanth', 2, 1, 1),
(140, '2017-02-02 15:03:35', '2017-02-02 15:03:35', 2, NULL, 31, 1, '2017-03-27', '10:30:00', '11:30:00', 4000, 60, 8, 'PLYTHR_F26C0C65E0B9B9E5CFE4', NULL, '9035234150', 'Hemanth', 2, 1, 1),
(141, '2017-02-02 15:03:35', '2017-02-02 15:03:35', 2, NULL, 31, 1, '2017-04-03', '07:30:00', '08:30:00', 4000, 60, 8, 'PLYTHR_B3F9F07D6E8F981F1DEE', NULL, '9035234150', 'Hemanth', 2, 1, 1),
(142, '2017-02-02 15:03:35', '2017-02-02 15:03:35', 2, NULL, 31, 1, '2017-04-03', '08:30:00', '09:30:00', 4000, 60, 8, 'PLYTHR_B3F9F07D6E8F981F1DEE', NULL, '9035234150', 'Hemanth', 2, 1, 1),
(143, '2017-02-02 15:03:35', '2017-02-02 15:03:35', 2, NULL, 31, 1, '2017-04-03', '09:30:00', '10:30:00', 4000, 60, 8, 'PLYTHR_B3F9F07D6E8F981F1DEE', NULL, '9035234150', 'Hemanth', 2, 1, 1),
(144, '2017-02-02 15:03:35', '2017-02-02 15:03:35', 2, NULL, 31, 1, '2017-04-03', '10:30:00', '11:30:00', 4000, 60, 8, 'PLYTHR_B3F9F07D6E8F981F1DEE', NULL, '9035234150', 'Hemanth', 2, 1, 1),
(145, '2017-02-02 15:03:35', '2017-02-02 15:03:35', 2, NULL, 31, 1, '2017-04-10', '07:30:00', '08:30:00', 4000, 60, 8, 'PLYTHR_F1F9990CBFA59B2CCEBE', NULL, '9035234150', 'Hemanth', 2, 1, 1),
(146, '2017-02-02 15:03:35', '2017-02-02 15:03:35', 2, NULL, 31, 1, '2017-04-10', '08:30:00', '09:30:00', 4000, 60, 8, 'PLYTHR_F1F9990CBFA59B2CCEBE', NULL, '9035234150', 'Hemanth', 2, 1, 1),
(147, '2017-02-02 15:03:35', '2017-02-02 15:03:35', 2, NULL, 31, 1, '2017-04-10', '09:30:00', '10:30:00', 4000, 60, 8, 'PLYTHR_F1F9990CBFA59B2CCEBE', NULL, '9035234150', 'Hemanth', 2, 1, 1),
(148, '2017-02-02 15:03:35', '2017-02-02 15:03:35', 2, NULL, 31, 1, '2017-04-10', '10:30:00', '11:30:00', 4000, 60, 8, 'PLYTHR_F1F9990CBFA59B2CCEBE', NULL, '9035234150', 'Hemanth', 2, 1, 1),
(149, '2017-02-02 15:03:35', '2017-02-02 15:03:35', 2, NULL, 31, 1, '2017-02-07', '07:30:00', '08:30:00', 4000, 60, 8, 'PLYTHR_993BA15647F77E1B803E', NULL, '9035234150', 'Hemanth', 2, 1, 1),
(150, '2017-02-02 15:03:35', '2017-02-02 15:03:35', 2, NULL, 31, 1, '2017-02-07', '08:30:00', '09:30:00', 4000, 60, 8, 'PLYTHR_993BA15647F77E1B803E', NULL, '9035234150', 'Hemanth', 2, 1, 1),
(151, '2017-02-02 15:03:35', '2017-02-02 15:03:35', 2, NULL, 31, 1, '2017-02-07', '09:30:00', '10:30:00', 4000, 60, 8, 'PLYTHR_993BA15647F77E1B803E', NULL, '9035234150', 'Hemanth', 2, 1, 1),
(152, '2017-02-02 15:03:35', '2017-02-02 15:03:35', 2, NULL, 31, 1, '2017-02-07', '10:30:00', '11:30:00', 4000, 60, 8, 'PLYTHR_993BA15647F77E1B803E', NULL, '9035234150', 'Hemanth', 2, 1, 1),
(153, '2017-02-02 15:03:35', '2017-02-02 15:03:35', 2, NULL, 31, 1, '2017-02-14', '07:30:00', '08:30:00', 4000, 60, 8, 'PLYTHR_B19D75B389EBAB424171', NULL, '9035234150', 'Hemanth', 2, 1, 1),
(154, '2017-02-02 15:03:35', '2017-02-02 15:03:35', 2, NULL, 31, 1, '2017-02-14', '08:30:00', '09:30:00', 4000, 60, 8, 'PLYTHR_B19D75B389EBAB424171', NULL, '9035234150', 'Hemanth', 2, 1, 1),
(155, '2017-02-02 15:03:35', '2017-02-02 15:03:35', 2, NULL, 31, 1, '2017-02-14', '09:30:00', '10:30:00', 4000, 60, 8, 'PLYTHR_B19D75B389EBAB424171', NULL, '9035234150', 'Hemanth', 2, 1, 1),
(156, '2017-02-02 15:03:35', '2017-02-02 15:03:35', 2, NULL, 31, 1, '2017-02-14', '10:30:00', '11:30:00', 4000, 60, 8, 'PLYTHR_B19D75B389EBAB424171', NULL, '9035234150', 'Hemanth', 2, 1, 1),
(157, '2017-02-02 15:03:35', '2017-02-02 15:03:35', 2, NULL, 31, 1, '2017-02-21', '07:30:00', '08:30:00', 4000, 60, 8, 'PLYTHR_49D5B86386CC8E7EC9F9', NULL, '9035234150', 'Hemanth', 2, 1, 1),
(158, '2017-02-02 15:03:35', '2017-02-02 15:03:35', 2, NULL, 31, 1, '2017-02-21', '08:30:00', '09:30:00', 4000, 60, 8, 'PLYTHR_49D5B86386CC8E7EC9F9', NULL, '9035234150', 'Hemanth', 2, 1, 1),
(159, '2017-02-02 15:03:35', '2017-02-02 15:03:35', 2, NULL, 31, 1, '2017-02-21', '09:30:00', '10:30:00', 4000, 60, 8, 'PLYTHR_49D5B86386CC8E7EC9F9', NULL, '9035234150', 'Hemanth', 2, 1, 1),
(160, '2017-02-02 15:03:35', '2017-02-02 15:03:35', 2, NULL, 31, 1, '2017-02-21', '10:30:00', '11:30:00', 4000, 60, 8, 'PLYTHR_49D5B86386CC8E7EC9F9', NULL, '9035234150', 'Hemanth', 2, 1, 1),
(161, '2017-02-02 15:03:35', '2017-02-02 15:03:35', 2, NULL, 31, 1, '2017-02-28', '07:30:00', '08:30:00', 4000, 60, 8, 'PLYTHR_C0767D4A301DEFE51FC9', NULL, '9035234150', 'Hemanth', 2, 1, 1),
(162, '2017-02-02 15:03:35', '2017-02-02 15:03:35', 2, NULL, 31, 1, '2017-02-28', '08:30:00', '09:30:00', 4000, 60, 8, 'PLYTHR_C0767D4A301DEFE51FC9', NULL, '9035234150', 'Hemanth', 2, 1, 1),
(163, '2017-02-02 15:03:35', '2017-02-02 15:03:35', 2, NULL, 31, 1, '2017-02-28', '09:30:00', '10:30:00', 4000, 60, 8, 'PLYTHR_C0767D4A301DEFE51FC9', NULL, '9035234150', 'Hemanth', 2, 1, 1),
(164, '2017-02-02 15:03:35', '2017-02-02 15:03:35', 2, NULL, 31, 1, '2017-02-28', '10:30:00', '11:30:00', 4000, 60, 8, 'PLYTHR_C0767D4A301DEFE51FC9', NULL, '9035234150', 'Hemanth', 2, 1, 1),
(165, '2017-02-02 15:03:35', '2017-02-02 15:03:35', 2, NULL, 31, 1, '2017-03-07', '07:30:00', '08:30:00', 4000, 60, 8, 'PLYTHR_B8F8047CB0C63C41979D', NULL, '9035234150', 'Hemanth', 2, 1, 1),
(166, '2017-02-02 15:03:35', '2017-02-02 15:03:35', 2, NULL, 31, 1, '2017-03-07', '08:30:00', '09:30:00', 4000, 60, 8, 'PLYTHR_B8F8047CB0C63C41979D', NULL, '9035234150', 'Hemanth', 2, 1, 1),
(167, '2017-02-02 15:03:35', '2017-02-02 15:03:35', 2, NULL, 31, 1, '2017-03-07', '09:30:00', '10:30:00', 4000, 60, 8, 'PLYTHR_B8F8047CB0C63C41979D', NULL, '9035234150', 'Hemanth', 2, 1, 1),
(168, '2017-02-02 15:03:35', '2017-02-02 15:03:35', 2, NULL, 31, 1, '2017-03-07', '10:30:00', '11:30:00', 4000, 60, 8, 'PLYTHR_B8F8047CB0C63C41979D', NULL, '9035234150', 'Hemanth', 2, 1, 1),
(169, '2017-02-02 15:03:35', '2017-02-02 15:03:35', 2, NULL, 31, 1, '2017-03-14', '07:30:00', '08:30:00', 4000, 60, 8, 'PLYTHR_9D465934008BBF24560F', NULL, '9035234150', 'Hemanth', 2, 1, 1),
(170, '2017-02-02 15:03:35', '2017-02-02 15:03:35', 2, NULL, 31, 1, '2017-03-14', '08:30:00', '09:30:00', 4000, 60, 8, 'PLYTHR_9D465934008BBF24560F', NULL, '9035234150', 'Hemanth', 2, 1, 1),
(171, '2017-02-02 15:03:35', '2017-02-02 15:03:35', 2, NULL, 31, 1, '2017-03-14', '09:30:00', '10:30:00', 4000, 60, 8, 'PLYTHR_9D465934008BBF24560F', NULL, '9035234150', 'Hemanth', 2, 1, 1),
(172, '2017-02-02 15:03:35', '2017-02-02 15:03:35', 2, NULL, 31, 1, '2017-03-14', '10:30:00', '11:30:00', 4000, 60, 8, 'PLYTHR_9D465934008BBF24560F', NULL, '9035234150', 'Hemanth', 2, 1, 1),
(173, '2017-02-02 15:03:35', '2017-02-02 15:03:35', 2, NULL, 31, 1, '2017-03-21', '07:30:00', '08:30:00', 4000, 60, 8, 'PLYTHR_F4EE36D9DC0CFD7A89C9', NULL, '9035234150', 'Hemanth', 2, 1, 1),
(174, '2017-02-02 15:03:35', '2017-02-02 15:03:35', 2, NULL, 31, 1, '2017-03-21', '08:30:00', '09:30:00', 4000, 60, 8, 'PLYTHR_F4EE36D9DC0CFD7A89C9', NULL, '9035234150', 'Hemanth', 2, 1, 1),
(175, '2017-02-02 15:03:35', '2017-02-02 15:03:35', 2, NULL, 31, 1, '2017-03-21', '09:30:00', '10:30:00', 4000, 60, 8, 'PLYTHR_F4EE36D9DC0CFD7A89C9', NULL, '9035234150', 'Hemanth', 2, 1, 1),
(176, '2017-02-02 15:03:35', '2017-02-02 15:03:35', 2, NULL, 31, 1, '2017-03-21', '10:30:00', '11:30:00', 4000, 60, 8, 'PLYTHR_F4EE36D9DC0CFD7A89C9', NULL, '9035234150', 'Hemanth', 2, 1, 1),
(177, '2017-02-02 15:03:35', '2017-02-02 15:03:35', 2, NULL, 31, 1, '2017-03-28', '07:30:00', '08:30:00', 4000, 60, 8, 'PLYTHR_F09DECABB296B4F10F43', NULL, '9035234150', 'Hemanth', 2, 1, 1),
(178, '2017-02-02 15:03:35', '2017-02-02 15:03:35', 2, NULL, 31, 1, '2017-03-28', '08:30:00', '09:30:00', 4000, 60, 8, 'PLYTHR_F09DECABB296B4F10F43', NULL, '9035234150', 'Hemanth', 2, 1, 1),
(179, '2017-02-02 15:03:35', '2017-02-02 15:03:35', 2, NULL, 31, 1, '2017-03-28', '09:30:00', '10:30:00', 4000, 60, 8, 'PLYTHR_F09DECABB296B4F10F43', NULL, '9035234150', 'Hemanth', 2, 1, 1),
(180, '2017-02-02 15:03:35', '2017-02-02 15:03:35', 2, NULL, 31, 1, '2017-03-28', '10:30:00', '11:30:00', 4000, 60, 8, 'PLYTHR_F09DECABB296B4F10F43', NULL, '9035234150', 'Hemanth', 2, 1, 1),
(181, '2017-02-02 15:03:35', '2017-02-02 15:03:35', 2, NULL, 31, 1, '2017-04-04', '07:30:00', '08:30:00', 4000, 60, 8, 'PLYTHR_6275BAB0955A485D5E7D', NULL, '9035234150', 'Hemanth', 2, 1, 1),
(182, '2017-02-02 15:03:35', '2017-02-02 15:03:35', 2, NULL, 31, 1, '2017-04-04', '08:30:00', '09:30:00', 4000, 60, 8, 'PLYTHR_6275BAB0955A485D5E7D', NULL, '9035234150', 'Hemanth', 2, 1, 1),
(183, '2017-02-02 15:03:35', '2017-02-02 15:03:35', 2, NULL, 31, 1, '2017-04-04', '09:30:00', '10:30:00', 4000, 60, 8, 'PLYTHR_6275BAB0955A485D5E7D', NULL, '9035234150', 'Hemanth', 2, 1, 1),
(184, '2017-02-02 15:03:35', '2017-02-02 15:03:35', 2, NULL, 31, 1, '2017-04-04', '10:30:00', '11:30:00', 4000, 60, 8, 'PLYTHR_6275BAB0955A485D5E7D', NULL, '9035234150', 'Hemanth', 2, 1, 1),
(185, '2017-02-02 15:03:35', '2017-02-02 15:03:35', 2, NULL, 31, 1, '2017-04-11', '07:30:00', '08:30:00', 4000, 60, 8, 'PLYTHR_122342E3A9BD54FD05A2', NULL, '9035234150', 'Hemanth', 2, 1, 1),
(186, '2017-02-02 15:03:35', '2017-02-02 15:03:35', 2, NULL, 31, 1, '2017-04-11', '08:30:00', '09:30:00', 4000, 60, 8, 'PLYTHR_122342E3A9BD54FD05A2', NULL, '9035234150', 'Hemanth', 2, 1, 1),
(187, '2017-02-02 15:03:35', '2017-02-02 15:03:35', 2, NULL, 31, 1, '2017-04-11', '09:30:00', '10:30:00', 4000, 60, 8, 'PLYTHR_122342E3A9BD54FD05A2', NULL, '9035234150', 'Hemanth', 2, 1, 1),
(188, '2017-02-02 15:03:35', '2017-02-02 15:03:35', 2, NULL, 31, 1, '2017-04-11', '10:30:00', '11:30:00', 4000, 60, 8, 'PLYTHR_122342E3A9BD54FD05A2', NULL, '9035234150', 'Hemanth', 2, 1, 1),
(189, '2017-02-02 15:03:35', '2017-02-02 15:03:35', 2, NULL, 31, 1, '2017-02-08', '07:30:00', '08:30:00', 4000, 60, 8, 'PLYTHR_20E337CA8C120E16CF67', NULL, '9035234150', 'Hemanth', 2, 1, 1),
(190, '2017-02-02 15:03:36', '2017-02-02 15:03:36', 2, NULL, 31, 1, '2017-02-08', '08:30:00', '09:30:00', 4000, 60, 8, 'PLYTHR_20E337CA8C120E16CF67', NULL, '9035234150', 'Hemanth', 2, 1, 1),
(191, '2017-02-02 15:03:36', '2017-02-02 15:03:36', 2, NULL, 31, 1, '2017-02-08', '09:30:00', '10:30:00', 4000, 60, 8, 'PLYTHR_20E337CA8C120E16CF67', NULL, '9035234150', 'Hemanth', 2, 1, 1),
(192, '2017-02-02 15:03:36', '2017-02-02 15:03:36', 2, NULL, 31, 1, '2017-02-08', '10:30:00', '11:30:00', 4000, 60, 8, 'PLYTHR_20E337CA8C120E16CF67', NULL, '9035234150', 'Hemanth', 2, 1, 1),
(193, '2017-02-02 15:03:36', '2017-02-02 15:03:36', 2, NULL, 31, 1, '2017-02-15', '07:30:00', '08:30:00', 4000, 60, 8, 'PLYTHR_C0A36EAD204A0E2B1856', NULL, '9035234150', 'Hemanth', 2, 1, 1),
(194, '2017-02-02 15:03:36', '2017-02-02 15:03:36', 2, NULL, 31, 1, '2017-02-15', '08:30:00', '09:30:00', 4000, 60, 8, 'PLYTHR_C0A36EAD204A0E2B1856', NULL, '9035234150', 'Hemanth', 2, 1, 1),
(195, '2017-02-02 15:03:36', '2017-02-02 15:03:36', 2, NULL, 31, 1, '2017-02-15', '09:30:00', '10:30:00', 4000, 60, 8, 'PLYTHR_C0A36EAD204A0E2B1856', NULL, '9035234150', 'Hemanth', 2, 1, 1),
(196, '2017-02-02 15:03:36', '2017-02-02 15:03:36', 2, NULL, 31, 1, '2017-02-15', '10:30:00', '11:30:00', 4000, 60, 8, 'PLYTHR_C0A36EAD204A0E2B1856', NULL, '9035234150', 'Hemanth', 2, 1, 1),
(197, '2017-02-02 15:03:36', '2017-02-02 15:03:36', 2, NULL, 31, 1, '2017-02-22', '07:30:00', '08:30:00', 4000, 60, 8, 'PLYTHR_26DBF91D07032127FE0C', NULL, '9035234150', 'Hemanth', 2, 1, 1),
(198, '2017-02-02 15:03:36', '2017-02-02 15:03:36', 2, NULL, 31, 1, '2017-02-22', '08:30:00', '09:30:00', 4000, 60, 8, 'PLYTHR_26DBF91D07032127FE0C', NULL, '9035234150', 'Hemanth', 2, 1, 1),
(199, '2017-02-02 15:03:36', '2017-02-02 15:03:36', 2, NULL, 31, 1, '2017-02-22', '09:30:00', '10:30:00', 4000, 60, 8, 'PLYTHR_26DBF91D07032127FE0C', NULL, '9035234150', 'Hemanth', 2, 1, 1),
(200, '2017-02-02 15:03:36', '2017-02-02 15:03:36', 2, NULL, 31, 1, '2017-02-22', '10:30:00', '11:30:00', 4000, 60, 8, 'PLYTHR_26DBF91D07032127FE0C', NULL, '9035234150', 'Hemanth', 2, 1, 1),
(201, '2017-02-02 15:03:36', '2017-02-02 15:03:36', 2, NULL, 31, 1, '2017-03-01', '07:30:00', '08:30:00', 4000, 60, 8, 'PLYTHR_DE05942A171F1DC2E15B', NULL, '9035234150', 'Hemanth', 2, 1, 1),
(202, '2017-02-02 15:03:36', '2017-02-02 15:03:36', 2, NULL, 31, 1, '2017-03-01', '08:30:00', '09:30:00', 4000, 60, 8, 'PLYTHR_DE05942A171F1DC2E15B', NULL, '9035234150', 'Hemanth', 2, 1, 1),
(203, '2017-02-02 15:03:36', '2017-02-02 15:03:36', 2, NULL, 31, 1, '2017-03-01', '09:30:00', '10:30:00', 4000, 60, 8, 'PLYTHR_DE05942A171F1DC2E15B', NULL, '9035234150', 'Hemanth', 2, 1, 1),
(204, '2017-02-02 15:03:36', '2017-02-02 15:03:36', 2, NULL, 31, 1, '2017-03-01', '10:30:00', '11:30:00', 4000, 60, 8, 'PLYTHR_DE05942A171F1DC2E15B', NULL, '9035234150', 'Hemanth', 2, 1, 1),
(205, '2017-02-02 15:03:36', '2017-02-02 15:03:36', 2, NULL, 31, 1, '2017-03-08', '07:30:00', '08:30:00', 4000, 60, 8, 'PLYTHR_40B3942123350BFEDA61', NULL, '9035234150', 'Hemanth', 2, 1, 1),
(206, '2017-02-02 15:03:36', '2017-02-02 15:03:36', 2, NULL, 31, 1, '2017-03-08', '08:30:00', '09:30:00', 4000, 60, 8, 'PLYTHR_40B3942123350BFEDA61', NULL, '9035234150', 'Hemanth', 2, 1, 1),
(207, '2017-02-02 15:03:36', '2017-02-02 15:03:36', 2, NULL, 31, 1, '2017-03-08', '09:30:00', '10:30:00', 4000, 60, 8, 'PLYTHR_40B3942123350BFEDA61', NULL, '9035234150', 'Hemanth', 2, 1, 1),
(208, '2017-02-02 15:03:36', '2017-02-02 15:03:36', 2, NULL, 31, 1, '2017-03-08', '10:30:00', '11:30:00', 4000, 60, 8, 'PLYTHR_40B3942123350BFEDA61', NULL, '9035234150', 'Hemanth', 2, 1, 1),
(209, '2017-02-02 15:03:36', '2017-02-02 15:03:36', 2, NULL, 31, 1, '2017-03-15', '07:30:00', '08:30:00', 4000, 60, 8, 'PLYTHR_C4A1D8CE786E41F85CDA', NULL, '9035234150', 'Hemanth', 2, 1, 1),
(210, '2017-02-02 15:03:36', '2017-02-02 15:03:36', 2, NULL, 31, 1, '2017-03-15', '08:30:00', '09:30:00', 4000, 60, 8, 'PLYTHR_C4A1D8CE786E41F85CDA', NULL, '9035234150', 'Hemanth', 2, 1, 1),
(211, '2017-02-02 15:03:36', '2017-02-02 15:03:36', 2, NULL, 31, 1, '2017-03-15', '09:30:00', '10:30:00', 4000, 60, 8, 'PLYTHR_C4A1D8CE786E41F85CDA', NULL, '9035234150', 'Hemanth', 2, 1, 1),
(212, '2017-02-02 15:03:36', '2017-02-02 15:03:36', 2, NULL, 31, 1, '2017-03-15', '10:30:00', '11:30:00', 4000, 60, 8, 'PLYTHR_C4A1D8CE786E41F85CDA', NULL, '9035234150', 'Hemanth', 2, 1, 1),
(213, '2017-02-02 15:03:36', '2017-02-02 15:03:36', 2, NULL, 31, 1, '2017-03-22', '07:30:00', '08:30:00', 4000, 60, 8, 'PLYTHR_690E635C22AEA1AF943D', NULL, '9035234150', 'Hemanth', 2, 1, 1),
(214, '2017-02-02 15:03:36', '2017-02-02 15:03:36', 2, NULL, 31, 1, '2017-03-22', '08:30:00', '09:30:00', 4000, 60, 8, 'PLYTHR_690E635C22AEA1AF943D', NULL, '9035234150', 'Hemanth', 2, 1, 1),
(215, '2017-02-02 15:03:36', '2017-02-02 15:03:36', 2, NULL, 31, 1, '2017-03-22', '09:30:00', '10:30:00', 4000, 60, 8, 'PLYTHR_690E635C22AEA1AF943D', NULL, '9035234150', 'Hemanth', 2, 1, 1),
(216, '2017-02-02 15:03:36', '2017-02-02 15:03:36', 2, NULL, 31, 1, '2017-03-22', '10:30:00', '11:30:00', 4000, 60, 8, 'PLYTHR_690E635C22AEA1AF943D', NULL, '9035234150', 'Hemanth', 2, 1, 1),
(217, '2017-02-02 15:03:36', '2017-02-02 15:03:36', 2, NULL, 31, 1, '2017-03-29', '07:30:00', '08:30:00', 4000, 60, 8, 'PLYTHR_B1362F9124C642724E69', NULL, '9035234150', 'Hemanth', 2, 1, 1),
(218, '2017-02-02 15:03:36', '2017-02-02 15:03:36', 2, NULL, 31, 1, '2017-03-29', '08:30:00', '09:30:00', 4000, 60, 8, 'PLYTHR_B1362F9124C642724E69', NULL, '9035234150', 'Hemanth', 2, 1, 1),
(219, '2017-02-02 15:03:36', '2017-02-02 15:03:36', 2, NULL, 31, 1, '2017-03-29', '09:30:00', '10:30:00', 4000, 60, 8, 'PLYTHR_B1362F9124C642724E69', NULL, '9035234150', 'Hemanth', 2, 1, 1),
(220, '2017-02-02 15:03:36', '2017-02-02 15:03:36', 2, NULL, 31, 1, '2017-03-29', '10:30:00', '11:30:00', 4000, 60, 8, 'PLYTHR_B1362F9124C642724E69', NULL, '9035234150', 'Hemanth', 2, 1, 1),
(221, '2017-02-02 15:03:36', '2017-02-02 15:03:36', 2, NULL, 31, 1, '2017-04-05', '07:30:00', '08:30:00', 4000, 60, 8, 'PLYTHR_F45B6C229370D02643E6', NULL, '9035234150', 'Hemanth', 2, 1, 1),
(222, '2017-02-02 15:03:36', '2017-02-02 15:03:36', 2, NULL, 31, 1, '2017-04-05', '08:30:00', '09:30:00', 4000, 60, 8, 'PLYTHR_F45B6C229370D02643E6', NULL, '9035234150', 'Hemanth', 2, 1, 1),
(223, '2017-02-02 15:03:36', '2017-02-02 15:03:36', 2, NULL, 31, 1, '2017-04-05', '09:30:00', '10:30:00', 4000, 60, 8, 'PLYTHR_F45B6C229370D02643E6', NULL, '9035234150', 'Hemanth', 2, 1, 1),
(224, '2017-02-02 15:03:36', '2017-02-02 15:03:36', 2, NULL, 31, 1, '2017-04-05', '10:30:00', '11:30:00', 4000, 60, 8, 'PLYTHR_F45B6C229370D02643E6', NULL, '9035234150', 'Hemanth', 2, 1, 1),
(225, '2017-02-02 15:03:36', '2017-02-02 15:03:36', 2, NULL, 31, 1, '2017-04-12', '07:30:00', '08:30:00', 4000, 60, 8, 'PLYTHR_91B512F9EF015C0DC818', NULL, '9035234150', 'Hemanth', 2, 1, 1),
(226, '2017-02-02 15:03:36', '2017-02-02 15:03:36', 2, NULL, 31, 1, '2017-04-12', '08:30:00', '09:30:00', 4000, 60, 8, 'PLYTHR_91B512F9EF015C0DC818', NULL, '9035234150', 'Hemanth', 2, 1, 1),
(227, '2017-02-02 15:03:36', '2017-02-02 15:03:36', 2, NULL, 31, 1, '2017-04-12', '09:30:00', '10:30:00', 4000, 60, 8, 'PLYTHR_91B512F9EF015C0DC818', NULL, '9035234150', 'Hemanth', 2, 1, 1),
(228, '2017-02-02 15:03:36', '2017-02-02 15:03:36', 2, NULL, 31, 1, '2017-04-12', '10:30:00', '11:30:00', 4000, 60, 8, 'PLYTHR_91B512F9EF015C0DC818', NULL, '9035234150', 'Hemanth', 2, 1, 1),
(229, '2017-02-02 15:03:36', '2017-02-02 15:03:36', 2, NULL, 31, 1, '2017-02-09', '07:30:00', '08:30:00', 4000, 60, 8, 'PLYTHR_793B3EEBDE1B2C277D39', NULL, '9035234150', 'Hemanth', 2, 1, 1),
(230, '2017-02-02 15:03:36', '2017-02-02 15:03:36', 2, NULL, 31, 1, '2017-02-09', '08:30:00', '09:30:00', 4000, 60, 8, 'PLYTHR_793B3EEBDE1B2C277D39', NULL, '9035234150', 'Hemanth', 2, 1, 1),
(231, '2017-02-02 15:03:36', '2017-02-02 15:03:36', 2, NULL, 31, 1, '2017-02-09', '09:30:00', '10:30:00', 4000, 60, 8, 'PLYTHR_793B3EEBDE1B2C277D39', NULL, '9035234150', 'Hemanth', 2, 1, 1),
(232, '2017-02-02 15:03:36', '2017-02-02 15:03:36', 2, NULL, 31, 1, '2017-02-09', '10:30:00', '11:30:00', 4000, 60, 8, 'PLYTHR_793B3EEBDE1B2C277D39', NULL, '9035234150', 'Hemanth', 2, 1, 1),
(233, '2017-02-02 15:03:36', '2017-02-02 15:03:36', 2, NULL, 31, 1, '2017-02-16', '07:30:00', '08:30:00', 4000, 60, 8, 'PLYTHR_329AAE98F30A3523BFA4', NULL, '9035234150', 'Hemanth', 2, 1, 1),
(234, '2017-02-02 15:03:36', '2017-02-02 15:03:36', 2, NULL, 31, 1, '2017-02-16', '08:30:00', '09:30:00', 4000, 60, 8, 'PLYTHR_329AAE98F30A3523BFA4', NULL, '9035234150', 'Hemanth', 2, 1, 1),
(235, '2017-02-02 15:03:36', '2017-02-02 15:03:36', 2, NULL, 31, 1, '2017-02-16', '09:30:00', '10:30:00', 4000, 60, 8, 'PLYTHR_329AAE98F30A3523BFA4', NULL, '9035234150', 'Hemanth', 2, 1, 1),
(236, '2017-02-02 15:03:36', '2017-02-02 15:03:36', 2, NULL, 31, 1, '2017-02-16', '10:30:00', '11:30:00', 4000, 60, 8, 'PLYTHR_329AAE98F30A3523BFA4', NULL, '9035234150', 'Hemanth', 2, 1, 1),
(237, '2017-02-02 15:03:36', '2017-02-02 15:03:36', 2, NULL, 31, 1, '2017-02-23', '07:30:00', '08:30:00', 4000, 60, 8, 'PLYTHR_FA87BE4072CE6FB5FAA9', NULL, '9035234150', 'Hemanth', 2, 1, 1),
(238, '2017-02-02 15:03:36', '2017-02-02 15:03:36', 2, NULL, 31, 1, '2017-02-23', '08:30:00', '09:30:00', 4000, 60, 8, 'PLYTHR_FA87BE4072CE6FB5FAA9', NULL, '9035234150', 'Hemanth', 2, 1, 1),
(239, '2017-02-02 15:03:36', '2017-02-02 15:03:36', 2, NULL, 31, 1, '2017-02-23', '09:30:00', '10:30:00', 4000, 60, 8, 'PLYTHR_FA87BE4072CE6FB5FAA9', NULL, '9035234150', 'Hemanth', 2, 1, 1),
(240, '2017-02-02 15:03:36', '2017-02-02 15:03:36', 2, NULL, 31, 1, '2017-02-23', '10:30:00', '11:30:00', 4000, 60, 8, 'PLYTHR_FA87BE4072CE6FB5FAA9', NULL, '9035234150', 'Hemanth', 2, 1, 1),
(241, '2017-02-02 15:03:36', '2017-02-02 15:03:36', 2, NULL, 31, 1, '2017-03-02', '07:30:00', '08:30:00', 4000, 60, 8, 'PLYTHR_5D62816FAF40BB263C06', NULL, '9035234150', 'Hemanth', 2, 1, 1),
(242, '2017-02-02 15:03:36', '2017-02-02 15:03:36', 2, NULL, 31, 1, '2017-03-02', '08:30:00', '09:30:00', 4000, 60, 8, 'PLYTHR_5D62816FAF40BB263C06', NULL, '9035234150', 'Hemanth', 2, 1, 1),
(243, '2017-02-02 15:03:36', '2017-02-02 15:03:36', 2, NULL, 31, 1, '2017-03-02', '09:30:00', '10:30:00', 4000, 60, 8, 'PLYTHR_5D62816FAF40BB263C06', NULL, '9035234150', 'Hemanth', 2, 1, 1),
(244, '2017-02-02 15:03:36', '2017-02-02 15:03:36', 2, NULL, 31, 1, '2017-03-02', '10:30:00', '11:30:00', 4000, 60, 8, 'PLYTHR_5D62816FAF40BB263C06', NULL, '9035234150', 'Hemanth', 2, 1, 1),
(245, '2017-02-02 15:03:36', '2017-02-02 15:03:36', 2, NULL, 31, 1, '2017-03-09', '07:30:00', '08:30:00', 4000, 60, 8, 'PLYTHR_BCFA95C69563BAB377A2', NULL, '9035234150', 'Hemanth', 2, 1, 1),
(246, '2017-02-02 15:03:36', '2017-02-02 15:03:36', 2, NULL, 31, 1, '2017-03-09', '08:30:00', '09:30:00', 4000, 60, 8, 'PLYTHR_BCFA95C69563BAB377A2', NULL, '9035234150', 'Hemanth', 2, 1, 1),
(247, '2017-02-02 15:03:36', '2017-02-02 15:03:36', 2, NULL, 31, 1, '2017-03-09', '09:30:00', '10:30:00', 4000, 60, 8, 'PLYTHR_BCFA95C69563BAB377A2', NULL, '9035234150', 'Hemanth', 2, 1, 1),
(248, '2017-02-02 15:03:36', '2017-02-02 15:03:36', 2, NULL, 31, 1, '2017-03-09', '10:30:00', '11:30:00', 4000, 60, 8, 'PLYTHR_BCFA95C69563BAB377A2', NULL, '9035234150', 'Hemanth', 2, 1, 1),
(249, '2017-02-02 15:03:36', '2017-02-02 15:03:36', 2, NULL, 31, 1, '2017-03-16', '07:30:00', '08:30:00', 4000, 60, 8, 'PLYTHR_F1AECC1CBB2EF590283E', NULL, '9035234150', 'Hemanth', 2, 1, 1),
(250, '2017-02-02 15:03:36', '2017-02-02 15:03:36', 2, NULL, 31, 1, '2017-03-16', '08:30:00', '09:30:00', 4000, 60, 8, 'PLYTHR_F1AECC1CBB2EF590283E', NULL, '9035234150', 'Hemanth', 2, 1, 1),
(251, '2017-02-02 15:03:36', '2017-02-02 15:03:36', 2, NULL, 31, 1, '2017-03-16', '09:30:00', '10:30:00', 4000, 60, 8, 'PLYTHR_F1AECC1CBB2EF590283E', NULL, '9035234150', 'Hemanth', 2, 1, 1),
(252, '2017-02-02 15:03:36', '2017-02-02 15:03:36', 2, NULL, 31, 1, '2017-03-16', '10:30:00', '11:30:00', 4000, 60, 8, 'PLYTHR_F1AECC1CBB2EF590283E', NULL, '9035234150', 'Hemanth', 2, 1, 1),
(253, '2017-02-02 15:03:36', '2017-02-02 15:03:36', 2, NULL, 31, 1, '2017-03-23', '07:30:00', '08:30:00', 4000, 60, 8, 'PLYTHR_1928C44648067290073D', NULL, '9035234150', 'Hemanth', 2, 1, 1),
(254, '2017-02-02 15:03:36', '2017-02-02 15:03:36', 2, NULL, 31, 1, '2017-03-23', '08:30:00', '09:30:00', 4000, 60, 8, 'PLYTHR_1928C44648067290073D', NULL, '9035234150', 'Hemanth', 2, 1, 1),
(255, '2017-02-02 15:03:36', '2017-02-02 15:03:36', 2, NULL, 31, 1, '2017-03-23', '09:30:00', '10:30:00', 4000, 60, 8, 'PLYTHR_1928C44648067290073D', NULL, '9035234150', 'Hemanth', 2, 1, 1),
(256, '2017-02-02 15:03:36', '2017-02-02 15:03:36', 2, NULL, 31, 1, '2017-03-23', '10:30:00', '11:30:00', 4000, 60, 8, 'PLYTHR_1928C44648067290073D', NULL, '9035234150', 'Hemanth', 2, 1, 1),
(257, '2017-02-02 15:03:36', '2017-02-02 15:03:36', 2, NULL, 31, 1, '2017-03-30', '07:30:00', '08:30:00', 4000, 60, 8, 'PLYTHR_6E03FE54D7F5F29809AA', NULL, '9035234150', 'Hemanth', 2, 1, 1),
(258, '2017-02-02 15:03:36', '2017-02-02 15:03:36', 2, NULL, 31, 1, '2017-03-30', '08:30:00', '09:30:00', 4000, 60, 8, 'PLYTHR_6E03FE54D7F5F29809AA', NULL, '9035234150', 'Hemanth', 2, 1, 1),
(259, '2017-02-02 15:03:36', '2017-02-02 15:03:36', 2, NULL, 31, 1, '2017-03-30', '09:30:00', '10:30:00', 4000, 60, 8, 'PLYTHR_6E03FE54D7F5F29809AA', NULL, '9035234150', 'Hemanth', 2, 1, 1),
(260, '2017-02-02 15:03:36', '2017-02-02 15:03:36', 2, NULL, 31, 1, '2017-03-30', '10:30:00', '11:30:00', 4000, 60, 8, 'PLYTHR_6E03FE54D7F5F29809AA', NULL, '9035234150', 'Hemanth', 2, 1, 1),
(261, '2017-02-02 15:03:36', '2017-02-02 15:03:36', 2, NULL, 31, 1, '2017-04-06', '07:30:00', '08:30:00', 4000, 60, 8, 'PLYTHR_6537DE81473D7A4667F3', NULL, '9035234150', 'Hemanth', 2, 1, 1),
(262, '2017-02-02 15:03:36', '2017-02-02 15:03:36', 2, NULL, 31, 1, '2017-04-06', '08:30:00', '09:30:00', 4000, 60, 8, 'PLYTHR_6537DE81473D7A4667F3', NULL, '9035234150', 'Hemanth', 2, 1, 1),
(263, '2017-02-02 15:03:36', '2017-02-02 15:03:36', 2, NULL, 31, 1, '2017-04-06', '09:30:00', '10:30:00', 4000, 60, 8, 'PLYTHR_6537DE81473D7A4667F3', NULL, '9035234150', 'Hemanth', 2, 1, 1),
(264, '2017-02-02 15:03:36', '2017-02-02 15:03:36', 2, NULL, 31, 1, '2017-04-06', '10:30:00', '11:30:00', 4000, 60, 8, 'PLYTHR_6537DE81473D7A4667F3', NULL, '9035234150', 'Hemanth', 2, 1, 1);
INSERT INTO `bookings` (`id`, `created_at`, `updated_at`, `user_id`, `game_id`, `slot_id`, `payment_status`, `date`, `start_time`, `end_time`, `slot_price`, `slot_duration`, `no_players`, `transaction_identifier`, `time_release`, `mobile`, `player_name`, `vendor_id`, `is_repeated`, `status`) VALUES
(265, '2017-02-02 15:03:36', '2017-02-02 15:03:36', 2, NULL, 31, 1, '2017-04-13', '07:30:00', '08:30:00', 4000, 60, 8, 'PLYTHR_11401C6E307B225C87B6', NULL, '9035234150', 'Hemanth', 2, 1, 1),
(266, '2017-02-02 15:03:36', '2017-02-02 15:03:36', 2, NULL, 31, 1, '2017-04-13', '08:30:00', '09:30:00', 4000, 60, 8, 'PLYTHR_11401C6E307B225C87B6', NULL, '9035234150', 'Hemanth', 2, 1, 1),
(267, '2017-02-02 15:03:36', '2017-02-02 15:03:36', 2, NULL, 31, 1, '2017-04-13', '09:30:00', '10:30:00', 4000, 60, 8, 'PLYTHR_11401C6E307B225C87B6', NULL, '9035234150', 'Hemanth', 2, 1, 1),
(268, '2017-02-02 15:03:36', '2017-02-02 15:03:36', 2, NULL, 31, 1, '2017-04-13', '10:30:00', '11:30:00', 4000, 60, 8, 'PLYTHR_11401C6E307B225C87B6', NULL, '9035234150', 'Hemanth', 2, 1, 1),
(269, '2017-02-02 15:03:36', '2017-02-02 15:03:36', 2, NULL, 31, 1, '2017-02-03', '07:30:00', '08:30:00', 4000, 60, 8, 'PLYTHR_D38FA73BBB92DF44CB3A', NULL, '9035234150', 'Hemanth', 2, 1, 1),
(270, '2017-02-02 15:03:36', '2017-02-02 15:03:36', 2, NULL, 31, 1, '2017-02-03', '08:30:00', '09:30:00', 4000, 60, 8, 'PLYTHR_D38FA73BBB92DF44CB3A', NULL, '9035234150', 'Hemanth', 2, 1, 1),
(271, '2017-02-02 15:03:36', '2017-02-02 15:03:36', 2, NULL, 31, 1, '2017-02-03', '09:30:00', '10:30:00', 4000, 60, 8, 'PLYTHR_D38FA73BBB92DF44CB3A', NULL, '9035234150', 'Hemanth', 2, 1, 1),
(272, '2017-02-02 15:03:36', '2017-02-02 15:03:36', 2, NULL, 31, 1, '2017-02-03', '10:30:00', '11:30:00', 4000, 60, 8, 'PLYTHR_D38FA73BBB92DF44CB3A', NULL, '9035234150', 'Hemanth', 2, 1, 1),
(273, '2017-02-02 15:03:36', '2017-02-02 15:03:36', 2, NULL, 31, 1, '2017-02-10', '07:30:00', '08:30:00', 4000, 60, 8, 'PLYTHR_12FDBFB6924EBC647E5C', NULL, '9035234150', 'Hemanth', 2, 1, 1),
(274, '2017-02-02 15:03:36', '2017-02-02 15:03:36', 2, NULL, 31, 1, '2017-02-10', '08:30:00', '09:30:00', 4000, 60, 8, 'PLYTHR_12FDBFB6924EBC647E5C', NULL, '9035234150', 'Hemanth', 2, 1, 1),
(275, '2017-02-02 15:03:36', '2017-02-02 15:03:36', 2, NULL, 31, 1, '2017-02-10', '09:30:00', '10:30:00', 4000, 60, 8, 'PLYTHR_12FDBFB6924EBC647E5C', NULL, '9035234150', 'Hemanth', 2, 1, 1),
(276, '2017-02-02 15:03:36', '2017-02-02 15:03:36', 2, NULL, 31, 1, '2017-02-10', '10:30:00', '11:30:00', 4000, 60, 8, 'PLYTHR_12FDBFB6924EBC647E5C', NULL, '9035234150', 'Hemanth', 2, 1, 1),
(277, '2017-02-02 15:03:36', '2017-02-02 15:03:36', 2, NULL, 31, 1, '2017-02-17', '07:30:00', '08:30:00', 4000, 60, 8, 'PLYTHR_62AD3AA3491AB50B01CA', NULL, '9035234150', 'Hemanth', 2, 1, 1),
(278, '2017-02-02 15:03:36', '2017-02-02 15:03:36', 2, NULL, 31, 1, '2017-02-17', '08:30:00', '09:30:00', 4000, 60, 8, 'PLYTHR_62AD3AA3491AB50B01CA', NULL, '9035234150', 'Hemanth', 2, 1, 1),
(279, '2017-02-02 15:03:36', '2017-02-02 15:03:36', 2, NULL, 31, 1, '2017-02-17', '09:30:00', '10:30:00', 4000, 60, 8, 'PLYTHR_62AD3AA3491AB50B01CA', NULL, '9035234150', 'Hemanth', 2, 1, 1),
(280, '2017-02-02 15:03:36', '2017-02-02 15:03:36', 2, NULL, 31, 1, '2017-02-17', '10:30:00', '11:30:00', 4000, 60, 8, 'PLYTHR_62AD3AA3491AB50B01CA', NULL, '9035234150', 'Hemanth', 2, 1, 1),
(281, '2017-02-02 15:03:36', '2017-02-02 15:03:36', 2, NULL, 31, 1, '2017-02-24', '07:30:00', '08:30:00', 4000, 60, 8, 'PLYTHR_8E4370CF4F0DDE3E73B8', NULL, '9035234150', 'Hemanth', 2, 1, 1),
(282, '2017-02-02 15:03:36', '2017-02-02 15:03:36', 2, NULL, 31, 1, '2017-02-24', '08:30:00', '09:30:00', 4000, 60, 8, 'PLYTHR_8E4370CF4F0DDE3E73B8', NULL, '9035234150', 'Hemanth', 2, 1, 1),
(283, '2017-02-02 15:03:36', '2017-02-02 15:03:36', 2, NULL, 31, 1, '2017-02-24', '09:30:00', '10:30:00', 4000, 60, 8, 'PLYTHR_8E4370CF4F0DDE3E73B8', NULL, '9035234150', 'Hemanth', 2, 1, 1),
(284, '2017-02-02 15:03:36', '2017-02-02 15:03:36', 2, NULL, 31, 1, '2017-02-24', '10:30:00', '11:30:00', 4000, 60, 8, 'PLYTHR_8E4370CF4F0DDE3E73B8', NULL, '9035234150', 'Hemanth', 2, 1, 1),
(285, '2017-02-02 15:03:36', '2017-02-02 15:03:36', 2, NULL, 31, 1, '2017-03-03', '07:30:00', '08:30:00', 4000, 60, 8, 'PLYTHR_8ACA96835F1F24CCB192', NULL, '9035234150', 'Hemanth', 2, 1, 1),
(286, '2017-02-02 15:03:36', '2017-02-02 15:03:36', 2, NULL, 31, 1, '2017-03-03', '08:30:00', '09:30:00', 4000, 60, 8, 'PLYTHR_8ACA96835F1F24CCB192', NULL, '9035234150', 'Hemanth', 2, 1, 1),
(287, '2017-02-02 15:03:36', '2017-02-02 15:03:36', 2, NULL, 31, 1, '2017-03-03', '09:30:00', '10:30:00', 4000, 60, 8, 'PLYTHR_8ACA96835F1F24CCB192', NULL, '9035234150', 'Hemanth', 2, 1, 1),
(288, '2017-02-02 15:03:36', '2017-02-02 15:03:36', 2, NULL, 31, 1, '2017-03-03', '10:30:00', '11:30:00', 4000, 60, 8, 'PLYTHR_8ACA96835F1F24CCB192', NULL, '9035234150', 'Hemanth', 2, 1, 1),
(289, '2017-02-02 15:03:36', '2017-02-02 15:03:36', 2, NULL, 31, 1, '2017-03-10', '07:30:00', '08:30:00', 4000, 60, 8, 'PLYTHR_1F8996F3E21229DA6652', NULL, '9035234150', 'Hemanth', 2, 1, 1),
(290, '2017-02-02 15:03:36', '2017-02-02 15:03:36', 2, NULL, 31, 1, '2017-03-10', '08:30:00', '09:30:00', 4000, 60, 8, 'PLYTHR_1F8996F3E21229DA6652', NULL, '9035234150', 'Hemanth', 2, 1, 1),
(291, '2017-02-02 15:03:36', '2017-02-02 15:03:36', 2, NULL, 31, 1, '2017-03-10', '09:30:00', '10:30:00', 4000, 60, 8, 'PLYTHR_1F8996F3E21229DA6652', NULL, '9035234150', 'Hemanth', 2, 1, 1),
(292, '2017-02-02 15:03:36', '2017-02-02 15:03:36', 2, NULL, 31, 1, '2017-03-10', '10:30:00', '11:30:00', 4000, 60, 8, 'PLYTHR_1F8996F3E21229DA6652', NULL, '9035234150', 'Hemanth', 2, 1, 1),
(293, '2017-02-02 15:03:36', '2017-02-02 15:03:36', 2, NULL, 31, 1, '2017-03-17', '07:30:00', '08:30:00', 4000, 60, 8, 'PLYTHR_89E285FC081C1688FAE4', NULL, '9035234150', 'Hemanth', 2, 1, 1),
(294, '2017-02-02 15:03:36', '2017-02-02 15:03:36', 2, NULL, 31, 1, '2017-03-17', '08:30:00', '09:30:00', 4000, 60, 8, 'PLYTHR_89E285FC081C1688FAE4', NULL, '9035234150', 'Hemanth', 2, 1, 1),
(295, '2017-02-02 15:03:36', '2017-02-02 15:03:36', 2, NULL, 31, 1, '2017-03-17', '09:30:00', '10:30:00', 4000, 60, 8, 'PLYTHR_89E285FC081C1688FAE4', NULL, '9035234150', 'Hemanth', 2, 1, 1),
(296, '2017-02-02 15:03:36', '2017-02-02 15:03:36', 2, NULL, 31, 1, '2017-03-17', '10:30:00', '11:30:00', 4000, 60, 8, 'PLYTHR_89E285FC081C1688FAE4', NULL, '9035234150', 'Hemanth', 2, 1, 1),
(297, '2017-02-02 15:03:36', '2017-02-02 15:03:36', 2, NULL, 31, 1, '2017-03-24', '07:30:00', '08:30:00', 4000, 60, 8, 'PLYTHR_1184F83FBFFC171ADFC9', NULL, '9035234150', 'Hemanth', 2, 1, 1),
(298, '2017-02-02 15:03:36', '2017-02-02 15:03:36', 2, NULL, 31, 1, '2017-03-24', '08:30:00', '09:30:00', 4000, 60, 8, 'PLYTHR_1184F83FBFFC171ADFC9', NULL, '9035234150', 'Hemanth', 2, 1, 1),
(299, '2017-02-02 15:03:36', '2017-02-02 15:03:36', 2, NULL, 31, 1, '2017-03-24', '09:30:00', '10:30:00', 4000, 60, 8, 'PLYTHR_1184F83FBFFC171ADFC9', NULL, '9035234150', 'Hemanth', 2, 1, 1),
(300, '2017-02-02 15:03:36', '2017-02-02 15:03:36', 2, NULL, 31, 1, '2017-03-24', '10:30:00', '11:30:00', 4000, 60, 8, 'PLYTHR_1184F83FBFFC171ADFC9', NULL, '9035234150', 'Hemanth', 2, 1, 1),
(301, '2017-02-02 15:03:36', '2017-02-02 15:03:36', 2, NULL, 31, 1, '2017-03-31', '07:30:00', '08:30:00', 4000, 60, 8, 'PLYTHR_7B1C6434165AD4773D68', NULL, '9035234150', 'Hemanth', 2, 1, 1),
(302, '2017-02-02 15:03:36', '2017-02-02 15:03:36', 2, NULL, 31, 1, '2017-03-31', '08:30:00', '09:30:00', 4000, 60, 8, 'PLYTHR_7B1C6434165AD4773D68', NULL, '9035234150', 'Hemanth', 2, 1, 1),
(303, '2017-02-02 15:03:36', '2017-02-02 15:03:36', 2, NULL, 31, 1, '2017-03-31', '09:30:00', '10:30:00', 4000, 60, 8, 'PLYTHR_7B1C6434165AD4773D68', NULL, '9035234150', 'Hemanth', 2, 1, 1),
(304, '2017-02-02 15:03:36', '2017-02-02 15:03:36', 2, NULL, 31, 1, '2017-03-31', '10:30:00', '11:30:00', 4000, 60, 8, 'PLYTHR_7B1C6434165AD4773D68', NULL, '9035234150', 'Hemanth', 2, 1, 1),
(305, '2017-02-02 15:03:36', '2017-02-02 15:03:36', 2, NULL, 31, 1, '2017-04-07', '07:30:00', '08:30:00', 4000, 60, 8, 'PLYTHR_7A1E393C1B7470A00C69', NULL, '9035234150', 'Hemanth', 2, 1, 1),
(306, '2017-02-02 15:03:36', '2017-02-02 15:03:36', 2, NULL, 31, 1, '2017-04-07', '08:30:00', '09:30:00', 4000, 60, 8, 'PLYTHR_7A1E393C1B7470A00C69', NULL, '9035234150', 'Hemanth', 2, 1, 1),
(307, '2017-02-02 15:03:36', '2017-02-02 15:03:36', 2, NULL, 31, 1, '2017-04-07', '09:30:00', '10:30:00', 4000, 60, 8, 'PLYTHR_7A1E393C1B7470A00C69', NULL, '9035234150', 'Hemanth', 2, 1, 1),
(308, '2017-02-02 15:03:36', '2017-02-02 15:03:36', 2, NULL, 31, 1, '2017-04-07', '10:30:00', '11:30:00', 4000, 60, 8, 'PLYTHR_7A1E393C1B7470A00C69', NULL, '9035234150', 'Hemanth', 2, 1, 1),
(309, '2017-02-02 15:03:36', '2017-02-02 15:03:36', 2, NULL, 31, 1, '2017-02-04', '07:30:00', '08:30:00', 4000, 60, 8, 'PLYTHR_7D16371598596C30C290', NULL, '9035234150', 'Hemanth', 2, 1, 1),
(310, '2017-02-02 15:03:36', '2017-02-02 15:03:36', 2, NULL, 31, 1, '2017-02-04', '08:30:00', '09:30:00', 4000, 60, 8, 'PLYTHR_7D16371598596C30C290', NULL, '9035234150', 'Hemanth', 2, 1, 1),
(311, '2017-02-02 15:03:36', '2017-02-02 15:03:36', 2, NULL, 31, 1, '2017-02-04', '09:30:00', '10:30:00', 4000, 60, 8, 'PLYTHR_7D16371598596C30C290', NULL, '9035234150', 'Hemanth', 2, 1, 1),
(312, '2017-02-02 15:03:36', '2017-02-02 15:03:36', 2, NULL, 31, 1, '2017-02-04', '10:30:00', '11:30:00', 4000, 60, 8, 'PLYTHR_7D16371598596C30C290', NULL, '9035234150', 'Hemanth', 2, 1, 1),
(313, '2017-02-02 15:03:36', '2017-02-02 15:03:36', 2, NULL, 31, 1, '2017-02-11', '07:30:00', '08:30:00', 4000, 60, 8, 'PLYTHR_2CB22E87590B11ED84DE', NULL, '9035234150', 'Hemanth', 2, 1, 1),
(314, '2017-02-02 15:03:36', '2017-02-02 15:03:36', 2, NULL, 31, 1, '2017-02-11', '08:30:00', '09:30:00', 4000, 60, 8, 'PLYTHR_2CB22E87590B11ED84DE', NULL, '9035234150', 'Hemanth', 2, 1, 1),
(315, '2017-02-02 15:03:36', '2017-02-02 15:03:36', 2, NULL, 31, 1, '2017-02-11', '09:30:00', '10:30:00', 4000, 60, 8, 'PLYTHR_2CB22E87590B11ED84DE', NULL, '9035234150', 'Hemanth', 2, 1, 1),
(316, '2017-02-02 15:03:36', '2017-02-02 15:03:36', 2, NULL, 31, 1, '2017-02-11', '10:30:00', '11:30:00', 4000, 60, 8, 'PLYTHR_2CB22E87590B11ED84DE', NULL, '9035234150', 'Hemanth', 2, 1, 1),
(317, '2017-02-02 15:03:36', '2017-02-02 15:03:36', 2, NULL, 31, 1, '2017-02-18', '07:30:00', '08:30:00', 4000, 60, 8, 'PLYTHR_BC774AF15B406C3D1FEF', NULL, '9035234150', 'Hemanth', 2, 1, 1),
(318, '2017-02-02 15:03:36', '2017-02-02 15:03:36', 2, NULL, 31, 1, '2017-02-18', '08:30:00', '09:30:00', 4000, 60, 8, 'PLYTHR_BC774AF15B406C3D1FEF', NULL, '9035234150', 'Hemanth', 2, 1, 1),
(319, '2017-02-02 15:03:36', '2017-02-02 15:03:36', 2, NULL, 31, 1, '2017-02-18', '09:30:00', '10:30:00', 4000, 60, 8, 'PLYTHR_BC774AF15B406C3D1FEF', NULL, '9035234150', 'Hemanth', 2, 1, 1),
(320, '2017-02-02 15:03:36', '2017-02-02 15:03:36', 2, NULL, 31, 1, '2017-02-18', '10:30:00', '11:30:00', 4000, 60, 8, 'PLYTHR_BC774AF15B406C3D1FEF', NULL, '9035234150', 'Hemanth', 2, 1, 1),
(321, '2017-02-02 15:03:36', '2017-02-02 15:03:36', 2, NULL, 31, 1, '2017-02-25', '07:30:00', '08:30:00', 4000, 60, 8, 'PLYTHR_A7B4A3E96CCED10AE31D', NULL, '9035234150', 'Hemanth', 2, 1, 1),
(322, '2017-02-02 15:03:36', '2017-02-02 15:03:36', 2, NULL, 31, 1, '2017-02-25', '08:30:00', '09:30:00', 4000, 60, 8, 'PLYTHR_A7B4A3E96CCED10AE31D', NULL, '9035234150', 'Hemanth', 2, 1, 1),
(323, '2017-02-02 15:03:36', '2017-02-02 15:03:36', 2, NULL, 31, 1, '2017-02-25', '09:30:00', '10:30:00', 4000, 60, 8, 'PLYTHR_A7B4A3E96CCED10AE31D', NULL, '9035234150', 'Hemanth', 2, 1, 1),
(324, '2017-02-02 15:03:36', '2017-02-02 15:03:36', 2, NULL, 31, 1, '2017-02-25', '10:30:00', '11:30:00', 4000, 60, 8, 'PLYTHR_A7B4A3E96CCED10AE31D', NULL, '9035234150', 'Hemanth', 2, 1, 1),
(325, '2017-02-02 15:03:36', '2017-02-02 15:03:36', 2, NULL, 31, 1, '2017-03-04', '07:30:00', '08:30:00', 4000, 60, 8, 'PLYTHR_7354322AC92CF70D4CC6', NULL, '9035234150', 'Hemanth', 2, 1, 1),
(326, '2017-02-02 15:03:36', '2017-02-02 15:03:36', 2, NULL, 31, 1, '2017-03-04', '08:30:00', '09:30:00', 4000, 60, 8, 'PLYTHR_7354322AC92CF70D4CC6', NULL, '9035234150', 'Hemanth', 2, 1, 1),
(327, '2017-02-02 15:03:36', '2017-02-02 15:03:36', 2, NULL, 31, 1, '2017-03-04', '09:30:00', '10:30:00', 4000, 60, 8, 'PLYTHR_7354322AC92CF70D4CC6', NULL, '9035234150', 'Hemanth', 2, 1, 1),
(328, '2017-02-02 15:03:36', '2017-02-02 15:03:36', 2, NULL, 31, 1, '2017-03-04', '10:30:00', '11:30:00', 4000, 60, 8, 'PLYTHR_7354322AC92CF70D4CC6', NULL, '9035234150', 'Hemanth', 2, 1, 1),
(329, '2017-02-02 15:03:36', '2017-02-02 15:03:36', 2, NULL, 31, 1, '2017-03-11', '07:30:00', '08:30:00', 4000, 60, 8, 'PLYTHR_B43B33FA43023D1E1E6F', NULL, '9035234150', 'Hemanth', 2, 1, 1),
(330, '2017-02-02 15:03:36', '2017-02-02 15:03:36', 2, NULL, 31, 1, '2017-03-11', '08:30:00', '09:30:00', 4000, 60, 8, 'PLYTHR_B43B33FA43023D1E1E6F', NULL, '9035234150', 'Hemanth', 2, 1, 1),
(331, '2017-02-02 15:03:36', '2017-02-02 15:03:36', 2, NULL, 31, 1, '2017-03-11', '09:30:00', '10:30:00', 4000, 60, 8, 'PLYTHR_B43B33FA43023D1E1E6F', NULL, '9035234150', 'Hemanth', 2, 1, 1),
(332, '2017-02-02 15:03:36', '2017-02-02 15:03:36', 2, NULL, 31, 1, '2017-03-11', '10:30:00', '11:30:00', 4000, 60, 8, 'PLYTHR_B43B33FA43023D1E1E6F', NULL, '9035234150', 'Hemanth', 2, 1, 1),
(333, '2017-02-02 15:03:36', '2017-02-02 15:03:36', 2, NULL, 31, 1, '2017-03-18', '07:30:00', '08:30:00', 4000, 60, 8, 'PLYTHR_50B3C42A4047C8F96EBE', NULL, '9035234150', 'Hemanth', 2, 1, 1),
(334, '2017-02-02 15:03:36', '2017-02-02 15:03:36', 2, NULL, 31, 1, '2017-03-18', '08:30:00', '09:30:00', 4000, 60, 8, 'PLYTHR_50B3C42A4047C8F96EBE', NULL, '9035234150', 'Hemanth', 2, 1, 1),
(335, '2017-02-02 15:03:36', '2017-02-02 15:03:36', 2, NULL, 31, 1, '2017-03-18', '09:30:00', '10:30:00', 4000, 60, 8, 'PLYTHR_50B3C42A4047C8F96EBE', NULL, '9035234150', 'Hemanth', 2, 1, 1),
(336, '2017-02-02 15:03:36', '2017-02-02 15:03:36', 2, NULL, 31, 1, '2017-03-18', '10:30:00', '11:30:00', 4000, 60, 8, 'PLYTHR_50B3C42A4047C8F96EBE', NULL, '9035234150', 'Hemanth', 2, 1, 1),
(337, '2017-02-02 15:03:36', '2017-02-02 15:03:36', 2, NULL, 31, 1, '2017-03-25', '07:30:00', '08:30:00', 4000, 60, 8, 'PLYTHR_DBD9CAF94585A4F0A6BE', NULL, '9035234150', 'Hemanth', 2, 1, 1),
(338, '2017-02-02 15:03:36', '2017-02-02 15:03:36', 2, NULL, 31, 1, '2017-03-25', '08:30:00', '09:30:00', 4000, 60, 8, 'PLYTHR_DBD9CAF94585A4F0A6BE', NULL, '9035234150', 'Hemanth', 2, 1, 1),
(339, '2017-02-02 15:03:36', '2017-02-02 15:03:36', 2, NULL, 31, 1, '2017-03-25', '09:30:00', '10:30:00', 4000, 60, 8, 'PLYTHR_DBD9CAF94585A4F0A6BE', NULL, '9035234150', 'Hemanth', 2, 1, 1),
(340, '2017-02-02 15:03:36', '2017-02-02 15:03:36', 2, NULL, 31, 1, '2017-03-25', '10:30:00', '11:30:00', 4000, 60, 8, 'PLYTHR_DBD9CAF94585A4F0A6BE', NULL, '9035234150', 'Hemanth', 2, 1, 1),
(341, '2017-02-02 15:03:36', '2017-02-02 15:03:36', 2, NULL, 31, 1, '2017-04-01', '07:30:00', '08:30:00', 4000, 60, 8, 'PLYTHR_0D787BCEF266E0160DD0', NULL, '9035234150', 'Hemanth', 2, 1, 1),
(342, '2017-02-02 15:03:36', '2017-02-02 15:03:36', 2, NULL, 31, 1, '2017-04-01', '08:30:00', '09:30:00', 4000, 60, 8, 'PLYTHR_0D787BCEF266E0160DD0', NULL, '9035234150', 'Hemanth', 2, 1, 1),
(343, '2017-02-02 15:03:36', '2017-02-02 15:03:36', 2, NULL, 31, 1, '2017-04-01', '09:30:00', '10:30:00', 4000, 60, 8, 'PLYTHR_0D787BCEF266E0160DD0', NULL, '9035234150', 'Hemanth', 2, 1, 1),
(344, '2017-02-02 15:03:36', '2017-02-02 15:03:36', 2, NULL, 31, 1, '2017-04-01', '10:30:00', '11:30:00', 4000, 60, 8, 'PLYTHR_0D787BCEF266E0160DD0', NULL, '9035234150', 'Hemanth', 2, 1, 1),
(345, '2017-02-02 15:03:36', '2017-02-02 15:03:36', 2, NULL, 31, 1, '2017-04-08', '07:30:00', '08:30:00', 4000, 60, 8, 'PLYTHR_B45D54F116943E8401BE', NULL, '9035234150', 'Hemanth', 2, 1, 1),
(346, '2017-02-02 15:03:36', '2017-02-02 15:03:36', 2, NULL, 31, 1, '2017-04-08', '08:30:00', '09:30:00', 4000, 60, 8, 'PLYTHR_B45D54F116943E8401BE', NULL, '9035234150', 'Hemanth', 2, 1, 1),
(347, '2017-02-02 15:03:36', '2017-02-02 15:03:36', 2, NULL, 31, 1, '2017-04-08', '09:30:00', '10:30:00', 4000, 60, 8, 'PLYTHR_B45D54F116943E8401BE', NULL, '9035234150', 'Hemanth', 2, 1, 1),
(348, '2017-02-02 15:03:36', '2017-02-02 15:03:36', 2, NULL, 31, 1, '2017-04-08', '10:30:00', '11:30:00', 4000, 60, 8, 'PLYTHR_B45D54F116943E8401BE', NULL, '9035234150', 'Hemanth', 2, 1, 1),
(349, '2017-02-05 09:43:38', '2017-02-05 09:44:41', 30, 88, 32, 1, '2017-02-05', '15:30:00', '16:30:00', 8000, 60, 1, 'PLYTHR_2E47098A084E7BAA13C7', NULL, '9481073845', 'Punith Bm', 2, 0, 1),
(350, '2017-02-06 13:11:34', '2017-02-06 13:11:53', 1, 89, 24, 1, '2017-02-07', '06:30:00', '07:00:00', 7000, 30, 1, 'PLYTHR_9F745CF4DC950BDBB29B', NULL, '9481073845', 'Punith BM', 2, 0, 1),
(351, '2017-02-07 09:58:59', '2017-02-07 09:59:13', 10, 90, 15, 1, '2017-02-08', '11:30:00', '12:00:00', 3500, 30, 1, 'PLYTHR_F25B00B3814D7E662D47', NULL, '8105822793', 'Vaishakha Hk', 2, 0, 1),
(352, '2017-02-07 10:09:14', '2017-02-07 10:09:29', 10, 91, 25, 1, '2017-02-08', '09:30:00', '11:00:00', 1000, 90, 26, 'PLYTHR_D154CDEE933DE1491491', NULL, '8105822793', 'Vaishakha Hk', 2, 0, 1),
(353, '2017-02-07 10:09:14', '2017-02-07 10:09:29', 10, 91, 25, 1, '2017-02-08', '12:30:00', '14:00:00', 1000, 90, 26, 'PLYTHR_D154CDEE933DE1491491', NULL, '8105822793', 'Vaishakha Hk', 2, 0, 1),
(354, '2017-02-07 10:09:14', '2017-02-07 10:09:29', 10, 91, 25, 1, '2017-02-08', '11:00:00', '12:30:00', 1000, 90, 26, 'PLYTHR_D154CDEE933DE1491491', NULL, '8105822793', 'Vaishakha Hk', 2, 0, 1),
(355, '2017-02-07 10:09:14', '2017-02-07 10:09:29', 10, 91, 25, 1, '2017-02-08', '14:00:00', '15:30:00', 1000, 90, 26, 'PLYTHR_D154CDEE933DE1491491', NULL, '8105822793', 'Vaishakha Hk', 2, 0, 1),
(356, '2017-02-07 10:09:14', '2017-02-07 10:09:29', 10, 91, 25, 1, '2017-02-08', '15:30:00', '17:00:00', 1000, 90, 26, 'PLYTHR_D154CDEE933DE1491491', NULL, '8105822793', 'Vaishakha Hk', 2, 0, 1),
(357, '2017-02-07 12:59:40', '2017-02-07 12:59:55', 30, 92, 15, 1, '2017-02-08', '07:30:00', '08:00:00', 3500, 30, 4, 'PLYTHR_244E0B4D4579E9018A20', NULL, '9481073845', 'Punith Bm', 2, 0, 1),
(358, '2017-02-07 12:59:40', '2017-02-07 12:59:55', 30, 92, 15, 1, '2017-02-08', '08:00:00', '08:30:00', 3500, 30, 4, 'PLYTHR_244E0B4D4579E9018A20', NULL, '9481073845', 'Punith Bm', 2, 0, 1),
(359, '2017-02-08 15:35:32', '2017-02-08 15:35:32', 5, 93, 26, 0, '2017-02-10', '08:00:00', '09:30:00', 5000, 90, 15, 'PLYTHR_2DD5918BF0113873E172', NULL, '7012526847', 'Nabil Ahmed', 2, 0, 1),
(360, '2017-02-09 07:21:29', '2017-02-09 07:21:44', 6, 94, 24, 1, '2017-02-10', '06:30:00', '07:00:00', 7000, 30, 7, 'PLYTHR_756520C7369E5DAF7110', NULL, '9591248733', 'Agastya', 2, 0, 1),
(361, '2017-02-09 07:21:29', '2017-02-09 07:21:44', 6, 94, 24, 1, '2017-02-10', '07:00:00', '07:30:00', 7000, 30, 7, 'PLYTHR_756520C7369E5DAF7110', NULL, '9591248733', 'Agastya', 2, 0, 1),
(362, '2017-02-09 07:23:15', '2017-02-09 07:23:15', 6, 95, 12, 0, '2017-02-09', '13:00:00', '14:00:00', 1500, 60, 25, 'PLYTHR_0379DE819EAA0BD2435E', NULL, '9591248733', 'Agastya', 1, 0, 1),
(363, '2017-02-09 08:57:51', '2017-02-09 08:57:51', 54, 96, 25, 0, '2017-02-11', '08:00:00', '09:30:00', 1000, 90, 1, 'PLYTHR_78773B47EA2BAE8ABFD0', NULL, '8870929330', 'jaison fernando', 2, 0, 1),
(364, '2017-02-09 08:58:24', '2017-02-09 08:59:01', 54, 97, 29, 0, '2017-02-10', '06:00:00', '06:30:00', 4000, 30, 4, 'PLYTHR_FBFDE491F5AECB8A5A30', NULL, '8870929330', 'jaison fernando', 2, 0, 1),
(365, '2017-02-09 11:18:47', '2017-02-09 12:36:16', 32, 98, 24, 1, '2017-02-10', '07:30:00', '08:00:00', 7000, 30, 1, 'PLYTHR_8D32BAE33083260C238B', NULL, '9035234150', 'Hemanth Hemi', 2, 0, 1),
(366, '2017-02-09 11:40:00', '2017-02-09 11:40:21', 4, 99, 25, 1, '2017-02-10', '08:00:00', '09:30:00', 1000, 90, 1, 'PLYTHR_801DA1ED1B6DB939208A', NULL, '9008440990', 'Jacob Rohan Joseph', 2, 0, 1),
(367, '2017-02-10 06:14:43', '2017-02-10 06:15:01', 6, 100, 24, 1, '2017-02-10', '12:00:00', '12:30:00', 7000, 30, 7, 'PLYTHR_48A34039A906BF473758', NULL, '9591248733', 'Agastya', 2, 0, 1),
(368, '2017-02-10 10:23:55', '2017-02-10 10:24:15', 4, 101, 26, 1, '2017-02-10', '17:00:00', '18:30:00', 5000, 90, 10, 'PLYTHR_43DB99ACDBD902B81050', NULL, '9008440990', 'Jacob Rohan Joseph', 2, 0, 1),
(369, '2017-02-10 13:07:50', '2017-02-10 13:07:50', 5, 102, 26, 0, '2017-02-12', '09:30:00', '11:00:00', 5000, 90, 10, 'PLYTHR_2069CE4E721003B64228', NULL, '7012526847', 'Nabil Ahmed', 2, 0, 1),
(370, '2017-02-13 06:26:17', '2017-02-13 06:27:22', 56, 103, 15, 1, '2017-02-14', '08:00:00', '08:30:00', 3500, 30, 4, 'PLYTHR_8FDC010A051E000D279E', NULL, '9591248733', 'Sherlock Homes', 2, 0, 1),
(371, '2017-02-21 09:21:57', '2017-02-21 11:11:16', 30, 104, 19, 1, '2017-02-22', '06:30:00', '08:00:00', 6000, 90, 1, 'PLYTHR_BDE9FB71E01525D22AF9', NULL, '9481073845', 'Punith Bm', 2, 0, 0),
(372, '2017-02-21 09:21:57', '2017-02-21 11:11:16', 30, 104, 19, 1, '2017-02-22', '08:00:00', '09:30:00', 6000, 90, 1, 'PLYTHR_BDE9FB71E01525D22AF9', NULL, '9481073845', 'Punith Bm', 2, 0, 0),
(373, '2017-02-21 09:21:57', '2017-02-21 11:11:16', 30, 104, 19, 1, '2017-02-22', '09:30:00', '11:00:00', 6000, 90, 1, 'PLYTHR_BDE9FB71E01525D22AF9', NULL, '9481073845', 'Punith Bm', 2, 0, 0);

-- --------------------------------------------------------

--
-- Table structure for table `bookings_payment_transactions`
--

CREATE TABLE `bookings_payment_transactions` (
  `id` int(11) NOT NULL,
  `created_at` datetime DEFAULT NULL,
  `updated_at` datetime DEFAULT NULL,
  `user_id` int(11) NOT NULL,
  `amount` int(11) DEFAULT NULL,
  `booking_id` int(11) NOT NULL,
  `details` varchar(255) DEFAULT NULL,
  `transaction_number` varchar(255) DEFAULT NULL,
  `transaction_identifier` varchar(255) NOT NULL,
  `game_id` int(11) DEFAULT NULL
) ENGINE=InnoDB DEFAULT CHARSET=latin1;

--
-- Dumping data for table `bookings_payment_transactions`
--

INSERT INTO `bookings_payment_transactions` (`id`, `created_at`, `updated_at`, `user_id`, `amount`, `booking_id`, `details`, `transaction_number`, `transaction_identifier`, `game_id`) VALUES
(1, '2017-01-30 11:31:59', '2017-02-01 05:33:43', 13, 5500, 1, 'payment completed', 'PLYTHR_3D23FB4894D5D4CD7E9B', 'PLYTHR_3D23FB4894D5D4CD7E9B', 77),
(3, '2017-01-30 12:39:44', '2017-01-30 12:39:44', 2, 0, 3, 'Payment mode cash', NULL, 'PLYTHR_2B2425A5C7BDF4E2AF62', NULL),
(4, '2017-01-30 12:39:44', '2017-01-30 12:39:44', 2, 0, 4, 'Payment mode cash', NULL, 'PLYTHR_95A8105BC23CDD4A781D', NULL),
(5, '2017-01-30 12:39:44', '2017-01-30 12:39:44', 2, 0, 5, 'Payment mode cash', NULL, 'PLYTHR_9F17EF62CD6A3BD27B27', NULL),
(6, '2017-01-30 12:39:44', '2017-01-30 12:39:44', 2, 0, 6, 'Payment mode cash', NULL, 'PLYTHR_77D6C03D1183C2B1B286', NULL),
(7, '2017-01-30 12:39:44', '2017-01-30 12:39:44', 2, 0, 7, 'Payment mode cash', NULL, 'PLYTHR_F908192587F76D93C1C8', NULL),
(8, '2017-01-30 12:39:44', '2017-01-30 12:39:44', 2, 0, 8, 'Payment mode cash', NULL, 'PLYTHR_A1D57AC8275049B82A0A', NULL),
(9, '2017-01-30 12:39:44', '2017-01-30 12:39:44', 2, 0, 9, 'Payment mode cash', NULL, 'PLYTHR_91227E3F1F1341F6FD93', NULL),
(10, '2017-01-30 12:39:44', '2017-01-30 12:39:44', 2, 0, 10, 'Payment mode cash', NULL, 'PLYTHR_DF4E3E7CF2BA36EF5D0E', NULL),
(11, '2017-01-30 12:39:44', '2017-01-30 12:39:44', 2, 0, 11, 'Payment mode cash', NULL, 'PLYTHR_FFD93824CF13AC2DE69E', NULL),
(12, '2017-01-31 05:14:07', '2017-01-31 05:14:07', 2, 0, 12, 'Payment mode cash', NULL, 'PLYTHR_54897174EE6529567A2B', NULL),
(13, '2017-02-01 10:45:26', '2017-02-01 10:45:50', 13, 6000, 13, 'payment completed', 'pay_7C92nz0OvBStja', 'PLYTHR_D887147754FEEF967AE4', 78),
(14, '2017-02-01 12:16:15', '2017-02-01 12:16:41', 13, 3500, 14, 'payment completed', 'pay_7CAalPszuog1BK', 'PLYTHR_FB54A66FCD2D0882A093', 79),
(15, '2017-02-01 12:17:20', '2017-02-01 12:17:35', 13, 1000, 15, 'payment completed', 'pay_7CAbm5R7BqQ78Y', 'PLYTHR_E526F911EFA99145BAB0', 80),
(16, '2017-02-01 12:18:33', '2017-02-01 12:18:50', 13, 7000, 16, 'payment completed', 'pay_7CAd6MPjqr5kH0', 'PLYTHR_1FED5CA682DE7E86D6D1', 81),
(17, '2017-02-01 12:29:58', '2017-02-01 12:30:21', 13, 9000, 17, 'payment completed', 'pay_7CApFGffLPpE2Z', 'PLYTHR_E1454F6C6A14A6330283', 82),
(18, '2017-02-01 12:34:43', '2017-02-01 12:35:10', 13, 8000, 18, 'payment completed', 'pay_7CAuDusfm64rTY', 'PLYTHR_33224B0951BF4D1902DF', 83),
(19, '2017-02-01 12:50:03', '2017-02-01 12:50:59', 13, 6000, 19, 'payment completed', 'pay_7CBAo6aTArQ6Gh', 'PLYTHR_F57BCCCBFBD2BF4E5AF6', 84),
(20, '2017-02-01 12:54:49', '2017-02-01 12:56:28', 13, 1000, 20, 'payment completed', 'pay_7CBGViF03uLi3H', 'PLYTHR_B2150132A78660722AC8', 85),
(21, '2017-02-01 13:04:17', '2017-02-01 13:05:19', 13, 5000, 21, 'payment completed', 'pay_7CBPts5cBqSyBa', 'PLYTHR_B20EF3633D83839C0F69', 86),
(22, '2017-02-01 13:53:14', '2017-02-01 13:53:50', 13, 5500, 22, 'payment completed', 'pay_7CCFJvI7QgBGhE', 'PLYTHR_1330E8326ABB1BBF828B', 87),
(23, '2017-02-01 14:51:05', '2017-02-01 14:51:05', 2, 0, 23, 'Payment mode cash', NULL, 'PLYTHR_37C6B1B77D4D83124113', NULL),
(24, '2017-02-01 14:51:05', '2017-02-01 14:51:05', 2, 0, 24, 'Payment mode cash', NULL, 'PLYTHR_9193AD24E56FD1D6858F', NULL),
(25, '2017-02-01 14:51:05', '2017-02-01 14:51:05', 2, 0, 25, 'Payment mode cash', NULL, 'PLYTHR_7902AB2A0409ED52977D', NULL),
(26, '2017-02-01 14:51:05', '2017-02-01 14:51:05', 2, 0, 26, 'Payment mode cash', NULL, 'PLYTHR_218CEBE0A783C687F743', NULL),
(27, '2017-02-01 14:51:05', '2017-02-01 14:51:05', 2, 0, 27, 'Payment mode cash', NULL, 'PLYTHR_709D35C46341E6E219A3', NULL),
(28, '2017-02-01 14:51:05', '2017-02-01 14:51:05', 2, 0, 28, 'Payment mode cash', NULL, 'PLYTHR_E1AA2820A3B317D1AA0E', NULL),
(29, '2017-02-01 14:51:06', '2017-02-01 14:51:06', 2, 0, 29, 'Payment mode cash', NULL, 'PLYTHR_E72DCBD7BD2E2B61F609', NULL),
(30, '2017-02-01 14:51:06', '2017-02-01 14:51:06', 2, 0, 30, 'Payment mode cash', NULL, 'PLYTHR_5602343D083F7FFAFCC3', NULL),
(31, '2017-02-01 14:51:06', '2017-02-01 14:51:06', 2, 0, 31, 'Payment mode cash', NULL, 'PLYTHR_694B2735FE651F6312AB', NULL),
(32, '2017-02-01 14:51:06', '2017-02-01 14:51:06', 2, 0, 32, 'Payment mode cash', NULL, 'PLYTHR_DBFA3F6544710766CB27', NULL),
(33, '2017-02-01 14:51:06', '2017-02-01 14:51:06', 2, 0, 33, 'Payment mode cash', NULL, 'PLYTHR_4A4AD65E6DE2FBFAD4FA', NULL),
(34, '2017-02-01 14:51:06', '2017-02-01 14:51:06', 2, 0, 34, 'Payment mode cash', NULL, 'PLYTHR_593738BEA798B1AF06B8', NULL),
(35, '2017-02-01 14:51:06', '2017-02-01 14:51:06', 2, 0, 35, 'Payment mode cash', NULL, 'PLYTHR_17219DC4ADD3899A34D9', NULL),
(36, '2017-02-01 14:51:06', '2017-02-01 14:51:06', 2, 0, 36, 'Payment mode cash', NULL, 'PLYTHR_9429511CB07908DDFF71', NULL),
(37, '2017-02-01 14:51:06', '2017-02-01 14:51:06', 2, 0, 37, 'Payment mode cash', NULL, 'PLYTHR_B02C3218A78AD8642E2E', NULL),
(38, '2017-02-01 14:51:06', '2017-02-01 14:51:06', 2, 0, 38, 'Payment mode cash', NULL, 'PLYTHR_2A7B2516F8D66BDBC1C1', NULL),
(39, '2017-02-01 14:51:06', '2017-02-01 14:51:06', 2, 0, 39, 'Payment mode cash', NULL, 'PLYTHR_1521D2E24A3EEA58CA84', NULL),
(40, '2017-02-01 14:51:06', '2017-02-01 14:51:06', 2, 0, 40, 'Payment mode cash', NULL, 'PLYTHR_4F9AA33D5641F0327EEA', NULL),
(41, '2017-02-01 14:51:06', '2017-02-01 14:51:06', 2, 0, 41, 'Payment mode cash', NULL, 'PLYTHR_2E4883CBBC75C37AED37', NULL),
(42, '2017-02-01 14:51:06', '2017-02-01 14:51:06', 2, 0, 42, 'Payment mode cash', NULL, 'PLYTHR_EDA519E0264FB800BAB9', NULL),
(43, '2017-02-01 14:51:06', '2017-02-01 14:51:06', 2, 0, 43, 'Payment mode cash', NULL, 'PLYTHR_F037259E788165F04023', NULL),
(44, '2017-02-01 14:51:06', '2017-02-01 14:51:06', 2, 0, 44, 'Payment mode cash', NULL, 'PLYTHR_18B13F1C2AF1028D8E48', NULL),
(45, '2017-02-01 14:51:06', '2017-02-01 14:51:06', 2, 0, 45, 'Payment mode cash', NULL, 'PLYTHR_8DE4B150192B0E2D88FF', NULL),
(46, '2017-02-01 14:51:06', '2017-02-01 14:51:06', 2, 0, 46, 'Payment mode cash', NULL, 'PLYTHR_8B0470FD07ED91C460FF', NULL),
(47, '2017-02-01 14:51:06', '2017-02-01 14:51:06', 2, 0, 47, 'Payment mode cash', NULL, 'PLYTHR_D87050C8D02F95058C51', NULL),
(48, '2017-02-01 14:51:06', '2017-02-01 14:51:06', 2, 0, 48, 'Payment mode cash', NULL, 'PLYTHR_9662AF31F5E36BA2AA4A', NULL),
(49, '2017-02-01 14:51:06', '2017-02-01 14:51:06', 2, 0, 49, 'Payment mode cash', NULL, 'PLYTHR_CD74213557A289C94D3A', NULL),
(50, '2017-02-01 14:51:06', '2017-02-01 14:51:06', 2, 0, 50, 'Payment mode cash', NULL, 'PLYTHR_350A863F0C73C5F1AE3B', NULL),
(51, '2017-02-01 14:51:06', '2017-02-01 14:51:06', 2, 0, 51, 'Payment mode cash', NULL, 'PLYTHR_25549433C73F2F4316EB', NULL),
(52, '2017-02-01 14:51:06', '2017-02-01 14:51:06', 2, 0, 52, 'Payment mode cash', NULL, 'PLYTHR_91CB53DB5566C16A8905', NULL),
(53, '2017-02-01 15:11:18', '2017-02-01 15:11:18', 2, 0, 53, 'Payment mode cash', NULL, 'PLYTHR_A891CC87B51591E97B8E', NULL),
(54, '2017-02-01 15:11:18', '2017-02-01 15:11:18', 2, 0, 54, 'Payment mode cash', NULL, 'PLYTHR_B64C5B560DD86EE62262', NULL),
(55, '2017-02-01 15:11:18', '2017-02-01 15:11:18', 2, 0, 55, 'Payment mode cash', NULL, 'PLYTHR_30D83C0ABAE9383DAE1E', NULL),
(56, '2017-02-01 15:11:18', '2017-02-01 15:11:18', 2, 0, 56, 'Payment mode cash', NULL, 'PLYTHR_CB1547CEB78E0B2552DF', NULL),
(57, '2017-02-01 15:11:18', '2017-02-01 15:11:18', 2, 0, 57, 'Payment mode cash', NULL, 'PLYTHR_11D9451253B8853A5362', NULL),
(58, '2017-02-01 15:11:18', '2017-02-01 15:11:18', 2, 0, 58, 'Payment mode cash', NULL, 'PLYTHR_0E6774144DF57F4C21E0', NULL),
(59, '2017-02-01 15:11:18', '2017-02-01 15:11:18', 2, 0, 59, 'Payment mode cash', NULL, 'PLYTHR_ECC180AF328B07FA1A33', NULL),
(60, '2017-02-01 15:11:18', '2017-02-01 15:11:18', 2, 0, 60, 'Payment mode cash', NULL, 'PLYTHR_9ED6C99BE51A3A9A56AC', NULL),
(61, '2017-02-01 15:11:18', '2017-02-01 15:11:18', 2, 0, 61, 'Payment mode cash', NULL, 'PLYTHR_7A21D7B4377A5273F70A', NULL),
(62, '2017-02-01 15:11:18', '2017-02-01 15:11:18', 2, 0, 62, 'Payment mode cash', NULL, 'PLYTHR_2750E647F416B59DDFCB', NULL),
(63, '2017-02-02 11:13:56', '2017-02-02 11:13:56', 2, 0, 63, 'Payment mode cash', NULL, 'PLYTHR_555D05BED39005B67209', NULL),
(64, '2017-02-02 14:10:42', '2017-02-02 14:10:42', 2, 0, 64, 'Payment mode cash', NULL, 'PLYTHR_0A1AAA3460D359AD3CA1', NULL),
(65, '2017-02-02 14:19:32', '2017-02-02 14:19:32', 2, 0, 65, 'Payment mode cash', NULL, 'PLYTHR_5F9F5329097B7A3E36A7', NULL),
(66, '2017-02-02 14:23:58', '2017-02-02 14:23:58', 2, 0, 67, 'Payment mode cash', NULL, 'PLYTHR_0033717237150595040F', NULL),
(67, '2017-02-02 14:25:49', '2017-02-02 14:25:49', 2, 0, 68, 'Payment mode cash', NULL, 'PLYTHR_779039C0D2BBE12AE953', NULL),
(68, '2017-02-02 15:03:35', '2017-02-02 15:03:35', 2, 0, 69, 'Payment mode cash', NULL, 'PLYTHR_A76EAF67B5FF5B5155B6', NULL),
(69, '2017-02-02 15:03:35', '2017-02-02 15:03:35', 2, 0, 73, 'Payment mode cash', NULL, 'PLYTHR_39B807861B1D8788EF04', NULL),
(70, '2017-02-02 15:03:35', '2017-02-02 15:03:35', 2, 0, 77, 'Payment mode cash', NULL, 'PLYTHR_A5F1CDE3365B1A69E4E6', NULL),
(71, '2017-02-02 15:03:35', '2017-02-02 15:03:35', 2, 0, 81, 'Payment mode cash', NULL, 'PLYTHR_55A6A3A1A69CE3495BE4', NULL),
(72, '2017-02-02 15:03:35', '2017-02-02 15:03:35', 2, 0, 85, 'Payment mode cash', NULL, 'PLYTHR_3A91E662298D4CA4B672', NULL),
(73, '2017-02-02 15:03:35', '2017-02-02 15:03:35', 2, 0, 89, 'Payment mode cash', NULL, 'PLYTHR_3767D67220B0C46BED6B', NULL),
(74, '2017-02-02 15:03:35', '2017-02-02 15:03:35', 2, 0, 93, 'Payment mode cash', NULL, 'PLYTHR_3818EA4CF1E17AEEADD8', NULL),
(75, '2017-02-02 15:03:35', '2017-02-02 15:03:35', 2, 0, 97, 'Payment mode cash', NULL, 'PLYTHR_1F9DF46F2B9923C580EF', NULL),
(76, '2017-02-02 15:03:35', '2017-02-02 15:03:35', 2, 0, 101, 'Payment mode cash', NULL, 'PLYTHR_7691C033CF5B63B770D4', NULL),
(77, '2017-02-02 15:03:35', '2017-02-02 15:03:35', 2, 0, 105, 'Payment mode cash', NULL, 'PLYTHR_95786089CCACDDDE06F5', NULL),
(78, '2017-02-02 15:03:35', '2017-02-02 15:03:35', 2, 0, 109, 'Payment mode cash', NULL, 'PLYTHR_92289A8CB608BB1437BF', NULL),
(79, '2017-02-02 15:03:35', '2017-02-02 15:03:35', 2, 0, 113, 'Payment mode cash', NULL, 'PLYTHR_806D87F74144B4876C8B', NULL),
(80, '2017-02-02 15:03:35', '2017-02-02 15:03:35', 2, 0, 117, 'Payment mode cash', NULL, 'PLYTHR_F7085959FF8BF2945777', NULL),
(81, '2017-02-02 15:03:35', '2017-02-02 15:03:35', 2, 0, 121, 'Payment mode cash', NULL, 'PLYTHR_D914BA2DE2228972E408', NULL),
(82, '2017-02-02 15:03:35', '2017-02-02 15:03:35', 2, 0, 125, 'Payment mode cash', NULL, 'PLYTHR_A3EF19998E8CAA1D29DE', NULL),
(83, '2017-02-02 15:03:35', '2017-02-02 15:03:35', 2, 0, 129, 'Payment mode cash', NULL, 'PLYTHR_4E49E81237C3A341401C', NULL),
(84, '2017-02-02 15:03:35', '2017-02-02 15:03:35', 2, 0, 133, 'Payment mode cash', NULL, 'PLYTHR_4AE572CB557459D6B5AB', NULL),
(85, '2017-02-02 15:03:35', '2017-02-02 15:03:35', 2, 0, 137, 'Payment mode cash', NULL, 'PLYTHR_F26C0C65E0B9B9E5CFE4', NULL),
(86, '2017-02-02 15:03:35', '2017-02-02 15:03:35', 2, 0, 141, 'Payment mode cash', NULL, 'PLYTHR_B3F9F07D6E8F981F1DEE', NULL),
(87, '2017-02-02 15:03:35', '2017-02-02 15:03:35', 2, 0, 145, 'Payment mode cash', NULL, 'PLYTHR_F1F9990CBFA59B2CCEBE', NULL),
(88, '2017-02-02 15:03:35', '2017-02-02 15:03:35', 2, 0, 149, 'Payment mode cash', NULL, 'PLYTHR_993BA15647F77E1B803E', NULL),
(89, '2017-02-02 15:03:35', '2017-02-02 15:03:35', 2, 0, 153, 'Payment mode cash', NULL, 'PLYTHR_B19D75B389EBAB424171', NULL),
(90, '2017-02-02 15:03:35', '2017-02-02 15:03:35', 2, 0, 157, 'Payment mode cash', NULL, 'PLYTHR_49D5B86386CC8E7EC9F9', NULL),
(91, '2017-02-02 15:03:35', '2017-02-02 15:03:35', 2, 0, 161, 'Payment mode cash', NULL, 'PLYTHR_C0767D4A301DEFE51FC9', NULL),
(92, '2017-02-02 15:03:35', '2017-02-02 15:03:35', 2, 0, 165, 'Payment mode cash', NULL, 'PLYTHR_B8F8047CB0C63C41979D', NULL),
(93, '2017-02-02 15:03:35', '2017-02-02 15:03:35', 2, 0, 169, 'Payment mode cash', NULL, 'PLYTHR_9D465934008BBF24560F', NULL),
(94, '2017-02-02 15:03:35', '2017-02-02 15:03:35', 2, 0, 173, 'Payment mode cash', NULL, 'PLYTHR_F4EE36D9DC0CFD7A89C9', NULL),
(95, '2017-02-02 15:03:35', '2017-02-02 15:03:35', 2, 0, 177, 'Payment mode cash', NULL, 'PLYTHR_F09DECABB296B4F10F43', NULL),
(96, '2017-02-02 15:03:35', '2017-02-02 15:03:35', 2, 0, 181, 'Payment mode cash', NULL, 'PLYTHR_6275BAB0955A485D5E7D', NULL),
(97, '2017-02-02 15:03:35', '2017-02-02 15:03:35', 2, 0, 185, 'Payment mode cash', NULL, 'PLYTHR_122342E3A9BD54FD05A2', NULL),
(98, '2017-02-02 15:03:36', '2017-02-02 15:03:36', 2, 0, 189, 'Payment mode cash', NULL, 'PLYTHR_20E337CA8C120E16CF67', NULL),
(99, '2017-02-02 15:03:36', '2017-02-02 15:03:36', 2, 0, 193, 'Payment mode cash', NULL, 'PLYTHR_C0A36EAD204A0E2B1856', NULL),
(100, '2017-02-02 15:03:36', '2017-02-02 15:03:36', 2, 0, 197, 'Payment mode cash', NULL, 'PLYTHR_26DBF91D07032127FE0C', NULL),
(101, '2017-02-02 15:03:36', '2017-02-02 15:03:36', 2, 0, 201, 'Payment mode cash', NULL, 'PLYTHR_DE05942A171F1DC2E15B', NULL),
(102, '2017-02-02 15:03:36', '2017-02-02 15:03:36', 2, 0, 205, 'Payment mode cash', NULL, 'PLYTHR_40B3942123350BFEDA61', NULL),
(103, '2017-02-02 15:03:36', '2017-02-02 15:03:36', 2, 0, 209, 'Payment mode cash', NULL, 'PLYTHR_C4A1D8CE786E41F85CDA', NULL),
(104, '2017-02-02 15:03:36', '2017-02-02 15:03:36', 2, 0, 213, 'Payment mode cash', NULL, 'PLYTHR_690E635C22AEA1AF943D', NULL),
(105, '2017-02-02 15:03:36', '2017-02-02 15:03:36', 2, 0, 217, 'Payment mode cash', NULL, 'PLYTHR_B1362F9124C642724E69', NULL),
(106, '2017-02-02 15:03:36', '2017-02-02 15:03:36', 2, 0, 221, 'Payment mode cash', NULL, 'PLYTHR_F45B6C229370D02643E6', NULL),
(107, '2017-02-02 15:03:36', '2017-02-02 15:03:36', 2, 0, 225, 'Payment mode cash', NULL, 'PLYTHR_91B512F9EF015C0DC818', NULL),
(108, '2017-02-02 15:03:36', '2017-02-02 15:03:36', 2, 0, 229, 'Payment mode cash', NULL, 'PLYTHR_793B3EEBDE1B2C277D39', NULL),
(109, '2017-02-02 15:03:36', '2017-02-02 15:03:36', 2, 0, 233, 'Payment mode cash', NULL, 'PLYTHR_329AAE98F30A3523BFA4', NULL),
(110, '2017-02-02 15:03:36', '2017-02-02 15:03:36', 2, 0, 237, 'Payment mode cash', NULL, 'PLYTHR_FA87BE4072CE6FB5FAA9', NULL),
(111, '2017-02-02 15:03:36', '2017-02-02 15:03:36', 2, 0, 241, 'Payment mode cash', NULL, 'PLYTHR_5D62816FAF40BB263C06', NULL),
(112, '2017-02-02 15:03:36', '2017-02-02 15:03:36', 2, 0, 245, 'Payment mode cash', NULL, 'PLYTHR_BCFA95C69563BAB377A2', NULL),
(113, '2017-02-02 15:03:36', '2017-02-02 15:03:36', 2, 0, 249, 'Payment mode cash', NULL, 'PLYTHR_F1AECC1CBB2EF590283E', NULL),
(114, '2017-02-02 15:03:36', '2017-02-02 15:03:36', 2, 0, 253, 'Payment mode cash', NULL, 'PLYTHR_1928C44648067290073D', NULL),
(115, '2017-02-02 15:03:36', '2017-02-02 15:03:36', 2, 0, 257, 'Payment mode cash', NULL, 'PLYTHR_6E03FE54D7F5F29809AA', NULL),
(116, '2017-02-02 15:03:36', '2017-02-02 15:03:36', 2, 0, 261, 'Payment mode cash', NULL, 'PLYTHR_6537DE81473D7A4667F3', NULL),
(117, '2017-02-02 15:03:36', '2017-02-02 15:03:36', 2, 0, 265, 'Payment mode cash', NULL, 'PLYTHR_11401C6E307B225C87B6', NULL),
(118, '2017-02-02 15:03:36', '2017-02-02 15:03:36', 2, 0, 269, 'Payment mode cash', NULL, 'PLYTHR_D38FA73BBB92DF44CB3A', NULL),
(119, '2017-02-02 15:03:36', '2017-02-02 15:03:36', 2, 0, 273, 'Payment mode cash', NULL, 'PLYTHR_12FDBFB6924EBC647E5C', NULL),
(120, '2017-02-02 15:03:36', '2017-02-02 15:03:36', 2, 0, 277, 'Payment mode cash', NULL, 'PLYTHR_62AD3AA3491AB50B01CA', NULL),
(121, '2017-02-02 15:03:36', '2017-02-02 15:03:36', 2, 0, 281, 'Payment mode cash', NULL, 'PLYTHR_8E4370CF4F0DDE3E73B8', NULL),
(122, '2017-02-02 15:03:36', '2017-02-02 15:03:36', 2, 0, 285, 'Payment mode cash', NULL, 'PLYTHR_8ACA96835F1F24CCB192', NULL),
(123, '2017-02-02 15:03:36', '2017-02-02 15:03:36', 2, 0, 289, 'Payment mode cash', NULL, 'PLYTHR_1F8996F3E21229DA6652', NULL),
(124, '2017-02-02 15:03:36', '2017-02-02 15:03:36', 2, 0, 293, 'Payment mode cash', NULL, 'PLYTHR_89E285FC081C1688FAE4', NULL),
(125, '2017-02-02 15:03:36', '2017-02-02 15:03:36', 2, 0, 297, 'Payment mode cash', NULL, 'PLYTHR_1184F83FBFFC171ADFC9', NULL),
(126, '2017-02-02 15:03:36', '2017-02-02 15:03:36', 2, 0, 301, 'Payment mode cash', NULL, 'PLYTHR_7B1C6434165AD4773D68', NULL),
(127, '2017-02-02 15:03:36', '2017-02-02 15:03:36', 2, 0, 305, 'Payment mode cash', NULL, 'PLYTHR_7A1E393C1B7470A00C69', NULL),
(128, '2017-02-02 15:03:36', '2017-02-02 15:03:36', 2, 0, 309, 'Payment mode cash', NULL, 'PLYTHR_7D16371598596C30C290', NULL),
(129, '2017-02-02 15:03:36', '2017-02-02 15:03:36', 2, 0, 313, 'Payment mode cash', NULL, 'PLYTHR_2CB22E87590B11ED84DE', NULL),
(130, '2017-02-02 15:03:36', '2017-02-02 15:03:36', 2, 0, 317, 'Payment mode cash', NULL, 'PLYTHR_BC774AF15B406C3D1FEF', NULL),
(131, '2017-02-02 15:03:36', '2017-02-02 15:03:36', 2, 0, 321, 'Payment mode cash', NULL, 'PLYTHR_A7B4A3E96CCED10AE31D', NULL),
(132, '2017-02-02 15:03:36', '2017-02-02 15:03:36', 2, 0, 325, 'Payment mode cash', NULL, 'PLYTHR_7354322AC92CF70D4CC6', NULL),
(133, '2017-02-02 15:03:36', '2017-02-02 15:03:36', 2, 0, 329, 'Payment mode cash', NULL, 'PLYTHR_B43B33FA43023D1E1E6F', NULL),
(134, '2017-02-02 15:03:36', '2017-02-02 15:03:36', 2, 0, 333, 'Payment mode cash', NULL, 'PLYTHR_50B3C42A4047C8F96EBE', NULL),
(135, '2017-02-02 15:03:36', '2017-02-02 15:03:36', 2, 0, 337, 'Payment mode cash', NULL, 'PLYTHR_DBD9CAF94585A4F0A6BE', NULL),
(136, '2017-02-02 15:03:36', '2017-02-02 15:03:36', 2, 0, 341, 'Payment mode cash', NULL, 'PLYTHR_0D787BCEF266E0160DD0', NULL),
(137, '2017-02-02 15:03:36', '2017-02-02 15:03:36', 2, 0, 345, 'Payment mode cash', NULL, 'PLYTHR_B45D54F116943E8401BE', NULL),
(138, '2017-02-05 09:43:38', '2017-02-05 09:44:41', 30, 8000, 349, 'payment completed', 'pay_7Di8iwdJdTPKeQ', 'PLYTHR_2E47098A084E7BAA13C7', 88),
(139, '2017-02-06 13:11:34', '2017-02-06 13:11:53', 1, 7000, 350, 'payment completed', 'pay_7EACoWd440QYQY', 'PLYTHR_9F745CF4DC950BDBB29B', 89),
(140, '2017-02-07 09:58:59', '2017-02-07 09:59:13', 10, 3500, 351, 'payment completed', 'pay_7EVSOec8ufDd2n', 'PLYTHR_F25B00B3814D7E662D47', 90),
(141, '2017-02-07 10:09:14', '2017-02-07 10:09:29', 10, 5000, 352, 'payment completed', 'pay_7EVdEiZ7JJptHU', 'PLYTHR_D154CDEE933DE1491491', 91),
(142, '2017-02-07 12:59:40', '2017-02-07 12:59:55', 30, 7000, 357, 'payment completed', 'pay_7EYXEOw25tqL94', 'PLYTHR_244E0B4D4579E9018A20', 92),
(143, '2017-02-08 15:35:32', '2017-02-08 15:35:32', 5, 5000, 359, 'Payment Pending', NULL, 'PLYTHR_2DD5918BF0113873E172', NULL),
(144, '2017-02-09 07:21:29', '2017-02-09 07:21:44', 6, 14000, 360, 'payment completed', 'pay_7FFqGIXALTOrMh', 'PLYTHR_756520C7369E5DAF7110', 94),
(145, '2017-02-09 07:23:15', '2017-02-09 07:23:15', 6, 1500, 362, 'Payment Pending', NULL, 'PLYTHR_0379DE819EAA0BD2435E', NULL),
(146, '2017-02-09 08:57:51', '2017-02-09 08:57:51', 54, 1000, 363, 'Payment Pending', NULL, 'PLYTHR_78773B47EA2BAE8ABFD0', NULL),
(147, '2017-02-09 08:58:24', '2017-02-09 08:59:01', 54, 4000, 364, 'payment failed', 'NOTAVAILABLE', 'PLYTHR_FBFDE491F5AECB8A5A30', 97),
(148, '2017-02-09 11:18:47', '2017-02-09 12:36:16', 32, 7000, 365, 'payment completed', 'pay_7FLCSmI8GYV0Ua', 'PLYTHR_8D32BAE33083260C238B', 98),
(149, '2017-02-09 11:40:00', '2017-02-09 11:40:21', 4, 1000, 366, 'payment completed', 'pay_7FKFOuwArIuV7R', 'PLYTHR_801DA1ED1B6DB939208A', 99),
(150, '2017-02-10 06:14:44', '2017-02-10 06:15:01', 6, 7000, 367, 'payment completed', 'pay_7FdEt5Y7GZM59H', 'PLYTHR_48A34039A906BF473758', 100),
(151, '2017-02-10 10:23:55', '2017-02-10 10:24:15', 4, 5000, 368, 'payment completed', 'pay_7FhU85jmpZZ1Ds', 'PLYTHR_43DB99ACDBD902B81050', 101),
(152, '2017-02-10 13:07:50', '2017-02-10 13:07:50', 5, 5000, 369, 'Payment Pending', NULL, 'PLYTHR_2069CE4E721003B64228', NULL),
(153, '2017-02-13 06:26:17', '2017-02-13 06:27:22', 56, 3500, 370, 'payment completed', 'pay_7Gp3JsXp1b2SM3', 'PLYTHR_8FDC010A051E000D279E', 103),
(154, '2017-02-21 09:21:57', '2017-02-21 09:22:28', 30, 18000, 371, 'payment completed', 'pay_7K2JE0IgZ1GUly', 'PLYTHR_BDE9FB71E01525D22AF9', 104);

-- --------------------------------------------------------

--
-- Table structure for table `categories`
--

CREATE TABLE `categories` (
  `id` int(11) NOT NULL,
  `name` varchar(45) DEFAULT NULL,
  `created_at` datetime DEFAULT NULL,
  `updated_at` datetime DEFAULT NULL
) ENGINE=InnoDB DEFAULT CHARSET=latin1;

-- --------------------------------------------------------

--
-- Table structure for table `comments`
--

CREATE TABLE `comments` (
  `id` int(11) NOT NULL,
  `user_id` int(11) NOT NULL,
  `activity_id` int(11) NOT NULL,
  `content` text,
  `dateTime` datetime DEFAULT NULL,
  `created_at` datetime DEFAULT NULL,
  `updated_at` datetime DEFAULT NULL
) ENGINE=InnoDB DEFAULT CHARSET=latin1;

--
-- Dumping data for table `comments`
--

INSERT INTO `comments` (`id`, `user_id`, `activity_id`, `content`, `dateTime`, `created_at`, `updated_at`) VALUES
(1, 10, 2, 'hi', '2017-01-10 09:50:17', '2017-01-10 04:07:35', '2017-01-10 04:07:35'),
(2, 6, 6, 'great team', '2017-01-16 15:39:04', '2017-01-16 10:09:04', '2017-01-16 10:09:04'),
(3, 10, 13, 'great', '2017-01-18 17:38:27', '2017-01-18 12:08:27', '2017-01-18 12:08:27'),
(4, 6, 13, 'good', '2017-01-18 17:48:18', '2017-01-18 12:18:18', '2017-01-18 12:18:18'),
(5, 10, 62, 'great \\none\\ntest\\ncmt\\n.\\n.\\n.\\n.', '2017-01-23 12:43:00', '2017-01-23 07:13:00', '2017-01-23 07:13:00'),
(6, 27, 73, 'this looks fine', '2017-01-24 09:48:37', '2017-01-24 04:18:37', '2017-01-24 04:18:37'),
(7, 27, 73, 'whats the update', '2017-01-24 09:48:47', '2017-01-24 04:18:47', '2017-01-24 04:18:47'),
(8, 13, 97, 'hello', '2017-01-26 13:36:40', '2017-01-26 08:06:40', '2017-01-26 08:06:40'),
(9, 13, 97, 'hiii', '2017-01-26 13:36:45', '2017-01-26 08:06:45', '2017-01-26 08:06:45'),
(10, 33, 98, 'what\'s up?', '2017-01-26 15:23:06', '2017-01-26 09:53:06', '2017-01-26 09:53:06'),
(11, 33, 94, 'test', '2017-01-26 15:23:31', '2017-01-26 09:53:31', '2017-01-26 09:53:31'),
(12, 13, 98, 'hello', '2017-01-26 17:34:47', '2017-01-26 12:04:47', '2017-01-26 12:04:47'),
(13, 13, 96, 'Playthora', '2017-01-26 17:41:28', '2017-01-26 12:11:28', '2017-01-26 12:11:28'),
(14, 32, 137, 'It\'s awesome', '2017-02-09 16:55:56', '2017-02-09 11:25:56', '2017-02-09 11:25:56'),
(15, 6, 127, 'Hi', '2017-02-09 17:17:08', '2017-02-09 11:47:08', '2017-02-09 11:47:08'),
(16, 10, 127, 'Hi', '2017-02-09 20:10:36', '2017-02-09 14:40:36', '2017-02-09 14:40:36'),
(17, 1, 144, 'Testing', '2017-02-11 22:59:29', '2017-02-11 17:29:29', '2017-02-11 17:29:29');

-- --------------------------------------------------------

--
-- Table structure for table `conversation`
--

CREATE TABLE `conversation` (
  `id` int(11) NOT NULL,
  `to_id` int(11) NOT NULL,
  `from_id` int(11) NOT NULL,
  `type` int(11) NOT NULL,
  `created_at` datetime NOT NULL DEFAULT CURRENT_TIMESTAMP,
  `updated_at` datetime NOT NULL DEFAULT CURRENT_TIMESTAMP
) ENGINE=InnoDB DEFAULT CHARSET=latin1;

--
-- Dumping data for table `conversation`
--

INSERT INTO `conversation` (`id`, `to_id`, `from_id`, `type`, `created_at`, `updated_at`) VALUES
(23, 30, 10, 3, '2017-02-07 18:40:48', '2017-02-07 18:40:48'),
(24, 31, 31, 2, '2017-02-07 18:48:22', '2017-02-07 18:48:22'),
(25, 91, 91, 1, '2017-02-07 19:10:05', '2017-02-07 19:10:05'),
(26, 88, 88, 1, '2017-02-07 19:17:54', '2017-02-07 19:17:54'),
(27, 30, 6, 3, '2017-02-07 21:48:06', '2017-02-07 21:48:06'),
(28, 33, 33, 2, '2017-02-08 01:28:46', '2017-02-08 01:28:46'),
(29, 49, 49, 1, '2017-02-08 01:29:06', '2017-02-08 01:29:06'),
(30, 33, 1, 3, '2017-02-08 01:47:01', '2017-02-08 01:47:01'),
(33, 6, 10, 3, '2017-02-08 14:09:12', '2017-02-08 14:09:12'),
(34, 13, 10, 3, '2017-02-08 14:48:17', '2017-02-08 14:48:17'),
(37, 2, 2, 2, '2017-02-08 20:41:15', '2017-02-08 20:41:15'),
(38, 23, 23, 2, '2017-02-08 21:29:36', '2017-02-08 21:29:36'),
(39, 13, 30, 3, '2017-02-08 23:09:35', '2017-02-08 23:09:35'),
(40, 1, 4, 3, '2017-02-08 23:29:56', '2017-02-08 23:29:56'),
(41, 33, 5, 3, '2017-02-08 23:37:59', '2017-02-08 23:37:59'),
(42, 33, 30, 3, '2017-02-09 02:06:34', '2017-02-09 02:06:34'),
(43, 92, 92, 1, '2017-02-09 14:13:38', '2017-02-09 14:13:38'),
(44, 6, 1, 3, '2017-02-09 15:15:28', '2017-02-09 15:15:28'),
(45, 10, 1, 3, '2017-02-09 15:22:40', '2017-02-09 15:22:40'),
(48, 10, 10, 2, '2017-02-09 17:52:38', '2017-02-09 17:52:38'),
(49, 32, 10, 3, '2017-02-09 19:09:54', '2017-02-09 19:09:54'),
(50, 99, 99, 1, '2017-02-09 19:40:47', '2017-02-09 19:40:47'),
(51, 10, 10, 1, '2017-02-09 21:39:56', '2017-02-09 21:39:56'),
(52, 55, 6, 3, '2017-02-10 22:40:28', '2017-02-10 22:40:28'),
(53, 101, 101, 1, '2017-02-11 09:44:55', '2017-02-11 09:44:55'),
(54, 13, 1, 3, '2017-02-12 12:31:59', '2017-02-12 12:31:59'),
(55, 34, 34, 2, '2017-02-13 02:35:40', '2017-02-13 02:35:40'),
(56, 4, 5, 3, '2017-02-13 15:04:21', '2017-02-13 15:04:21'),
(57, 6, 6, 2, '2017-02-13 15:51:56', '2017-02-13 15:51:56'),
(58, 51, 56, 3, '2017-02-13 18:26:01', '2017-02-13 18:26:01'),
(59, 1, 56, 3, '2017-02-13 18:26:27', '2017-02-13 18:26:27'),
(60, 30, 56, 3, '2017-02-13 18:26:54', '2017-02-13 18:26:54'),
(61, 13, 56, 3, '2017-02-13 18:34:21', '2017-02-13 18:34:21'),
(62, 10, 56, 3, '2017-02-14 12:09:39', '2017-02-14 12:09:39'),
(63, 37, 37, 2, '2017-02-14 12:54:23', '2017-02-14 12:54:23');

-- --------------------------------------------------------

--
-- Table structure for table `device_infos`
--

CREATE TABLE `device_infos` (
  `id` int(11) NOT NULL,
  `device_type` varchar(245) DEFAULT '',
  `device_id` varchar(245) DEFAULT '',
  `fcm_token` varchar(245) DEFAULT '',
  `created_at` datetime DEFAULT NULL,
  `updated_at` datetime DEFAULT NULL,
  `user_id` int(11) DEFAULT NULL
) ENGINE=InnoDB DEFAULT CHARSET=latin1;

--
-- Dumping data for table `device_infos`
--

INSERT INTO `device_infos` (`id`, `device_type`, `device_id`, `fcm_token`, `created_at`, `updated_at`, `user_id`) VALUES
(246, 'android', NULL, 'cnnz2DHO0To:APA91bF6BzA9f2f1nqVl8X9vNiCyyToSjbn2AglbuquVHgLR-wCs4UWSoxTzZiwuzQGeHhwgYTkmNhhNvRfHM3jSUgksAf_VcXAWzwhmHVJwo9ms8OTdx4buowdEiHdEpRYDsUYbArEo', '2017-02-08 14:49:52', '2017-02-08 14:49:52', 6),
(253, 'android', NULL, 'eZfe5qGONOU:APA91bGzSzRcuT2dWf4odO8OWxja6Rd25ktpFLOdxo3IV9wbNP-giKcnrM851K6XRRseavyhs65qjiNzgN6vDtRa7vy_nQIPr4usZNGmb8wuVMlq3uF7sLehqEdEY74SyRBjz3tKk7rc', '2017-02-09 06:02:16', '2017-02-09 06:02:16', 16),
(255, 'android', NULL, 'dIueflcL-qE:APA91bFJ67HBby658xo_H-p3UNX4YsQFruikYS8ZfbwwADF3dFEgSZtDUi0w9wAIRSbJp3u6xXezGrKMLULwtDPLD2lzC1TrVuIEWEaqOy9oo8mdwvP-R4AZhtoUf_BmAblAx0j4wyGD', '2017-02-09 06:41:27', '2017-02-09 06:41:27', 6),
(256, 'android', NULL, '', '2017-02-09 07:13:19', '2017-02-09 07:13:19', 1),
(260, 'android', '518fa681277c104f', 'dE1R0MOKS_M:APA91bFTRgH-DNPAKi1At_cdLLaVWZt7OT7-1cmw4AruYK2vrTkY-0eod6vHXFAE3PbwpFDmeTnQi29yK05YK_rJQklvVpaxSRQqB0EqLRkxJ3t0K_DgFC6gD7XJTzpfDAqHHLyUCUyH', '2017-02-09 08:40:17', '2017-02-09 08:40:17', 54),
(261, 'android', NULL, 'fXH9JUnOByU:APA91bE7kv3G9GgoGJGLiJDF03Pl_7JniFsfaFOCvn9pn3f8Swgmr-Z5IlwohKfn8Uiv9XwoCV6kYgGoKbaxz-omY91e3wW8fxXbUW_FnmzvqZkeLhsUEJgTZW8R8hfm_Fd2-4PBoOls', '2017-02-09 10:16:58', '2017-02-09 10:16:58', 2),
(262, 'android', NULL, 'fOkEzzYCAnc:APA91bEX6wb14szrCMrzV5nZBZOhJirT3wLvAm65rDSdY2AGivhunA06PiDq9YYUEI9vdUOIG-COgBkjciwA_9D0-Bdpj2CsrIl2mIHJhVOgiYliaVRdNzgTJympkK-4hNZJ77YR0-dh', '2017-02-09 10:18:36', '2017-02-09 10:18:36', 2),
(267, 'android', NULL, 'eqzlipWk1WY:APA91bFDIs-WDGaZKjw-4KutfB1UgeFuwhF_BwYHwNHgvOcQIIwvEc9BkgQxCj-6B7RJjuray5Vp8SKPghFe3u08CtF9Dh-a_SJOrlt9_xi_tyf-vpAq2itLIQBawYBgKqKgfgsHbojg', '2017-02-10 07:26:18', '2017-02-10 07:26:18', 2),
(268, 'android', NULL, 'fXH9JUnOByU:APA91bE7kv3G9GgoGJGLiJDF03Pl_7JniFsfaFOCvn9pn3f8Swgmr-Z5IlwohKfn8Uiv9XwoCV6kYgGoKbaxz-omY91e3wW8fxXbUW_FnmzvqZkeLhsUEJgTZW8R8hfm_Fd2-4PBoOls', '2017-02-10 09:22:36', '2017-02-10 09:22:36', 2),
(270, 'android', NULL, 'f4XHZK3mX2o:APA91bGlphp7cEu3HUg-aJwdyZVF2WHfsxsL0IUhYvpRITPF6wyEnlG1GAf62_IPPj1lmOAwq3H8Y33G1yGKJ7o013Wtege_hu-Z1vrcxRxGJZ73YScJCfG3Kth34YmMN9sZVk2eR67o', '2017-02-10 15:25:39', '2017-02-10 15:25:39', 2),
(271, 'android', NULL, 'c0ajOabzXTA:APA91bFgaEwenKXJ6P4fvlHTNZIRu6FKx8z1LfygCNrR816wE8dfNFphSPkT4xPJWFDgZFRKMIzZ8XsicJ3HWqqLfu6jEIlnAuRLEQTf8q5qwsWqmtkbWQ8HBw4cFfPe_QkVX_blSlDa', '2017-02-10 18:26:18', '2017-02-10 18:26:18', 1),
(273, 'android', NULL, 'dsDdQjbJwFw:APA91bEGqcbj4fF4UTRpZderzDRFo0igTZCXwh6e7ozEyIvj-9Lix_gzffc0nlGkKK9KoFOIpjB52ZR_WWXCU6YJuWnCtVf4huEId3yEohjkKG6d0N6WlRJcAsMn4tXnbo9EaYlO_vot', '2017-02-11 13:55:04', '2017-02-11 13:55:04', 2),
(274, 'android', NULL, 'dPqYCd0QS_w:APA91bGPYW8LaZEwu8wmmUeE7wvoLMfRZ0ngO1WH463p9zotLxTfb_TYD9f6c0Nhf5GmO0wmC8YejsXDb2mt7zWlq02x1P7YAit_djjVPLTbTDT4l7vbYnCk1rIM5XssDUySK5Jadm5-', '2017-02-11 14:03:15', '2017-02-11 14:03:15', 2),
(276, 'android', '48921a3854111978', 'dOeoWIXSLgw:APA91bF6FE8E-CpdzWgmyxPj0H2IAbDGqB1BDfGxwT4lj_4BpLZ1_GmLlMokcsT3PzUE1JzInCdHVgpJRUFaORpvR_h9vFLsVsUGGD5kCZQrMmbzHAv-JJsAZQwC85sWkzseptitgINq', '2017-02-11 14:33:29', '2017-02-11 14:33:29', 10),
(279, 'android', NULL, 'dPqYCd0QS_w:APA91bGPYW8LaZEwu8wmmUeE7wvoLMfRZ0ngO1WH463p9zotLxTfb_TYD9f6c0Nhf5GmO0wmC8YejsXDb2mt7zWlq02x1P7YAit_djjVPLTbTDT4l7vbYnCk1rIM5XssDUySK5Jadm5-', '2017-02-11 17:00:16', '2017-02-11 17:00:16', 2),
(281, 'android', NULL, 'eMreo69QGBY:APA91bHcbOn-ZPi1ufeIB2ul4JFDcL8w-ahYQF61gdDejNjVgRxwAZaDSuDq6iz9NsfEh54eAVeQKMNRtOXTUk6fPBGwp7GttdMvtH2YszWElZ_Vz1YE_pq943gT5DUx6zB5-8cBDlfW', '2017-02-12 14:57:25', '2017-02-12 14:57:25', 2),
(282, 'android', NULL, 'fcBZpihnS4M:APA91bHlCn348Sy3guFNW28riqqBjkSv15_pNOYFaf6rJKhm5LvyCBZXATHfqCxUhNP6lnN_n2fSq174ImOFfwZA-aIqasmU9areGvCUL_07QfCt2caxB_t56TL7plazZ1lP-w63kqBg', '2017-02-12 18:12:42', '2017-02-12 18:12:42', 2),
(283, 'android', '324c92a248a2108d', 'ej2hbzrTJ84:APA91bFZsq5MmlmGWBcOLmZNtt0x_w_nztrnpWpCHCfGaiFgRjF7_7nBS_qOShyd42dbh6bEwrkEIEH8YZrgFEMtYQPurjdejBp5EHZEOUW5EBLqXOb5tCtiawt02_nvb1dph9B7WSE3', '2017-02-12 18:34:43', '2017-02-12 18:34:43', 4),
(284, 'android', 'aa9c5883e741c9a0', 'f9cPeZVE5eU:APA91bEQ_YoJZsHK255Nrg8bjNXRj5is5N8jqOI6BSyvYJS4iKruvPz8Sh58xkZpaLlAyo9EBOpFcIHzeddCUvtjxS19ohKS6XXsSD802U86MQCzZRVdq7KEsdSahLbE39N5UuV8MQM1', '2017-02-13 06:04:24', '2017-02-13 06:04:24', 56),
(285, 'android', '74a61deed1b55433', 'cUage_MFN7M:APA91bFDFpWbCrj1QcGKsi_35wvOirH-f5zaUGX_RZcjNZ_QowF4ofdihAQDagXSgTRqkn_2GAuXZqUjbGIg0YraT7NtSgDzUjT1-CxO63wQQUbHh4dBoKk1Lcc5uhZ4MiGCv84tOLPU', '2017-02-13 07:40:56', '2017-02-13 07:40:56', 13),
(287, 'android', '96a14607a809df6', 'dyzMx9g9BsQ:APA91bFHnJmLgh7CAOrq8Yz7IW1j-5v5jpeNzgomK_U78iXhzDXnMBru_JRxmkzzpTo_XxchOydZFqkamZHF_NK9ul2LBcnRhr7XHK-s4qjfH0K5ig-UyDrkvY2y7K__p5y9JT0zc9Q_', '2017-02-13 12:39:44', '2017-02-13 12:39:44', 30),
(291, 'android', '65f4fb67ff79164', 'fCGxaUGvlgg:APA91bEcysQu35PB9_2Qf0zRxpk50AzFCCoCf7IQcw1E41smg1dHzE6cdn_UUe3MTsyLrWGzA2b5lKkX-HnRMtJPgf8-E88pYCdeDFzQXlr1aheMmY0-9lOs5rrVX7V32wiy9NePlFUt', '2017-02-14 14:43:47', '2017-02-14 14:43:47', 20),
(293, 'android', '36ab91a720c698f9', 'dgPlIbL79Sk:APA91bFZfTkc3PZF1EZ3MOnW9VDk0u8XxEIFjITRIoxWZm1aCr4Jp1sY8n2bzRULayk84qWPnGqI00HQo3Fp6T7wmZ4AAiSHZshz5n_yiHK0bIGNccN5bF8G6DCScwbSaCCM_rDyPjpP', '2017-02-21 09:19:28', '2017-02-21 09:19:28', 30);

-- --------------------------------------------------------

--
-- Table structure for table `followings`
--

CREATE TABLE `followings` (
  `created_at` datetime DEFAULT NULL,
  `updated_at` datetime DEFAULT NULL,
  `type` int(11) DEFAULT NULL,
  `id_value` int(11) NOT NULL,
  `followed_by` int(11) NOT NULL,
  `following_to` int(11) NOT NULL,
  `is_requested` int(11) NOT NULL DEFAULT '0'
) ENGINE=InnoDB DEFAULT CHARSET=latin1;

--
-- Dumping data for table `followings`
--

INSERT INTO `followings` (`created_at`, `updated_at`, `type`, `id_value`, `followed_by`, `following_to`, `is_requested`) VALUES
('2017-01-05 13:11:01', '2017-01-05 13:11:01', 2, 9, 10, 9, 0),
('2017-01-05 13:20:04', '2017-01-05 13:20:04', 2, 11, 10, 11, 0),
('2017-01-12 04:58:10', '2017-01-12 04:58:10', 2, 20, 6, 29, 0),
('2017-01-12 04:58:25', '2017-01-12 04:58:25', 2, 21, 6, 28, 0),
('2017-01-12 12:55:44', '2017-01-12 12:55:44', 1, 26, 13, 10, 0),
('2017-01-13 13:22:54', '2017-01-13 13:22:54', 1, 40, 6, 11, 0),
('2017-01-13 13:36:17', '2017-01-13 13:36:17', 1, 42, 6, 13, 0),
('2017-01-13 16:27:54', '2017-01-13 16:27:54', 1, 43, 22, 6, 0),
('2017-01-14 06:15:16', '2017-01-14 06:15:16', 1, 44, 23, 22, 0),
('2017-01-14 06:35:37', '2017-01-14 06:35:37', 1, 45, 22, 23, 0),
('2017-01-15 07:23:20', '2017-01-15 07:23:20', 2, 47, 23, 34, 0),
('2017-01-16 10:12:47', '2017-01-16 10:12:47', 2, 50, 6, 9, 0),
('2017-01-16 12:30:12', '2017-01-16 12:30:12', 1, 53, 10, 13, 0),
('2017-01-17 05:56:50', '2017-01-17 05:56:50', 2, 56, 10, 24, 0),
('2017-01-17 05:58:16', '2017-01-17 05:58:16', 2, 57, 10, 23, 0),
('2017-01-17 07:21:57', '2017-01-17 07:21:57', 2, 60, 10, 22, 0),
('2017-01-17 07:29:18', '2017-01-17 07:29:18', 1, 61, 10, 11, 0),
('2017-01-17 07:37:44', '2017-01-17 07:37:44', 2, 63, 6, 27, 0),
('2017-01-18 14:01:35', '2017-01-18 14:01:35', 1, 66, 6, 10, 0),
('2017-01-20 13:23:23', '2017-01-20 13:23:23', 1, 67, 13, 7, 0),
('2017-01-20 13:24:06', '2017-01-20 13:24:06', 2, 68, 13, 29, 0),
('2017-01-23 08:07:22', '2017-01-23 08:07:22', 1, 70, 10, 6, 0),
('2017-01-24 01:23:17', '2017-01-24 01:23:17', 2, 72, 1, 6, 0),
('2017-01-24 04:10:52', '2017-01-24 04:10:52', 1, 73, 27, 10, 0),
('2017-01-24 04:11:36', '2017-01-24 04:11:36', 1, 74, 27, 14, 0),
('2017-01-24 04:12:28', '2017-01-24 04:12:28', 1, 75, 27, 1, 0),
('2017-01-24 04:58:16', '2017-01-24 04:58:16', 1, 76, 10, 27, 0),
('2017-01-25 16:35:09', '2017-01-25 16:35:09', 1, 78, 33, 34, 0),
('2017-01-26 03:45:05', '2017-01-26 03:45:05', 2, 79, 33, 23, 0),
('2017-01-26 10:18:51', '2017-01-26 10:18:51', 1, 82, 33, 1, 0),
('2017-01-26 11:02:12', '2017-01-26 11:02:12', 2, 83, 13, 23, 0),
('2017-01-26 11:02:28', '2017-01-26 11:02:28', 1, 84, 13, 33, 0),
('2017-01-26 13:56:27', '2017-01-26 13:56:27', 1, 85, 13, 29, 0),
('2017-02-08 15:29:48', '2017-02-08 15:29:48', 1, 87, 4, 1, 0),
('2017-02-09 08:29:57', '2017-02-09 08:29:57', 2, 88, 54, 31, 0),
('2017-02-10 14:35:51', '2017-02-10 14:35:51', 1, 90, 6, 30, 0),
('2017-02-10 15:05:07', '2017-02-10 15:05:07', 1, 100, 6, 55, 0),
('2017-02-11 05:37:08', '2017-02-11 05:37:08', 1, 104, 6, 1, 0),
('2017-02-12 04:58:19', '2017-02-12 04:58:19', 2, 106, 13, 35, 0),
('2017-02-13 10:26:34', '2017-02-13 10:26:34', 1, 107, 56, 30, 0),
('2017-02-13 11:39:26', '2017-02-13 11:39:26', 2, 109, 56, 5, 0),
('2017-02-15 05:45:17', '2017-02-15 05:45:17', 1, 124, 13, 1, 0);

-- --------------------------------------------------------

--
-- Table structure for table `games`
--

CREATE TABLE `games` (
  `id` int(11) NOT NULL,
  `name` varchar(255) DEFAULT '',
  `discription` text,
  `cover_pic` varchar(255) DEFAULT '',
  `is_private` tinyint(4) DEFAULT NULL,
  `sport_id` int(11) NOT NULL,
  `ground_id` int(11) NOT NULL,
  `created_at` datetime DEFAULT NULL,
  `updated_at` datetime DEFAULT NULL,
  `is_completed` int(11) NOT NULL DEFAULT '0',
  `date` datetime NOT NULL DEFAULT CURRENT_TIMESTAMP,
  `start_time` time DEFAULT NULL,
  `end_time` time DEFAULT NULL,
  `max_members` int(11) NOT NULL DEFAULT '2',
  `status` int(11) NOT NULL DEFAULT '1',
  `attendance_status` int(11) DEFAULT '0',
  `shout` int(11) NOT NULL DEFAULT '0'
) ENGINE=InnoDB DEFAULT CHARSET=latin1;

--
-- Dumping data for table `games`
--

INSERT INTO `games` (`id`, `name`, `discription`, `cover_pic`, `is_private`, `sport_id`, `ground_id`, `created_at`, `updated_at`, `is_completed`, `date`, `start_time`, `end_time`, `max_members`, `status`, `attendance_status`, `shout`) VALUES
(1, 'Baseball', '', 'https://s3-ap-southeast-1.amazonaws.com/playthoraapp/players/games/Vaishakha1484711370/images%20%2824%29.jpg', 1, 4, 21, '2017-01-18 03:50:26', '2017-01-18 14:02:00', 1, '2017-01-18 00:00:00', '18:00:00', '19:30:00', 4, 1, 0, 0),
(2, 'Air sport', '', 'https://s3-ap-southeast-1.amazonaws.com/playthoraapp/sports/In+Air-100.png', 0, 7, 19, '2017-01-18 04:57:18', '2017-01-18 10:26:41', 1, '2017-01-18 00:00:00', '11:00:00', '12:30:00', 6, 0, 0, 0),
(3, 'Archery', '', 'https://s3-ap-southeast-1.amazonaws.com/playthoraapp/sports/Archer-100.png', 0, 8, 15, '2017-01-18 05:06:17', '2017-01-18 05:08:36', 0, '2017-01-19 00:00:00', '07:30:00', '09:00:00', 4, 0, 0, 0),
(4, 'Rugby', '', 'https://s3-ap-southeast-1.amazonaws.com/playthoraapp/sports/Rugby-100.png', 0, 5, 35, '2017-01-18 05:40:34', '2017-01-18 10:32:19', 1, '2017-01-18 00:00:00', '11:30:00', '13:00:00', 20, 1, 1, 0),
(5, 'Basketball', '', 'https://s3-ap-southeast-1.amazonaws.com/playthoraapp/players/games/Vaishakha1484720994/unnamed%20%281%29.jpg', 0, 3, 22, '2017-01-18 06:30:15', '2017-01-18 09:31:15', 1, '2017-01-18 00:00:00', '12:30:00', '13:30:00', 18, 1, 1, 0),
(6, 'Cricket', '', 'https://s3-ap-southeast-1.amazonaws.com/playthoraapp/players/games/Vaishakha1484723566/images%20%2826%29.jpg', 0, 1, 25, '2017-01-18 07:13:23', '2017-01-18 10:06:41', 1, '2017-01-18 00:00:00', '14:00:00', '15:30:00', 20, 1, 0, 0),
(7, 'Football', '', 'https://s3-ap-southeast-1.amazonaws.com/playthoraapp/players/games/Vaishakha1484724129/images%20%2816%29.jpg', 0, 2, 26, '2017-01-18 07:23:55', '2017-01-18 10:06:41', 1, '2017-01-18 00:00:00', '14:00:00', '15:30:00', 20, 1, 0, 0),
(8, 'Archery', '', 'https://s3-ap-southeast-1.amazonaws.com/playthoraapp/players/games/Vaishakha1484725121/ArodPurse.jpg', 0, 8, 15, '2017-01-18 07:39:44', '2017-01-18 08:49:13', 1, '2017-01-18 00:00:00', '13:30:00', '14:00:00', 4, 1, 0, 0),
(9, 'Dont pay', '', 'https://s3-ap-southeast-1.amazonaws.com/playthoraapp/players/games/Vaishakha1484734072/download.png', 0, 7, 8, '2017-01-18 10:08:35', '2017-01-18 11:06:27', 1, '2017-01-18 00:00:00', '16:00:00', '16:30:00', 2, 1, 0, 0),
(10, 'Sport', '', 'https://s3-ap-southeast-1.amazonaws.com/playthoraapp/players/games/Vaishakha1484734423/images%20%2826%29.jpg', 0, 7, 8, '2017-01-18 10:14:28', '2017-01-18 11:06:27', 1, '2017-01-18 00:00:00', '16:00:00', '16:30:00', 3, 1, 0, 0),
(11, 'Rugby', '', 'https://s3-ap-southeast-1.amazonaws.com/playthoraapp/players/games/Vaishakha1484717749/unnamed.jpg', 0, 5, 35, '2017-01-18 11:24:53', '2017-01-18 13:31:13', 1, '2017-01-18 00:00:00', '17:30:00', '19:00:00', 3, 1, 0, 0),
(12, 'Points for team', '', 'https://s3-ap-southeast-1.amazonaws.com/playthoraapp/players/games/Vaishakha1484745997/images%20%2822%29.jpg', 0, 10, 24, '2017-01-18 13:27:32', '2017-01-19 04:55:51', 1, '2017-01-19 00:00:00', '07:30:00', '08:30:00', 7, 1, 0, 0),
(13, 'Team game', '', 'https://s3-ap-southeast-1.amazonaws.com/playthoraapp/players/games/Vaishakha1484747443/images%20%2825%29.jpg', 0, 15, 32, '2017-01-18 13:51:43', '2017-01-19 05:01:15', 1, '2017-01-19 00:00:00', '09:30:00', '10:30:00', 6, 1, 1, 0),
(14, 'Request from agasthya', '', 'https://s3-ap-southeast-1.amazonaws.com/playthoraapp/players/games/Vaishakha1484748287/images%20%2819%29.jpg', 0, 10, 7, '2017-01-18 14:05:37', '2017-01-18 15:03:04', 1, '2017-01-18 00:00:00', '20:00:00', '20:30:00', 5, 1, 0, 0),
(15, 'cricket', 'criket', 'https://s3-ap-southeast-1.amazonaws.com/playthoraapp/players/games/Hemi1483074831/Daily1483074829731.jpg', 1, 6, 10, '2017-01-19 01:45:03', '2017-01-19 01:45:03', 0, '2017-01-20 13:00:00', '11:00:00', '13:00:00', 2, 1, 0, 0),
(16, 'Hockey', 'Fastest game', 'https://s3-ap-southeast-1.amazonaws.com/playthoraapp/players/games/Hemant_R1484801002/International-icehockey_%26_d4b7b71b-7f95-41a3-b7db-e0832b7afcca.jpg', 0, 6, 36, '2017-01-19 04:44:16', '2017-01-19 06:07:18', 1, '2017-01-19 09:30:00', '10:30:00', '11:30:00', 20, 1, 1, 0),
(17, 'Not payed', '', 'https://s3-ap-southeast-1.amazonaws.com/playthoraapp/players/games/Vaishakha1484801656/photo.jpg', 0, 2, 18, '2017-01-19 04:55:13', '2017-01-19 07:12:32', 1, '2017-01-19 12:00:00', '10:30:00', '12:00:00', 2, 1, 1, 0),
(18, 'Payment deny', '', 'https://s3-ap-southeast-1.amazonaws.com/playthoraapp/players/games/Vaishakha1484802480/images%20%2823%29.jpg', 0, 17, 28, '2017-01-19 05:08:21', '2017-01-19 06:31:12', 1, '2017-01-19 11:30:00', '11:00:00', '11:30:00', 4, 1, 0, 0),
(19, 'Payed full', '', 'https://s3-ap-southeast-1.amazonaws.com/playthoraapp/players/games/Vaishakha1484802527/images%20%2817%29.jpg', 0, 11, 30, '2017-01-19 05:09:31', '2017-01-19 06:29:27', 1, '2017-01-19 11:30:00', '11:00:00', '11:30:00', 2, 1, 0, 0),
(20, 'Race', 'Helo', 'https://s3-ap-southeast-1.amazonaws.com/playthoraapp/players/games/Hemant_R1484808429/India-Motorcycle%20%283%29_%26_71b9b6cf-d5ba-4501-8f20-44150b1ccce7.jpg', 0, 10, 24, '2017-01-19 06:48:26', '2017-01-19 10:19:30', 1, '2017-01-19 12:30:00', '12:30:00', '13:30:00', 5, 1, 1, 0),
(21, 'Limited player', '', 'https://s3-ap-southeast-1.amazonaws.com/playthoraapp/players/games/Vaishakha1484813125/download%20%284%29.jpg', 0, 6, 36, '2017-01-19 08:10:01', '2017-01-19 09:44:47', 1, '2017-01-19 14:30:00', '14:00:00', '14:30:00', 2, 1, 0, 0),
(22, 'Swim', 'Jump', 'https://s3-ap-southeast-1.amazonaws.com/playthoraapp/players/games/Hemant_R1484814106/international-adventure_%26_41bf9425-dc07-4266-9aab-9419f8b89cfa.jpg', 0, 13, 34, '2017-01-19 08:22:52', '2017-01-20 13:25:46', 1, '2017-01-19 15:30:00', '14:30:00', '15:30:00', 5, 1, 1, 0),
(24, 'Test pay', '', 'https://s3-ap-southeast-1.amazonaws.com/playthoraapp/players/games/Vaishakha1484817071/images%20%2827%29.jpg', 0, 10, 24, '2017-01-19 09:11:46', '2017-01-20 06:04:27', 1, '2017-01-19 15:30:00', '15:00:00', '15:30:00', 2, 1, 1, 0),
(25, 'Hockey', '', 'https://s3-ap-southeast-1.amazonaws.com/playthoraapp/players/games/Vaishakha1484819322/download%20%285%29.jpg', 0, 6, 36, '2017-01-19 09:49:43', '2017-01-19 09:50:46', 0, '2017-01-20 08:30:00', '08:00:00', '08:30:00', 2, 0, 0, 0),
(26, 'Racer ', 'Destination within  2min', 'https://s3-ap-southeast-1.amazonaws.com/playthoraapp/players/games/Nakul_K_Jagadish1484820410/Daily1484820366894.jpg', 0, 5, 35, '2017-01-19 10:07:44', '2017-01-19 12:01:02', 1, '2017-01-19 17:30:00', '16:00:00', '17:30:00', 10, 1, 0, 0),
(27, 'Car race', '', 'https://s3-ap-southeast-1.amazonaws.com/playthoraapp/players/games/Hemant_R1484821526/international_car_%26_f065535b-597b-4e37-8513-876889118d3c.jpg', 0, 7, 19, '2017-01-19 10:26:31', '2017-01-19 10:43:18', 1, '2017-01-19 08:00:00', '06:30:00', '08:00:00', 5, 1, 1, 0),
(28, 'Join', '', 'https://s3-ap-southeast-1.amazonaws.com/playthoraapp/players/games/Vaishakha1484821594/images%20%2831%29.jpg', 0, 6, 36, '2017-01-19 10:27:12', '2017-01-20 13:00:31', 1, '2017-01-19 16:30:00', '16:00:00', '16:30:00', 2, 0, 0, 0),
(29, 'Gym', 'Helo', 'https://s3-ap-southeast-1.amazonaws.com/playthoraapp/players/games/Hemant_R1484832831/International-Travel_%26_53e1e068-0183-40a3-8bf2-7d2c5285625e.jpg', 0, 14, 29, '2017-01-19 13:34:18', '2017-01-20 13:01:11', 0, '2017-01-19 18:30:00', '19:30:00', '20:30:00', 4, 0, 0, 0),
(30, 'Racing', '', 'https://s3-ap-southeast-1.amazonaws.com/playthoraapp/players/games/Nakul_Jagadish1484834324/1483604154901.jpg', 0, 10, 24, '2017-01-19 13:59:34', '2017-01-19 13:59:34', 1, '2017-01-19 07:00:00', '06:30:00', '07:00:00', 7, 1, 0, 0),
(31, 'Hockey No pay', '', 'https://s3-ap-southeast-1.amazonaws.com/playthoraapp/players/games/Vaishakha1484898434/download%20%285%29.jpg', 0, 6, 36, '2017-01-20 07:48:17', '2017-01-20 13:00:31', 1, '2017-01-20 14:00:00', '13:30:00', '14:00:00', 2, 0, 0, 0),
(32, 'Pay Hockey ', '', 'https://s3-ap-southeast-1.amazonaws.com/playthoraapp/players/games/Vaishakha1484898548/download%20%284%29.jpg', 0, 6, 36, '2017-01-20 07:49:10', '2017-01-20 09:39:29', 1, '2017-01-20 14:00:00', '13:30:00', '14:00:00', 2, 1, 1, 0),
(33, 'No Pay fish', '', 'https://s3-ap-southeast-1.amazonaws.com/playthoraapp/players/games/Vaishakha1484902551/download%20%287%29.jpg', 0, 13, 34, '2017-01-20 08:56:28', '2017-01-20 13:00:31', 0, '2017-01-20 15:00:00', '14:30:00', '15:00:00', 2, 0, 0, 0),
(34, 'Pay fish', '', 'https://s3-ap-southeast-1.amazonaws.com/playthoraapp/players/games/Vaishakha1484902601/images%20%281%29.png', 0, 13, 34, '2017-01-20 08:57:07', '2017-01-20 09:38:57', 1, '2017-01-20 15:00:00', '14:30:00', '15:00:00', 2, 1, 1, 0),
(35, 'Game to delete', '', 'https://s3-ap-southeast-1.amazonaws.com/playthoraapp/players/games/Vaishakha1484906100/images%20%2829%29.jpg', 0, 6, 36, '2017-01-20 09:55:42', '2017-01-20 09:55:58', 0, '2017-01-20 16:00:00', '15:30:00', '16:00:00', 2, 0, 0, 0),
(36, 'Hoc', '', 'https://s3-ap-southeast-1.amazonaws.com/playthoraapp/players/games/Vaishakha1484907320/images%20%2830%29.jpg', 0, 6, 36, '2017-01-20 10:16:14', '2017-01-20 13:00:31', 0, '2017-01-20 16:30:00', '16:00:00', '16:30:00', 2, 0, 0, 0),
(37, 'Hanky', '', 'https://s3-ap-southeast-1.amazonaws.com/playthoraapp/players/games/Vaishakha1484908619/images%20%2817%29.jpg', 0, 6, 36, '2017-01-20 10:38:11', '2017-01-20 10:47:49', 0, '2017-01-20 17:00:00', '16:30:00', '17:00:00', 2, 0, 0, 0),
(38, 'Hanky', '', 'https://s3-ap-southeast-1.amazonaws.com/playthoraapp/players/games/Vaishakha1484908619/images%20%2817%29.jpg', 0, 10, 24, '2017-01-20 10:42:20', '2017-01-20 13:00:31', 0, '2017-01-20 17:00:00', '16:30:00', '17:00:00', 3, 0, 0, 0),
(39, 'Hanky', '', 'https://s3-ap-southeast-1.amazonaws.com/playthoraapp/players/games/Vaishakha1484908619/images%20%2817%29.jpg', 0, 10, 24, '2017-01-20 10:43:38', '2017-01-20 12:49:14', 1, '2017-01-20 17:00:00', '16:30:00', '17:00:00', 3, 1, 1, 0),
(40, 'Bowl', '', 'https://s3-ap-southeast-1.amazonaws.com/playthoraapp/players/games/Vaishakha1484909081/images%20%2828%29.jpg', 0, 13, 34, '2017-01-20 10:45:10', '2017-01-20 10:48:01', 0, '2017-01-20 17:00:00', '16:30:00', '17:00:00', 9, 0, 0, 0),
(41, 'Bowl', '', 'https://s3-ap-southeast-1.amazonaws.com/playthoraapp/players/games/Vaishakha1484909081/images%20%2828%29.jpg', 0, 13, 34, '2017-01-20 10:46:55', '2017-01-20 12:50:13', 1, '2017-01-20 17:00:00', '16:30:00', '17:00:00', 9, 1, 1, 0),
(42, 'Test pay', '', 'https://s3-ap-southeast-1.amazonaws.com/playthoraapp/players/games/Vaishakha1484817071/images%20%2827%29.jpg', 0, 8, 15, '2017-01-20 11:03:39', '2017-01-20 11:07:47', 0, '2017-01-20 17:30:00', '17:00:00', '17:30:00', 3, 0, 0, 0),
(43, 'Swim', 'Jump', 'https://s3-ap-southeast-1.amazonaws.com/playthoraapp/players/games/Hemant_R1484814106/international-adventure_%26_41bf9425-dc07-4266-9aab-9419f8b89cfa.jpg', 0, 13, 34, '2017-01-20 13:29:03', '2017-01-23 09:28:17', 1, '2017-01-21 07:00:00', '06:30:00', '07:00:00', 2, 1, 1, 0),
(44, 'Cycling', 'Disp optional', 'https://s3-ap-southeast-1.amazonaws.com/playthoraapp/sports/Hockey/hockey-icons-79305.png', 0, 10, 24, '2017-01-23 07:26:15', '2017-01-23 08:04:03', 0, '2017-01-23 13:30:00', '13:00:00', '13:30:00', 7, 0, 0, 0),
(45, 'Cycling', '', 'https://s3-ap-southeast-1.amazonaws.com/playthoraapp/sports/Hockey/hockey-icons-79305.png', 1, 10, 24, '2017-01-23 07:50:15', '2017-01-23 10:44:54', 1, '2017-01-23 14:00:00', '13:30:00', '14:00:00', 7, 1, 1, 0),
(46, 'Fishing', '', 'https://s3-ap-southeast-1.amazonaws.com/playthoraapp/sports/Hockey/hockey-icons-79305.png', 0, 13, 34, '2017-01-23 09:41:20', '2017-01-23 10:36:36', 0, '2017-01-23 16:00:00', '15:30:00', '16:00:00', 10, 0, 0, 0),
(47, 'Game for team', '', 'https://s3-ap-southeast-1.amazonaws.com/playthoraapp/sports/Hockey/hockey-icons-79305.png', 1, 6, 36, '2017-01-23 10:08:02', '2017-01-23 11:05:45', 0, '2017-01-23 16:30:00', '16:00:00', '16:30:00', 24, 0, 0, 0),
(48, 'Team zap game', '', 'https://s3-ap-southeast-1.amazonaws.com/playthoraapp/sports/Hockey/hockey-icons-79305.png', 0, 6, 36, '2017-01-23 10:27:49', '2017-01-24 04:01:02', 1, '2017-01-23 16:30:00', '16:00:00', '16:30:00', 24, 1, 0, 0),
(49, 'Football', '', 'https://s3-ap-southeast-1.amazonaws.com/playthoraapp/sports/Football-100.png', 1, 2, 26, '2017-01-23 16:17:53', '2017-01-26 00:33:05', 1, '2017-01-24 09:30:00', '06:30:00', '09:30:00', 24, 1, 1, 0),
(50, 'Cricket crazy', '', 'https://s3-ap-southeast-1.amazonaws.com/playthoraapp/sports/Cricket-100.png', 1, 1, 25, '2017-01-23 18:10:50', '2017-01-26 09:57:01', 1, '2017-01-24 12:30:00', '08:00:00', '12:30:00', 26, 1, 1, 0),
(51, 'Hunt them down', '', 'https://s3-ap-southeast-1.amazonaws.com/playthoraapp/sports/Hockey/hockey-icons-79305.png', 1, 18, 33, '2017-01-24 01:20:16', '2017-01-25 15:23:29', 0, '2017-01-24 10:00:00', '09:00:00', '10:00:00', 30, 0, 0, 0),
(52, 'Cricket', 'Cricket in hsr main ground', 'https://s3-ap-southeast-1.amazonaws.com/playthoraapp/sports/Cricket-100.png', 1, 1, 25, '2017-01-24 04:14:40', '2017-01-24 04:21:16', 0, '2017-01-25 11:00:00', '08:00:00', '11:00:00', 26, 0, 0, 0),
(53, 'Cricket', 'Cricket in hsr main ground', 'https://s3-ap-southeast-1.amazonaws.com/playthoraapp/sports/Cricket-100.png', 1, 1, 25, '2017-01-24 04:16:04', '2017-01-24 04:16:04', 0, '2017-01-25 11:00:00', '08:00:00', '11:00:00', 26, 1, 0, 0),
(54, 'Date game', '', 'https://s3-ap-southeast-1.amazonaws.com/playthoraapp/sports/Hockey/hockey-icons-79305.png', 0, 7, 19, '2017-01-24 05:16:55', '2017-01-24 05:16:55', 0, '2017-01-24 12:30:00', '11:00:00', '12:30:00', 6, 1, 0, 0),
(55, 'Volleyball', '', 'https://s3-ap-southeast-1.amazonaws.com/playthoraapp/sports/Volleyball-100.png', 0, 11, 30, '2017-01-24 05:40:13', '2017-01-24 06:48:31', 0, '2017-01-24 12:00:00', '11:30:00', '12:00:00', 16, 0, 0, 0),
(56, 'Hac hockey', '', 'https://s3-ap-southeast-1.amazonaws.com/playthoraapp/sports/Hockey-100.png', 0, 6, 36, '2017-01-24 06:05:34', '2017-01-24 06:05:34', 0, '2017-01-24 12:30:00', '12:00:00', '12:30:00', 24, 1, 0, 0),
(57, 'Hockey challeng', '', 'https://s3-ap-southeast-1.amazonaws.com/playthoraapp/sports/Hockey-100.png', 0, 6, 36, '2017-01-24 06:37:09', '2017-01-24 07:54:58', 0, '2017-01-24 13:00:00', '12:30:00', '13:00:00', 24, 0, 0, 0),
(58, 'Hockey', '', 'https://s3-ap-southeast-1.amazonaws.com/playthoraapp/sports/Hockey-100.png', 0, 6, 36, '2017-01-24 12:44:26', '2017-01-24 12:44:26', 0, '2017-01-24 22:30:00', '18:30:00', '22:30:00', 24, 1, 0, 0),
(59, 'Hockey in kanteerava', '', 'https://s3-ap-southeast-1.amazonaws.com/playthoraapp/sports/Hockey-100.png', 0, 6, 36, '2017-01-24 13:15:36', '2017-01-24 13:15:36', 0, '2017-01-25 10:00:00', '08:00:00', '10:00:00', 24, 1, 0, 0),
(60, 'Volleyball', '', 'https://s3-ap-southeast-1.amazonaws.com/playthoraapp/sports/Volleyball-100.png', 0, 11, 30, '2017-01-25 07:22:32', '2017-01-25 07:22:33', 0, '2017-01-26 06:30:00', '05:30:00', '06:30:00', 12, 1, 0, 0),
(61, 'Hockey', '', 'https://s3-ap-southeast-1.amazonaws.com/playthoraapp/sports/Hockey-100.png', 0, 6, 36, '2017-01-25 13:16:05', '2017-01-27 01:15:08', 1, '2017-01-26 21:30:00', '10:30:00', '21:30:00', 24, 1, 0, 0),
(62, 'Cricket', '', 'https://s3-ap-southeast-1.amazonaws.com/playthoraapp/sports/Cricket-100.png', 0, 1, 25, '2017-01-26 00:12:25', '2017-01-26 00:12:25', 0, '2017-01-26 11:00:00', '09:30:00', '11:00:00', 26, 1, 0, 0),
(63, 'Golf', '', '	https://s3-ap-southeast-1.amazonaws.com/playthoraapp/sports/Archer-100.png', 1, 8, 15, '2017-01-26 07:27:20', '2017-01-27 04:31:57', 0, '2017-01-27 08:00:00', '07:30:00', '08:00:00', 1, 0, 0, 0),
(64, 'Air sport', '', 'https://s3-ap-southeast-1.amazonaws.com/playthoraapp/sports/Hockey/hockey-icons-79305.png', 0, 7, 19, '2017-01-26 07:38:44', '2017-01-27 04:31:57', 0, '2017-01-27 08:00:00', '06:30:00', '08:00:00', 2, 0, 0, 0),
(65, 'Air', 'Raid', 'https://s3-ap-southeast-1.amazonaws.com/playthoraapp/sports/Hockey/hockey-icons-79305.png', 1, 7, 19, '2017-01-26 07:58:57', '2017-01-26 07:58:57', 0, '2017-01-27 08:00:00', '06:30:00', '08:00:00', 6, 1, 0, 0),
(66, 'Archery', '', 'https://s3-ap-southeast-1.amazonaws.com/playthoraapp/sports/Archer-100.png', 0, 8, 9, '2017-01-26 09:47:21', '2017-01-27 04:44:14', 0, '2017-01-27 09:30:00', '09:00:00', '09:30:00', 25, 0, 0, 0),
(67, 'Football', '', 'https://s3-ap-southeast-1.amazonaws.com/playthoraapp/sports/Football-100.png', 0, 2, 26, '2017-01-26 09:48:51', '2017-01-27 04:44:14', 0, '2017-01-27 09:30:00', '08:00:00', '09:30:00', 12, 0, 0, 0),
(68, 'Test', '', 'https://s3-ap-southeast-1.amazonaws.com/playthoraapp/sports/Hockey-100.png', 0, 8, 15, '2017-01-26 09:58:31', '2017-01-30 06:25:03', 1, '2017-01-27 08:00:00', '07:30:00', '08:00:00', 1, 1, 1, 0),
(69, 'Air sports 1', '', 'https://s3-ap-southeast-1.amazonaws.com/playthoraapp/sports/In+Air-100.png', 1, 7, 19, '2017-01-26 13:18:46', '2017-01-27 04:31:57', 0, '2017-01-27 09:30:00', '08:00:00', '09:30:00', 1, 0, 0, 0),
(70, 'Air sports 1', '', 'https://s3-ap-southeast-1.amazonaws.com/playthoraapp/sports/In+Air-100.png', 1, 7, 19, '2017-01-26 13:21:50', '2017-01-26 13:21:50', 0, '2017-01-27 09:30:00', '08:00:00', '09:30:00', 1, 1, 0, 0),
(71, 'Baseball ', '', 'https://s3-ap-southeast-1.amazonaws.com/playthoraapp/sports/Baseball-100.png', 1, 4, 21, '2017-01-26 13:31:29', '2017-01-27 04:31:57', 0, '2017-01-27 09:00:00', '07:30:00', '09:00:00', 1, 0, 0, 0),
(72, 'Climbing', '', 'https://s3-ap-southeast-1.amazonaws.com/playthoraapp/sports/Climbing-100.png', 1, 9, 12, '2017-01-26 13:52:37', '2017-01-27 04:31:56', 0, '2017-01-27 10:00:00', '09:00:00', '10:00:00', 1, 0, 0, 0),
(73, 'United 11', '', 'https://s3-ap-southeast-1.amazonaws.com/playthoraapp/sports/Baseball-100.png', 1, 4, 21, '2017-01-27 07:24:54', '2017-01-27 07:24:54', 0, '2017-01-27 15:00:00', '13:30:00', '15:00:00', 1, 1, 0, 0),
(74, 'Volleyball', '', 'https://s3-ap-southeast-1.amazonaws.com/playthoraapp/sports/Volleyball-100.png', 1, 11, 30, '2017-01-30 05:48:21', '2017-01-30 06:33:21', 1, '2017-01-30 12:00:00', '11:30:00', '12:00:00', 1, 1, 1, 0),
(75, 'Volleyball 5', '', 'https://s3-ap-southeast-1.amazonaws.com/playthoraapp/sports/Volleyball-100.png', 1, 11, 30, '2017-01-30 06:42:57', '2017-01-30 09:15:16', 0, '2017-01-30 13:00:00', '12:30:00', '13:00:00', 1, 0, 0, 0),
(76, 'Archery', '', 'https://s3-ap-southeast-1.amazonaws.com/playthoraapp/sports/Archer-100.png', 1, 8, 15, '2017-01-30 10:58:14', '2017-01-30 10:58:14', 0, '2017-01-30 17:00:00', '16:30:00', '17:00:00', 1, 1, 0, 0),
(77, 'Baseball', '', 'https://s3-ap-southeast-1.amazonaws.com/playthoraapp/sports/Baseball-100.png', 1, 4, 21, '2017-01-30 11:31:59', '2017-02-12 02:59:41', 1, '2017-01-30 19:30:00', '18:00:00', '19:30:00', 1, 1, 0, 0),
(78, 'Air', '', 'https://s3-ap-southeast-1.amazonaws.com/playthoraapp/sports/In+Air-100.png', 1, 7, 19, '2017-02-01 10:45:26', '2017-02-13 04:29:22', 1, '2017-02-02 08:00:00', '06:30:00', '08:00:00', 1, 1, 0, 0),
(79, 'Archery', '', 'https://s3-ap-southeast-1.amazonaws.com/playthoraapp/sports/Archer-100.png', 1, 8, 15, '2017-02-01 12:16:15', '2017-02-13 04:29:22', 1, '2017-02-02 08:00:00', '07:30:00', '08:00:00', 1, 1, 0, 0),
(80, 'Cricket', '', 'https://s3-ap-southeast-1.amazonaws.com/playthoraapp/sports/Cricket-100.png', 1, 1, 25, '2017-02-01 12:17:20', '2017-02-01 14:21:16', 0, '2017-02-02 09:30:00', '08:00:00', '09:30:00', 1, 0, 0, 0),
(81, 'Cycling', '', 'https://s3-ap-southeast-1.amazonaws.com/playthoraapp/sports/Cycling+Road-100.png', 1, 10, 24, '2017-02-01 12:18:33', '2017-02-13 04:29:22', 1, '2017-02-01 18:30:00', '18:00:00', '18:30:00', 1, 1, 0, 0),
(82, 'Rugby', '', 'https://s3-ap-southeast-1.amazonaws.com/playthoraapp/sports/Rugby-100.png', 1, 5, 35, '2017-02-01 12:29:58', '2017-02-13 04:29:22', 1, '2017-02-02 07:00:00', '05:30:00', '07:00:00', 1, 1, 0, 0),
(83, 'Basketball', '', 'https://s3-ap-southeast-1.amazonaws.com/playthoraapp/sports/Basketball+Jersey-100.png', 1, 3, 22, '2017-02-01 12:34:43', '2017-02-13 04:29:22', 1, '2017-02-01 19:30:00', '18:30:00', '19:30:00', 1, 1, 0, 0),
(84, 'Sports', '', 'https://s3-ap-southeast-1.amazonaws.com/playthoraapp/sports/In+Air-100.png', 1, 7, 19, '2017-02-01 12:50:03', '2017-02-13 04:29:38', 1, '2017-02-02 09:30:00', '08:00:00', '09:30:00', 1, 1, 1, 0),
(85, 'Galli cricket', '', 'https://s3-ap-southeast-1.amazonaws.com/playthoraapp/sports/Cricket-100.png', 1, 1, 25, '2017-02-01 12:54:49', '2017-02-01 14:03:38', 0, '2017-02-02 12:30:00', '11:00:00', '12:30:00', 1, 0, 0, 0),
(86, 'Fishing', '', 'https://s3-ap-southeast-1.amazonaws.com/playthoraapp/sports/Fishing-96.png', 1, 13, 34, '2017-02-01 13:04:17', '2017-02-13 04:29:22', 1, '2017-02-02 07:00:00', '06:30:00', '07:00:00', 1, 1, 0, 0),
(87, 'Baseball', '', 'https://s3-ap-southeast-1.amazonaws.com/playthoraapp/sports/Baseball-100.png', 1, 4, 21, '2017-02-01 13:53:14', '2017-02-13 04:29:22', 1, '2017-02-02 09:00:00', '07:30:00', '09:00:00', 1, 1, 0, 0),
(88, 'Jjkk', 'Hjjj', 'https://s3-ap-southeast-1.amazonaws.com/playthoraapp/sports/kite.png', 1, 15, 32, '2017-02-05 09:43:38', '2017-02-05 09:43:38', 0, '2017-02-05 16:30:00', '15:30:00', '16:30:00', 1, 1, 0, 0),
(89, 'Shout game', '', 'https://s3-ap-southeast-1.amazonaws.com/playthoraapp/sports/Cycling+Road-100.png', 1, 10, 24, '2017-02-06 13:11:34', '2017-02-10 04:30:47', 1, '2017-02-07 07:00:00', '06:30:00', '07:00:00', 1, 1, 1, 1),
(90, 'Game on', '', 'https://s3-ap-southeast-1.amazonaws.com/playthoraapp/sports/Archer-100.png', 1, 8, 15, '2017-02-07 09:58:59', '2017-02-07 10:07:35', 0, '2017-02-08 12:00:00', '11:30:00', '12:00:00', 1, 0, 0, 0),
(91, 'Game on', '', 'https://s3-ap-southeast-1.amazonaws.com/playthoraapp/sports/Cricket-100.png', 1, 1, 25, '2017-02-07 10:09:14', '2017-02-09 11:25:13', 1, '2017-02-08 17:00:00', '09:30:00', '17:00:00', 26, 1, 1, 0),
(92, 'Super bowl', '', 'https://s3-ap-southeast-1.amazonaws.com/playthoraapp/sports/Archer-100.png', 1, 8, 15, '2017-02-07 12:59:40', '2017-02-13 15:48:19', 1, '2017-02-08 08:30:00', '07:30:00', '08:30:00', 4, 1, 1, 0),
(93, 'Footbal', '', 'https://s3-ap-southeast-1.amazonaws.com/playthoraapp/sports/Football-100.png', 1, 2, 26, '2017-02-08 15:35:32', '2017-02-10 13:05:26', 0, '2017-02-10 09:30:00', '08:00:00', '09:30:00', 15, 0, 0, 0),
(94, 'Cycling', '', 'https://s3-ap-southeast-1.amazonaws.com/playthoraapp/sports/Cycling+Road-100.png', 1, 10, 24, '2017-02-09 07:21:29', '2017-02-10 04:31:51', 1, '2017-02-10 07:30:00', '06:30:00', '07:30:00', 7, 1, 1, 0),
(95, 'Climb', '', 'https://s3-ap-southeast-1.amazonaws.com/playthoraapp/sports/Climbing-100.png', 1, 9, 12, '2017-02-09 07:23:15', '2017-02-09 11:45:36', 0, '2017-02-09 14:00:00', '13:00:00', '14:00:00', 25, 0, 0, 0),
(96, 'Cvg', 'Ghhh', 'https://s3-ap-southeast-1.amazonaws.com/playthoraapp/sports/Cricket-100.png', 1, 1, 25, '2017-02-09 08:57:51', '2017-02-09 08:57:51', 0, '2017-02-11 09:30:00', '08:00:00', '09:30:00', 1, 1, 0, 0),
(97, 'Fhj', 'Fgj', 'https://s3-ap-southeast-1.amazonaws.com/playthoraapp/sports/Curls+With+Dumbbells-100.png', 1, 14, 29, '2017-02-09 08:58:24', '2017-02-09 08:58:24', 0, '2017-02-10 06:30:00', '06:00:00', '06:30:00', 4, 1, 0, 0),
(98, 'Testing', 'Testing', 'https://s3-ap-southeast-1.amazonaws.com/playthoraapp/sports/Cycling+Road-100.png', 1, 10, 24, '2017-02-09 11:18:47', '2017-02-09 11:28:43', 0, '2017-02-10 08:00:00', '07:30:00', '08:00:00', 1, 1, 0, 1),
(99, 'Centuries', '', 'https://s3-ap-southeast-1.amazonaws.com/playthoraapp/sports/Cricket-100.png', 1, 1, 25, '2017-02-09 11:40:00', '2017-02-10 10:19:10', 1, '2017-02-10 09:30:00', '08:00:00', '09:30:00', 1, 1, 1, 1),
(100, 'Game new', '', 'https://s3-ap-southeast-1.amazonaws.com/playthoraapp/sports/Cycling+Road-100.png', 1, 10, 24, '2017-02-10 06:14:43', '2017-02-10 06:14:44', 0, '2017-02-10 12:30:00', '12:00:00', '12:30:00', 7, 1, 0, 0),
(101, 'Blank cup', 'Test', 'https://s3-ap-southeast-1.amazonaws.com/playthoraapp/sports/Football-100.png', 0, 2, 26, '2017-02-10 10:23:55', '2017-02-10 15:05:09', 1, '2017-02-10 18:30:00', '17:00:00', '18:30:00', 10, 1, 1, 0),
(102, 'Football', '', 'https://s3-ap-southeast-1.amazonaws.com/playthoraapp/sports/Football-100.png', 1, 2, 26, '2017-02-10 13:07:50', '2017-02-12 18:05:32', 0, '2017-02-12 11:00:00', '09:30:00', '11:00:00', 10, 0, 0, 0),
(103, 'Aim Bad', '****', 'https://s3-ap-southeast-1.amazonaws.com/playthoraapp/sports/Archer-100.png', 1, 8, 15, '2017-02-13 06:26:17', '2017-02-13 06:26:17', 0, '2017-02-14 08:30:00', '08:00:00', '08:30:00', 4, 1, 0, 0),
(104, 'Testing', 'Testing', 'https://s3-ap-southeast-1.amazonaws.com/playthoraapp/sports/In+Air-100.png', 1, 7, 19, '2017-02-21 09:21:57', '2017-02-21 09:21:57', 0, '2017-02-22 11:00:00', '06:30:00', '11:00:00', 1, 1, 0, 0);

-- --------------------------------------------------------

--
-- Table structure for table `games_has_teams`
--

CREATE TABLE `games_has_teams` (
  `game_id` int(11) NOT NULL,
  `team_id` int(11) NOT NULL,
  `created_at` datetime DEFAULT NULL,
  `updated_at` datetime DEFAULT NULL
) ENGINE=InnoDB DEFAULT CHARSET=latin1;

--
-- Dumping data for table `games_has_teams`
--

INSERT INTO `games_has_teams` (`game_id`, `team_id`, `created_at`, `updated_at`) VALUES
(12, 23, '2017-01-18 13:27:32', '2017-01-18 13:27:32'),
(13, 23, '2017-01-18 13:51:43', '2017-01-18 13:51:43'),
(15, 2, '2017-01-19 01:45:03', '2017-01-19 01:45:03'),
(16, 10, '2017-01-19 04:44:16', '2017-01-19 04:44:16'),
(27, 22, '2017-01-19 10:26:31', '2017-01-19 10:26:31'),
(39, 10, '2017-01-20 10:43:38', '2017-01-20 10:43:38'),
(41, 31, '2017-01-20 10:46:55', '2017-01-20 10:46:55'),
(48, 31, '2017-01-23 10:27:49', '2017-01-23 10:27:49'),
(50, 10, '2017-01-23 18:10:50', '2017-01-23 18:10:50'),
(50, 31, '2017-01-23 18:10:50', '2017-01-23 18:10:50'),
(56, 10, '2017-01-24 06:05:34', '2017-01-24 06:05:34'),
(56, 31, '2017-01-24 06:05:34', '2017-01-24 06:05:34'),
(62, 10, '2017-01-26 00:12:25', '2017-01-26 00:12:25'),
(62, 31, '2017-01-26 00:12:25', '2017-01-26 00:12:25'),
(62, 32, '2017-01-26 00:12:25', '2017-01-26 00:12:25'),
(70, 7, '2017-01-26 13:21:50', '2017-01-26 13:21:50'),
(70, 9, '2017-01-26 13:21:50', '2017-01-26 13:21:50'),
(70, 10, '2017-01-26 13:21:50', '2017-01-26 13:21:50'),
(70, 13, '2017-01-26 13:21:50', '2017-01-26 13:21:50'),
(70, 22, '2017-01-26 13:21:50', '2017-01-26 13:21:50'),
(70, 23, '2017-01-26 13:21:50', '2017-01-26 13:21:50'),
(70, 31, '2017-01-26 13:21:50', '2017-01-26 13:21:50'),
(70, 32, '2017-01-26 13:21:50', '2017-01-26 13:21:50'),
(73, 10, '2017-01-27 07:24:54', '2017-01-27 07:24:54'),
(73, 31, '2017-01-27 07:24:54', '2017-01-27 07:24:54'),
(74, 1, '2017-01-30 05:48:21', '2017-01-30 05:48:21'),
(74, 6, '2017-01-30 05:48:21', '2017-01-30 05:48:21'),
(74, 13, '2017-01-30 05:48:21', '2017-01-30 05:48:21'),
(88, 1, '2017-02-05 09:43:38', '2017-02-05 09:43:38'),
(88, 6, '2017-02-05 09:43:38', '2017-02-05 09:43:38'),
(91, 31, '2017-02-07 10:09:14', '2017-02-07 10:09:14'),
(94, 31, '2017-02-09 07:21:29', '2017-02-09 07:21:29'),
(100, 31, '2017-02-10 06:14:44', '2017-02-10 06:14:44'),
(101, 5, '2017-02-10 10:23:55', '2017-02-10 10:23:55'),
(101, 10, '2017-02-10 10:23:55', '2017-02-10 10:23:55'),
(101, 31, '2017-02-10 10:23:55', '2017-02-10 10:23:55'),
(101, 34, '2017-02-10 10:23:55', '2017-02-10 10:23:55');

-- --------------------------------------------------------

--
-- Table structure for table `grounds`
--

CREATE TABLE `grounds` (
  `id` int(11) NOT NULL,
  `name` varchar(245) DEFAULT '',
  `max_member` int(11) DEFAULT '0',
  `is_disabled` tinyint(1) DEFAULT '0',
  `venue_id` int(11) NOT NULL,
  `sports_id` int(11) DEFAULT NULL,
  `sports_name` varchar(245) DEFAULT '',
  `created_at` datetime DEFAULT NULL,
  `updated_at` datetime DEFAULT NULL
) ENGINE=InnoDB DEFAULT CHARSET=latin1;

--
-- Dumping data for table `grounds`
--

INSERT INTO `grounds` (`id`, `name`, `max_member`, `is_disabled`, `venue_id`, `sports_id`, `sports_name`, `created_at`, `updated_at`) VALUES
(1, 'Cricket 50m×60m', 25, 0, 1, 7, 'Air sports', '2017-01-05 03:34:26', '2017-01-05 03:34:26'),
(2, 'Archery Rail 10m×10m', 25, 0, 1, 8, 'Archery', '2017-01-05 03:35:22', '2017-01-05 03:35:22'),
(3, 'Baseball Triangle 30m×30m', 25, 0, 1, 4, 'Baseball', '2017-01-05 03:36:04', '2017-01-05 03:36:04'),
(4, 'Basketball 40m×40m', 25, 0, 1, 3, 'Basketball', '2017-01-05 03:36:46', '2017-01-05 03:36:46'),
(5, 'Climbing Rock 20m×20m', 25, 0, 1, 9, 'Climbing', '2017-01-05 03:37:35', '2017-01-05 03:37:35'),
(6, 'Cricket Ground No 2 30m× 70m', 25, 0, 1, 1, 'cricket', '2017-01-05 03:38:25', '2017-01-05 03:38:25'),
(7, 'Cycling Track 200m × 200 m', 25, 0, 1, 10, 'Cycling', '2017-01-05 03:39:40', '2017-01-05 03:39:40'),
(8, 'Air Play 30m×30m', 25, 0, 2, 7, 'Air sports', '2017-01-05 03:45:09', '2017-01-05 03:45:19'),
(9, 'Archery Track 10m×10m', 25, 0, 2, 8, 'Archery', '2017-01-05 03:46:02', '2017-01-05 03:46:02'),
(10, 'Jackie Robinson 60m×60m', 25, 0, 2, 4, 'Baseball', '2017-01-05 03:47:45', '2017-01-05 03:47:45'),
(11, 'Jordan Basketball 50m×50m', 25, 0, 4, 3, 'Basketball', '2017-01-05 03:54:10', '2017-01-05 03:54:10'),
(12, 'Rocky 30m×30m', 25, 0, 4, 9, 'Climbing', '2017-01-05 03:54:55', '2017-01-05 03:54:55'),
(13, 'Climbing Wall 50ft', 4, 0, 3, 9, 'Climbing', '2017-01-05 03:55:13', '2017-01-05 03:55:13'),
(14, 'Sachin 40m×50m', 25, 0, 4, 1, 'cricket', '2017-01-05 03:55:37', '2017-01-05 03:55:37'),
(15, 'Archery Zone', 4, 0, 3, 8, 'Archery', '2017-01-05 03:56:05', '2017-01-05 03:56:05'),
(16, 'Fitness Care', 5, 0, 3, 14, 'Gym', '2017-01-05 03:57:01', '2017-01-05 03:57:01'),
(17, 'Lake Simulation 10m×10m', 25, 0, 4, 13, 'Fishing', '2017-01-05 03:58:20', '2017-01-05 03:58:20'),
(18, 'Messi 100m × 100m', 25, 0, 4, 2, 'football', '2017-01-05 03:59:22', '2017-01-05 03:59:22'),
(19, 'Air Games', 6, 0, 5, 7, 'Air sports', '2017-01-05 04:00:48', '2017-02-02 10:23:47'),
(20, 'Tiger Woods 40m×40m', 25, 0, 2, 16, 'Golf', '2017-01-05 04:01:46', '2017-01-05 04:01:46'),
(21, 'Baseball Ground', 20, 0, 5, 4, 'Baseball', '2017-01-05 04:01:48', '2017-02-01 14:41:18'),
(22, 'Basketball Stadium', 18, 0, 5, 3, 'Basketball', '2017-01-05 04:02:34', '2017-01-05 04:02:34'),
(23, 'Snap Fitness 250m×250m', 25, 0, 2, 14, 'Gym', '2017-01-05 04:02:53', '2017-01-05 04:02:53'),
(24, 'Cycling Track 7km', 7, 0, 5, 10, 'Cycling', '2017-01-05 04:04:56', '2017-01-05 04:04:56'),
(25, 'Cricket Ground 100*100m', 26, 0, 6, 1, 'cricket', '2017-01-05 04:13:04', '2017-01-05 04:13:04'),
(26, 'Football Ground  70*70m', 24, 0, 6, 2, 'football', '2017-01-05 04:14:18', '2017-01-05 04:14:18'),
(27, 'Volleyball Net', 16, 0, 6, 11, 'Volleyball', '2017-01-05 04:17:57', '2017-01-05 04:17:57'),
(28, 'Gymnastics Floor', 4, 0, 7, 17, 'Gymnastics', '2017-01-05 04:21:35', '2017-02-01 15:12:01'),
(29, 'Gym For Health', 4, 0, 7, 14, 'Gym', '2017-01-05 04:22:16', '2017-02-01 15:12:03'),
(30, 'Indoor Volleyball Court', 16, 0, 7, 11, 'Volleyball', '2017-01-05 04:23:37', '2017-01-05 04:23:37'),
(31, 'Sailing In Still Water', 8, 0, 8, 19, 'Sailing', '2017-01-05 04:27:17', '2017-01-05 04:27:17'),
(32, 'Windy Kite', 30, 0, 8, 15, 'Kite Sports', '2017-01-05 04:28:49', '2017-01-05 04:28:49'),
(33, 'Treasure Hunt', 30, 0, 8, 18, 'Hunting', '2017-01-05 04:29:51', '2017-01-05 04:29:51'),
(34, 'Lazy Fishing', 10, 0, 8, 13, 'Fishing', '2017-01-05 04:30:36', '2017-01-05 04:30:36'),
(35, 'Rugby Court', 30, 0, 9, 5, 'Rugby', '2017-01-05 04:38:03', '2017-02-01 16:26:45'),
(36, 'Hockey Court', 24, 0, 9, 6, 'Hockey', '2017-01-05 04:38:46', '2017-01-05 04:38:46'),
(37, 'Golf Gold', 4, 0, 9, 16, 'Golf', '2017-01-05 04:39:44', '2017-01-05 04:39:44'),
(38, 'Bhh', 9, 0, 5, 7, 'Air Sports', '2017-02-02 10:13:16', '2017-02-02 10:13:16');

-- --------------------------------------------------------

--
-- Table structure for table `level`
--

CREATE TABLE `level` (
  `id` int(11) NOT NULL,
  `created_at` datetime DEFAULT CURRENT_TIMESTAMP,
  `updated_at` datetime DEFAULT CURRENT_TIMESTAMP,
  `level_name` varchar(255) DEFAULT '',
  `points_from` int(11) NOT NULL,
  `points_to` int(11) NOT NULL,
  `badge_icon` varchar(255) NOT NULL DEFAULT '',
  `badge_cover` varchar(255) NOT NULL DEFAULT ''
) ENGINE=InnoDB DEFAULT CHARSET=latin1;

--
-- Dumping data for table `level`
--

INSERT INTO `level` (`id`, `created_at`, `updated_at`, `level_name`, `points_from`, `points_to`, `badge_icon`, `badge_cover`) VALUES
(1, '2017-01-18 15:05:24', '2017-01-18 15:05:24', 'Novice', 0, 9, 'https://s3-ap-southeast-1.amazonaws.com/playthoraapp/badges/Playthora_UI_Novice.png', 'https://s3-ap-southeast-1.amazonaws.com/playthoraapp/badges/covers/Playthora_UI_Novice.png'),
(2, '2017-01-18 15:05:24', '2017-01-18 15:05:24', 'Academy player', 10, 49, 'https://s3-ap-southeast-1.amazonaws.com/playthoraapp/badges/Playthora_UI_AcademyPlayer.png', 'https://s3-ap-southeast-1.amazonaws.com/playthoraapp/badges/covers/rectangle.png'),
(3, '2017-01-19 11:04:43', '2017-01-19 11:04:43', 'Rookie', 50, 99, 'https://s3-ap-southeast-1.amazonaws.com/playthoraapp/badges/Playthora_UI_rookie-01.png', 'https://s3-ap-southeast-1.amazonaws.com/playthoraapp/badges/covers/Artboard+Copy+4.png'),
(4, '2017-01-19 12:20:49', '2017-01-19 12:20:49', 'Amateur', 100, 199, 'https://s3-ap-southeast-1.amazonaws.com/playthoraapp/badges/Playthora_UI_amateur.png', 'https://s3-ap-southeast-1.amazonaws.com/playthoraapp/badges/covers/Artboard+Copy+7.png'),
(5, '2017-01-19 12:20:49', '2017-01-19 12:20:49', 'Big Dog', 200, 399, 'https://s3-ap-southeast-1.amazonaws.com/playthoraapp/badges/Playthora_UI_BigDog.png', 'https://s3-ap-southeast-1.amazonaws.com/playthoraapp/badges/covers/Artboard+Copy+8.png'),
(6, '2017-01-05 13:11:01', '2017-01-05 13:11:01', 'Bull', 400, 699, 'https://s3-ap-southeast-1.amazonaws.com/playthoraapp/badges/Playthora_UI_bull-01.png', 'https://s3-ap-southeast-1.amazonaws.com/playthoraapp/badges/covers/Artboard+Copy+10.png'),
(7, '2017-01-05 13:11:01', '2017-01-05 13:11:01', 'Fighter', 700, 1099, 'https://s3-ap-southeast-1.amazonaws.com/playthoraapp/badges/Playthora_UI_fighter-01.png', 'https://s3-ap-southeast-1.amazonaws.com/playthoraapp/badges/covers/Artboard+Copy+2.png'),
(8, '2017-01-05 13:11:01', '2017-01-05 13:11:01', 'Pro', 1100, 1599, 'https://s3-ap-southeast-1.amazonaws.com/playthoraapp/badges/Playthora_UI_pro-01.png', 'https://s3-ap-southeast-1.amazonaws.com/playthoraapp/badges/covers/Artboard+Copy+3.png'),
(9, '2017-01-05 13:11:01', '2017-01-05 13:11:01', 'Warrior', 1600, 2199, 'https://s3-ap-southeast-1.amazonaws.com/playthoraapp/badges/Playthora_UI_warrior-01.png', 'https://s3-ap-southeast-1.amazonaws.com/playthoraapp/badges/covers/Artboard+Copy+9.png'),
(10, '2017-01-05 13:11:01', '2017-01-05 13:11:01', 'Veteran', 2200, 2899, 'https://s3-ap-southeast-1.amazonaws.com/playthoraapp/badges/Playthora_UI_veteren-01.png', 'https://s3-ap-southeast-1.amazonaws.com/playthoraapp/badges/covers/Artboard+Copy+6.png'),
(11, '2017-01-05 13:11:01', '2017-01-05 13:11:01', 'Knight', 2900, 3699, 'https://s3-ap-southeast-1.amazonaws.com/playthoraapp/badges/Playthora_UI_knight-01.png', 'https://s3-ap-southeast-1.amazonaws.com/playthoraapp/badges/covers/Artboard.png'),
(12, '2017-01-05 13:11:01', '2017-01-05 13:11:01', 'Champion', 3700, 4599, 'https://s3-ap-southeast-1.amazonaws.com/playthoraapp/badges/Playthora_UI_champion.png', 'https://s3-ap-southeast-1.amazonaws.com/playthoraapp/badges/covers/Artboard+Copy+11.png'),
(13, '2017-01-05 13:11:01', '2017-01-05 13:11:01', 'Legend', 4600, 5599, 'https://s3-ap-southeast-1.amazonaws.com/playthoraapp/badges/Playthora_UI_legend-01.png', 'https://s3-ap-southeast-1.amazonaws.com/playthoraapp/badges/covers/Artboard+Copy+5.png'),
(14, '2017-01-05 13:11:01', '2017-01-05 13:11:01', 'Hall of Famer', 5600, 6699, 'https://s3-ap-southeast-1.amazonaws.com/playthoraapp/badges/Playthora_UI_HOF-01.png', 'https://s3-ap-southeast-1.amazonaws.com/playthoraapp/badges/covers/Artboard+Copy.png');

-- --------------------------------------------------------

--
-- Table structure for table `likes`
--

CREATE TABLE `likes` (
  `id` int(11) NOT NULL,
  `user_id` int(11) NOT NULL,
  `activity_id` int(11) NOT NULL,
  `created_at` datetime NOT NULL,
  `updated_at` datetime NOT NULL
) ENGINE=InnoDB DEFAULT CHARSET=latin1;

--
-- Dumping data for table `likes`
--

INSERT INTO `likes` (`id`, `user_id`, `activity_id`, `created_at`, `updated_at`) VALUES
(5, 2, 2, '2017-01-10 03:54:28', '2017-01-10 03:54:28'),
(11, 6, 13, '2017-01-18 12:17:09', '2017-01-18 12:17:09'),
(12, 10, 13, '2017-01-18 12:18:42', '2017-01-18 12:18:42'),
(13, 10, 32, '2017-01-19 10:02:00', '2017-01-19 10:02:00'),
(14, 10, 64, '2017-01-23 10:46:05', '2017-01-23 10:46:05'),
(15, 10, 69, '2017-01-23 10:46:07', '2017-01-23 10:46:07'),
(16, 10, 70, '2017-01-23 10:46:12', '2017-01-23 10:46:12'),
(19, 10, 65, '2017-01-23 11:06:20', '2017-01-23 11:06:20'),
(20, 1, 72, '2017-01-24 00:12:48', '2017-01-24 00:12:48'),
(21, 27, 76, '2017-01-24 04:18:03', '2017-01-24 04:18:03'),
(22, 27, 73, '2017-01-24 04:18:20', '2017-01-24 04:18:20'),
(23, 27, 74, '2017-01-24 04:18:21', '2017-01-24 04:18:21'),
(24, 27, 72, '2017-01-24 04:21:30', '2017-01-24 04:21:30'),
(27, 13, 97, '2017-01-26 08:06:32', '2017-01-26 08:06:32'),
(28, 33, 98, '2017-01-26 09:52:51', '2017-01-26 09:52:51'),
(29, 33, 94, '2017-01-26 09:53:25', '2017-01-26 09:53:25'),
(30, 1, 71, '2017-01-26 16:35:14', '2017-01-26 16:35:14'),
(31, 1, 100, '2017-01-27 04:43:09', '2017-01-27 04:43:09'),
(32, 10, 124, '2017-02-08 06:04:00', '2017-02-08 06:04:00'),
(33, 5, 131, '2017-02-09 03:48:58', '2017-02-09 03:48:58'),
(35, 54, 136, '2017-02-09 09:00:21', '2017-02-09 09:00:21'),
(38, 10, 132, '2017-02-09 14:39:54', '2017-02-09 14:39:54'),
(39, 10, 122, '2017-02-09 14:40:00', '2017-02-09 14:40:00'),
(40, 10, 121, '2017-02-09 14:40:03', '2017-02-09 14:40:03'),
(41, 10, 119, '2017-02-09 14:40:05', '2017-02-09 14:40:05'),
(42, 10, 114, '2017-02-09 14:40:07', '2017-02-09 14:40:07'),
(43, 10, 112, '2017-02-09 14:40:08', '2017-02-09 14:40:08'),
(46, 5, 142, '2017-02-11 01:50:30', '2017-02-11 01:50:30'),
(47, 1, 144, '2017-02-11 17:25:35', '2017-02-11 17:25:35');

-- --------------------------------------------------------

--
-- Table structure for table `locations`
--

CREATE TABLE `locations` (
  `id` int(11) NOT NULL,
  `name` varchar(245) DEFAULT '',
  `lat` varchar(245) DEFAULT '',
  `lng` varchar(245) DEFAULT '',
  `city` varchar(245) DEFAULT '',
  `created_at` datetime DEFAULT NULL,
  `updated_at` datetime DEFAULT NULL
) ENGINE=InnoDB DEFAULT CHARSET=latin1;

--
-- Dumping data for table `locations`
--

INSERT INTO `locations` (`id`, `name`, `lat`, `lng`, `city`, `created_at`, `updated_at`) VALUES
(1, 'Bangalore', '12.9081357', '77.64760799999999', 'Bengaluru', '2016-12-15 06:35:43', '2016-12-15 06:35:43');

-- --------------------------------------------------------

--
-- Table structure for table `message`
--

CREATE TABLE `message` (
  `id` int(11) NOT NULL,
  `created_at` datetime NOT NULL DEFAULT CURRENT_TIMESTAMP,
  `updated_at` datetime NOT NULL DEFAULT CURRENT_TIMESTAMP,
  `content` text COLLATE utf8mb4_unicode_ci,
  `read_status` int(11) NOT NULL DEFAULT '0',
  `conversation_id` int(11) NOT NULL DEFAULT '1',
  `from_id` int(11) NOT NULL DEFAULT '0',
  `to_id` int(11) NOT NULL DEFAULT '0',
  `type` int(11) NOT NULL DEFAULT '1',
  `date` datetime DEFAULT CURRENT_TIMESTAMP
) ENGINE=InnoDB DEFAULT CHARSET=utf8mb4 COLLATE=utf8mb4_unicode_ci;

--
-- Dumping data for table `message`
--

INSERT INTO `message` (`id`, `created_at`, `updated_at`, `content`, `read_status`, `conversation_id`, `from_id`, `to_id`, `type`, `date`) VALUES
(255, '2017-02-07 23:27:20', '2017-02-07 23:27:20', 'ghh', 0, 24, 30, 31, 2, '2017-02-07 20:57:20'),
(256, '2017-02-07 23:27:24', '2017-02-07 23:27:24', 'yyyy', 0, 24, 30, 31, 2, '2017-02-01 20:57:24'),
(257, '2017-02-07 23:38:53', '2017-02-07 23:38:53', 'hi', 0, 24, 30, 31, 2, '2017-02-07 21:08:53'),
(258, '2017-02-08 00:00:44', '2017-02-08 00:00:44', 'hello', 0, 24, 30, 31, 2, '2017-02-07 21:30:44'),
(259, '2017-02-08 00:00:49', '2017-02-08 00:00:49', 'hi', 0, 24, 6, 31, 2, '2017-02-07 21:30:49'),
(260, '2017-02-08 00:09:24', '2017-02-08 00:09:24', 'hi', 0, 24, 6, 31, 2, '2017-02-07 21:39:24'),
(261, '2017-02-08 00:09:42', '2017-02-08 00:09:42', 'hello', 0, 24, 6, 31, 2, '2017-02-07 21:39:42'),
(262, '2017-02-08 00:10:39', '2017-02-08 00:10:39', 'hi hello hi how are you I want to talk to you', 0, 24, 6, 31, 2, '2017-02-07 21:40:39'),
(263, '2017-02-08 00:13:26', '2017-02-08 00:13:26', 'hii', 0, 24, 30, 31, 2, '2017-02-07 21:43:26'),
(264, '2017-02-08 00:13:35', '2017-02-08 00:13:35', 'hii', 0, 27, 30, 6, 3, '2017-02-07 21:43:35'),
(265, '2017-02-08 00:14:08', '2017-02-08 00:14:08', 'hello', 0, 27, 6, 30, 3, '2017-02-07 21:44:08'),
(266, '2017-02-08 00:14:32', '2017-02-08 00:14:32', 'hhe', 0, 27, 6, 30, 3, '2017-02-07 21:44:32'),
(267, '2017-02-08 00:14:38', '2017-02-08 00:14:38', 'aiyyo', 0, 27, 30, 6, 3, '2017-02-07 21:44:38'),
(268, '2017-02-08 00:14:42', '2017-02-08 00:14:42', 'shit', 0, 27, 6, 30, 3, '2017-02-07 21:44:42'),
(269, '2017-02-08 00:14:46', '2017-02-08 00:14:46', 'its ok', 0, 27, 30, 6, 3, '2017-02-07 21:44:46'),
(270, '2017-02-08 00:15:02', '2017-02-08 00:15:02', 'oh noo', 0, 27, 6, 30, 3, '2017-02-07 21:45:02'),
(271, '2017-02-08 00:18:58', '2017-02-08 00:18:58', 'he', 0, 27, 6, 30, 3, '2017-02-07 21:48:58'),
(272, '2017-02-08 00:19:07', '2017-02-08 00:19:07', 'aiyyo', 0, 27, 6, 30, 3, '2017-02-07 21:49:07'),
(273, '2017-02-08 00:19:28', '2017-02-08 00:19:28', 'thats it ah', 0, 27, 6, 30, 3, '2017-02-07 21:49:28'),
(274, '2017-02-08 00:33:55', '2017-02-08 00:33:55', 'jk', 0, 26, 30, 88, 1, '2017-02-07 22:03:55'),
(275, '2017-02-08 00:36:40', '2017-02-08 00:36:40', 'hzhzj', 0, 26, 30, 88, 1, '2017-02-07 22:06:40'),
(276, '2017-02-08 00:36:41', '2017-02-08 00:36:41', 'hsjs', 0, 26, 30, 88, 1, '2017-02-07 22:06:41'),
(277, '2017-02-08 00:37:13', '2017-02-08 00:37:13', 'hi', 0, 27, 30, 6, 3, '2017-02-07 22:07:13'),
(278, '2017-02-08 00:45:37', '2017-02-08 00:45:37', 'huuuj', 0, 24, 6, 31, 2, '2017-02-07 22:15:37'),
(279, '2017-02-08 00:47:12', '2017-02-08 00:47:12', 'gdhdhxmgxkgxgkxkgxlyyxkgxkgxxlgxkgxkgxkgxgkgxkgxgkxgkxgkxkgxlgxkggxkgx', 0, 24, 30, 31, 2, '2017-02-07 15:17:12'),
(280, '2017-02-08 01:04:28', '2017-02-08 01:04:28', 'hi', 0, 24, 30, 31, 2, '2017-02-07 22:34:28'),
(281, '2017-02-08 01:04:38', '2017-02-08 01:04:38', 'hi', 0, 24, 30, 31, 2, '2017-02-07 22:34:38'),
(282, '2017-02-08 01:07:49', '2017-02-08 01:07:49', 'hhi', 0, 27, 30, 6, 3, '2017-02-07 22:37:49'),
(283, '2017-02-08 01:07:55', '2017-02-08 01:07:55', 'hi', 0, 27, 30, 6, 3, '2017-02-07 22:37:55'),
(284, '2017-02-08 01:11:47', '2017-02-08 01:11:47', 'hi', 0, 24, 30, 31, 2, '2017-02-07 17:11:47'),
(285, '2017-02-08 01:12:14', '2017-02-08 01:12:14', 'hey', 0, 24, 30, 31, 2, '2017-02-07 17:12:14'),
(286, '2017-02-08 01:12:27', '2017-02-08 01:12:27', 'hey', 0, 24, 30, 31, 2, '2017-02-07 17:12:27'),
(287, '2017-02-08 01:12:31', '2017-02-08 01:12:31', 'hello', 0, 24, 30, 31, 2, '2017-02-07 17:12:31'),
(288, '2017-02-08 01:13:04', '2017-02-08 01:13:04', 'hello', 0, 24, 30, 31, 2, '2017-02-07 17:13:04'),
(289, '2017-02-08 01:13:23', '2017-02-08 01:13:23', 'hi', 0, 27, 6, 30, 3, '2017-02-07 17:13:23'),
(290, '2017-02-08 01:13:48', '2017-02-08 01:13:48', 'hello', 0, 27, 6, 30, 3, '2017-02-07 17:13:48'),
(291, '2017-02-08 01:14:03', '2017-02-08 01:14:03', 'hi', 0, 27, 6, 30, 3, '2017-02-07 17:14:03'),
(292, '2017-02-08 01:14:12', '2017-02-08 01:14:12', 'hee', 0, 27, 6, 30, 3, '2017-02-07 17:14:12'),
(293, '2017-02-08 01:14:24', '2017-02-08 01:14:24', 'hi', 0, 27, 6, 30, 3, '2017-02-07 17:14:24'),
(294, '2017-02-08 01:17:55', '2017-02-08 01:17:55', 'hhj', 0, 24, 6, 31, 2, '2017-02-07 17:17:55'),
(295, '2017-02-08 01:28:46', '2017-02-08 01:28:46', 'hdjd', 0, 28, 1, 33, 2, '2017-02-07 17:28:46'),
(296, '2017-02-08 01:29:06', '2017-02-08 01:29:06', 'hsjsj', 0, 29, 1, 49, 1, '2017-02-07 17:29:06'),
(297, '2017-02-08 01:47:01', '2017-02-08 01:47:01', 'hey hi', 0, 30, 1, 33, 3, '2017-02-07 17:47:01'),
(298, '2017-02-08 01:48:07', '2017-02-08 01:48:07', 'you there', 0, 30, 1, 33, 3, '2017-02-07 17:48:07'),
(299, '2017-02-08 02:54:30', '2017-02-08 02:54:30', 'hh', 0, 30, 1, 33, 3, '2017-02-07 18:54:30'),
(300, '2017-02-08 02:54:48', '2017-02-08 02:54:48', 'hello', 0, 28, 1, 33, 2, '2017-02-07 18:54:48'),
(301, '2017-02-08 02:55:17', '2017-02-08 02:55:17', 'testing', 0, 28, 1, 33, 2, '2017-02-07 18:55:17'),
(302, '2017-02-08 12:16:06', '2017-02-08 12:16:06', 'hi', 0, 24, 6, 31, 2, '2017-02-08 04:16:06'),
(303, '2017-02-08 12:16:22', '2017-02-08 12:16:22', 'gg', 0, 24, 6, 31, 2, '2017-02-08 04:16:22'),
(304, '2017-02-08 12:21:19', '2017-02-08 12:21:19', 'hi', 0, 24, 6, 31, 2, '2017-02-08 04:21:19'),
(305, '2017-02-08 12:23:29', '2017-02-08 12:23:29', 'hi', 0, 27, 6, 30, 3, '2017-02-08 04:23:29'),
(306, '2017-02-08 12:25:20', '2017-02-08 12:25:20', 'hu', 0, 31, 6, 10, 2, '2017-02-08 04:25:20'),
(307, '2017-02-08 12:25:53', '2017-02-08 12:25:53', 'hello', 0, 31, 6, 10, 2, '2017-02-08 04:25:53'),
(308, '2017-02-08 12:26:34', '2017-02-08 12:26:34', 'oh nii', 0, 31, 6, 10, 2, '2017-02-08 04:26:34'),
(309, '2017-02-08 12:30:06', '2017-02-08 12:30:06', ',ggg', 0, 31, 6, 10, 2, '2017-02-08 10:00:06'),
(310, '2017-02-08 12:30:43', '2017-02-08 12:30:43', 'fgc', 0, 32, 6, 10, 1, '2017-02-08 10:00:43'),
(311, '2017-02-08 12:32:49', '2017-02-08 12:32:49', 'fg', 0, 32, 6, 10, 1, '2017-02-08 10:02:49'),
(312, '2017-02-08 12:33:12', '2017-02-08 12:33:12', 'gg', 0, 31, 6, 10, 2, '2017-02-08 10:03:12'),
(313, '2017-02-08 13:02:17', '2017-02-08 13:02:17', 'hi', 0, 27, 6, 30, 3, '2017-02-08 10:32:17'),
(314, '2017-02-08 13:02:36', '2017-02-08 13:02:36', 'we you', 0, 27, 6, 30, 3, '2017-02-08 10:32:36'),
(315, '2017-02-08 13:02:43', '2017-02-08 13:02:43', 'hi', 0, 27, 30, 6, 3, '2017-02-08 10:32:43'),
(316, '2017-02-08 13:03:36', '2017-02-08 13:03:36', 'hello', 0, 27, 30, 6, 3, '2017-02-08 10:33:36'),
(317, '2017-02-08 13:03:44', '2017-02-08 13:03:44', 'tt', 0, 27, 6, 30, 3, '2017-02-08 10:33:44'),
(318, '2017-02-08 13:04:08', '2017-02-08 13:04:08', 'nb', 0, 27, 30, 6, 3, '2017-02-08 10:34:08'),
(319, '2017-02-08 13:04:25', '2017-02-08 13:04:25', 'vzb', 0, 27, 30, 6, 3, '2017-02-08 10:34:25'),
(320, '2017-02-08 13:04:34', '2017-02-08 13:04:34', 'ff', 0, 27, 6, 30, 3, '2017-02-08 10:34:34'),
(321, '2017-02-08 13:07:05', '2017-02-08 13:07:05', 'yyy', 0, 24, 6, 31, 2, '2017-02-08 10:37:05'),
(322, '2017-02-08 13:07:12', '2017-02-08 13:07:12', 'ggh', 0, 24, 6, 31, 2, '2017-02-08 10:37:12'),
(323, '2017-02-08 13:07:18', '2017-02-08 13:07:18', 'sorry', 0, 24, 30, 31, 2, '2017-02-08 10:37:18'),
(324, '2017-02-08 13:07:42', '2017-02-08 13:07:42', 'yy', 0, 27, 6, 30, 3, '2017-02-08 10:37:42'),
(325, '2017-02-08 13:07:51', '2017-02-08 13:07:51', 'tfg', 0, 27, 6, 30, 3, '2017-02-08 10:37:51'),
(326, '2017-02-08 13:08:10', '2017-02-08 13:08:10', 'sjit', 0, 27, 30, 6, 3, '2017-02-08 10:38:10'),
(327, '2017-02-08 13:08:13', '2017-02-08 13:08:13', 'gg', 0, 27, 6, 30, 3, '2017-02-08 10:38:13'),
(328, '2017-02-08 13:08:57', '2017-02-08 13:08:57', 'hg', 0, 29, 6, 49, 1, '2017-02-08 10:38:57'),
(329, '2017-02-08 13:09:21', '2017-02-08 13:09:21', 'bhb', 0, 26, 30, 88, 1, '2017-02-08 10:39:21'),
(330, '2017-02-08 13:09:50', '2017-02-08 13:09:50', 'hello', 0, 27, 6, 30, 3, '2017-02-08 10:39:50'),
(331, '2017-02-08 13:10:09', '2017-02-08 13:10:09', 'hi', 0, 27, 6, 30, 3, '2017-02-08 10:40:09'),
(332, '2017-02-08 13:15:52', '2017-02-08 13:15:52', 'hh', 0, 27, 30, 6, 3, '2017-02-08 10:45:52'),
(333, '2017-02-08 13:16:50', '2017-02-08 13:16:50', 'hello', 0, 27, 6, 30, 3, '2017-02-08 10:46:50'),
(334, '2017-02-08 13:18:00', '2017-02-08 13:18:00', 'hi', 0, 27, 6, 30, 3, '2017-02-08 10:48:00'),
(335, '2017-02-08 13:18:54', '2017-02-08 13:18:54', 'fg', 0, 27, 30, 6, 3, '2017-02-08 10:48:54'),
(336, '2017-02-08 13:19:02', '2017-02-08 13:19:02', 'fv', 0, 27, 30, 6, 3, '2017-02-08 10:49:02'),
(337, '2017-02-08 13:19:29', '2017-02-08 13:19:29', 'hello', 0, 27, 6, 30, 3, '2017-02-08 10:49:29'),
(338, '2017-02-08 13:20:34', '2017-02-08 13:20:34', 'hello', 0, 27, 6, 30, 3, '2017-02-08 10:50:34'),
(339, '2017-02-08 13:22:15', '2017-02-08 13:22:15', 'helki', 0, 27, 6, 30, 3, '2017-02-08 10:52:15'),
(340, '2017-02-08 13:22:19', '2017-02-08 13:22:19', 'hhi', 0, 27, 30, 6, 3, '2017-02-08 10:52:19'),
(341, '2017-02-08 13:22:31', '2017-02-08 13:22:31', 'cyygvv', 0, 27, 6, 30, 3, '2017-02-08 10:52:31'),
(342, '2017-02-08 13:23:03', '2017-02-08 13:23:03', 'gfg', 0, 27, 6, 30, 3, '2017-02-08 10:53:03'),
(343, '2017-02-08 13:26:52', '2017-02-08 13:26:52', 'hh', 0, 27, 30, 6, 3, '2017-02-08 10:56:52'),
(344, '2017-02-08 13:26:57', '2017-02-08 13:26:57', 'ghv', 0, 27, 30, 6, 3, '2017-02-08 10:56:57'),
(345, '2017-02-08 13:27:01', '2017-02-08 13:27:01', '😋😋😋', 0, 27, 6, 30, 3, '2017-02-08 10:57:01'),
(346, '2017-02-08 13:27:14', '2017-02-08 13:27:14', 'b🇧🇩', 0, 27, 30, 6, 3, '2017-02-08 10:57:14'),
(347, '2017-02-08 13:27:49', '2017-02-08 13:27:49', 'ggg', 0, 27, 30, 6, 3, '2017-02-08 10:57:49'),
(348, '2017-02-08 13:28:20', '2017-02-08 13:28:20', 'hello', 0, 24, 30, 31, 2, '2017-02-08 10:58:20'),
(349, '2017-02-08 13:28:25', '2017-02-08 13:28:25', 'wt', 0, 24, 6, 31, 2, '2017-02-08 10:58:25'),
(350, '2017-02-08 13:30:18', '2017-02-08 13:30:18', 'hellopppp', 0, 27, 30, 6, 3, '2017-02-08 11:00:18'),
(351, '2017-02-08 13:30:42', '2017-02-08 13:30:42', 'hi', 0, 27, 6, 30, 3, '2017-02-08 11:00:42'),
(352, '2017-02-08 13:33:43', '2017-02-08 13:33:43', 'hhh', 0, 27, 6, 30, 3, '2017-02-08 11:03:43'),
(353, '2017-02-08 13:33:49', '2017-02-08 13:33:49', 'hj', 0, 27, 6, 30, 3, '2017-02-08 11:03:49'),
(354, '2017-02-08 13:34:08', '2017-02-08 13:34:08', 'dg', 0, 27, 6, 30, 3, '2017-02-08 11:04:08'),
(355, '2017-02-08 13:34:22', '2017-02-08 13:34:22', 'ggh', 0, 27, 6, 30, 3, '2017-02-08 11:04:22'),
(356, '2017-02-08 13:34:43', '2017-02-08 13:34:43', 'ggg', 0, 27, 6, 30, 3, '2017-02-08 11:04:43'),
(357, '2017-02-08 13:35:12', '2017-02-08 13:35:12', 'hho', 0, 27, 6, 30, 3, '2017-02-08 11:05:12'),
(358, '2017-02-08 13:37:02', '2017-02-08 13:37:02', 'ty', 0, 27, 6, 30, 3, '2017-02-08 11:07:02'),
(359, '2017-02-08 13:37:07', '2017-02-08 13:37:07', 'fgy', 0, 27, 6, 30, 3, '2017-02-08 11:07:07'),
(360, '2017-02-08 13:37:08', '2017-02-08 13:37:08', 'ghh', 0, 27, 6, 30, 3, '2017-02-08 11:07:08'),
(361, '2017-02-08 13:40:34', '2017-02-08 13:40:34', 'hey', 0, 23, 10, 30, 3, '2017-02-08 11:10:34'),
(362, '2017-02-08 13:41:45', '2017-02-08 13:41:45', 'hhjjjkkkkkkkkkjjjj', 0, 27, 6, 30, 3, '2017-02-08 11:11:45'),
(363, '2017-02-08 13:42:14', '2017-02-08 13:42:14', 'ggjvj', 0, 23, 10, 30, 3, '2017-02-08 11:12:14'),
(364, '2017-02-08 13:43:46', '2017-02-08 13:43:46', 'jjjgv', 0, 27, 6, 30, 3, '2017-02-08 11:13:46'),
(365, '2017-02-08 13:43:55', '2017-02-08 13:43:55', 'gg', 0, 27, 6, 30, 3, '2017-02-08 11:13:55'),
(366, '2017-02-08 13:47:01', '2017-02-08 13:47:01', 'gg', 0, 27, 6, 30, 3, '2017-02-08 11:17:01'),
(367, '2017-02-08 13:47:05', '2017-02-08 13:47:05', 'hwllo', 0, 27, 30, 6, 3, '2017-02-08 11:17:05'),
(368, '2017-02-08 13:47:21', '2017-02-08 13:47:21', 'cjcj', 0, 27, 30, 6, 3, '2017-02-08 11:17:21'),
(369, '2017-02-08 13:47:25', '2017-02-08 13:47:25', 'hxcu', 0, 27, 6, 30, 3, '2017-02-08 11:17:25'),
(370, '2017-02-08 13:49:10', '2017-02-08 13:49:10', 'super', 0, 24, 30, 31, 2, '2017-02-08 11:19:10'),
(371, '2017-02-08 13:49:13', '2017-02-08 13:49:13', 'y', 0, 24, 6, 31, 2, '2017-02-08 11:19:13'),
(372, '2017-02-08 13:49:21', '2017-02-08 13:49:21', 'wat', 0, 24, 30, 31, 2, '2017-02-08 11:19:21'),
(373, '2017-02-08 13:49:27', '2017-02-08 13:49:27', 'seriould', 0, 24, 30, 31, 2, '2017-02-08 11:19:27'),
(374, '2017-02-08 13:49:41', '2017-02-08 13:49:41', 'aithoo', 0, 24, 6, 31, 2, '2017-02-08 11:19:41'),
(375, '2017-02-08 14:09:12', '2017-02-08 14:09:12', 'hey', 0, 33, 10, 6, 3, '2017-02-08 11:39:12'),
(376, '2017-02-08 14:09:41', '2017-02-08 14:09:41', '😁😁😁😁😁', 0, 33, 6, 10, 3, '2017-02-08 11:39:41'),
(377, '2017-02-08 14:43:57', '2017-02-08 14:43:57', 'hdjd', 0, 33, 10, 6, 3, '2017-02-08 12:13:57'),
(378, '2017-02-08 14:44:25', '2017-02-08 14:44:25', 'donnnn', 0, 33, 10, 6, 3, '2017-02-08 12:14:25'),
(379, '2017-02-08 14:48:01', '2017-02-08 14:48:01', 'hdjd', 0, 23, 10, 30, 3, '2017-02-08 12:18:01'),
(380, '2017-02-08 14:48:17', '2017-02-08 14:48:17', 'hdhd', 0, 34, 10, 13, 3, '2017-02-08 12:18:17'),
(381, '2017-02-08 14:48:23', '2017-02-08 14:48:23', 'hdjd', 0, 34, 10, 13, 3, '2017-02-08 12:18:23'),
(382, '2017-02-08 15:03:03', '2017-02-08 15:03:03', 'bsjd', 0, 23, 10, 30, 3, '2017-02-08 12:33:03'),
(383, '2017-02-08 15:03:06', '2017-02-08 15:03:06', 'bsnsmsm', 0, 23, 10, 30, 3, '2017-02-08 12:33:06'),
(384, '2017-02-08 15:03:13', '2017-02-08 15:03:13', 'bas', 0, 23, 10, 30, 3, '2017-02-08 12:33:13'),
(385, '2017-02-08 15:04:45', '2017-02-08 15:04:45', 'hsjs', 0, 23, 10, 30, 3, '2017-02-08 12:34:45'),
(386, '2017-02-08 15:06:25', '2017-02-08 15:06:25', 'yfyfuc', 0, 23, 10, 30, 3, '2017-02-08 12:36:25'),
(387, '2017-02-08 15:06:28', '2017-02-08 15:06:28', 'ghj', 0, 23, 10, 30, 3, '2017-02-08 12:36:28'),
(388, '2017-02-08 15:06:51', '2017-02-08 15:06:51', 'dfhf', 0, 33, 10, 6, 3, '2017-02-08 12:36:51'),
(389, '2017-02-08 15:07:18', '2017-02-08 15:07:18', 'haja', 0, 27, 6, 30, 3, '2017-02-08 12:37:18'),
(390, '2017-02-08 15:07:21', '2017-02-08 15:07:21', 'hsjjs', 0, 27, 6, 30, 3, '2017-02-08 12:37:21'),
(391, '2017-02-08 15:07:24', '2017-02-08 15:07:24', 'hhhs', 0, 27, 6, 30, 3, '2017-02-08 12:37:24'),
(392, '2017-02-08 15:07:52', '2017-02-08 15:07:52', 'jdjd', 0, 23, 10, 30, 3, '2017-02-08 12:37:52'),
(393, '2017-02-08 15:07:54', '2017-02-08 15:07:54', 'bndjd', 0, 23, 10, 30, 3, '2017-02-08 12:37:54'),
(394, '2017-02-08 15:07:56', '2017-02-08 15:07:56', 'jjsjs', 0, 23, 10, 30, 3, '2017-02-08 12:37:56'),
(395, '2017-02-08 15:07:57', '2017-02-08 15:07:57', 'kkskd', 0, 23, 10, 30, 3, '2017-02-08 12:37:57'),
(396, '2017-02-08 17:57:37', '2017-02-08 17:57:37', 'gdjd', 0, 23, 10, 30, 3, '2017-02-08 15:27:37'),
(397, '2017-02-08 18:01:31', '2017-02-08 18:01:31', 'fgh', 0, 23, 10, 30, 3, '2017-02-08 15:31:31'),
(398, '2017-02-08 18:01:59', '2017-02-08 18:01:59', 'cgh', 0, 33, 10, 6, 3, '2017-02-08 15:31:59'),
(399, '2017-02-08 18:02:26', '2017-02-08 18:02:26', 'ff', 0, 33, 6, 10, 3, '2017-02-08 15:32:26'),
(400, '2017-02-08 18:02:35', '2017-02-08 18:02:35', 'chhc', 0, 33, 10, 6, 3, '2017-02-08 15:32:35'),
(401, '2017-02-08 18:03:27', '2017-02-08 18:03:27', 'tff', 0, 33, 10, 6, 3, '2017-02-08 15:33:27'),
(402, '2017-02-08 18:03:30', '2017-02-08 18:03:30', 'waa', 0, 33, 10, 6, 3, '2017-02-08 15:33:30'),
(403, '2017-02-08 18:03:38', '2017-02-08 18:03:38', 'ujj', 0, 33, 10, 6, 3, '2017-02-08 15:33:38'),
(404, '2017-02-08 18:05:28', '2017-02-08 18:05:28', 'bjj', 0, 33, 10, 6, 3, '2017-02-08 15:35:28'),
(405, '2017-02-08 18:05:37', '2017-02-08 18:05:37', 'hjk', 0, 33, 10, 6, 3, '2017-02-08 15:35:37'),
(406, '2017-02-08 18:05:44', '2017-02-08 18:05:44', 'jkk', 0, 33, 10, 6, 3, '2017-02-08 15:35:44'),
(407, '2017-02-08 18:05:47', '2017-02-08 18:05:47', 'hjj', 0, 33, 6, 10, 3, '2017-02-08 15:35:47'),
(408, '2017-02-08 18:05:50', '2017-02-08 18:05:50', 'ghh', 0, 33, 6, 10, 3, '2017-02-08 15:35:50'),
(409, '2017-02-08 18:05:53', '2017-02-08 18:05:53', 'chjc', 0, 33, 10, 6, 3, '2017-02-08 15:35:53'),
(410, '2017-02-08 18:05:55', '2017-02-08 18:05:55', 'gjj', 0, 33, 10, 6, 3, '2017-02-08 15:35:55'),
(411, '2017-02-08 18:06:00', '2017-02-08 18:06:00', 'gh', 0, 33, 10, 6, 3, '2017-02-08 15:36:00'),
(412, '2017-02-08 18:06:35', '2017-02-08 18:06:35', 'hi', 0, 33, 6, 10, 3, '2017-02-08 15:36:35'),
(413, '2017-02-08 18:06:51', '2017-02-08 18:06:51', 'ycyc', 0, 33, 10, 6, 3, '2017-02-08 15:36:51'),
(414, '2017-02-08 18:07:44', '2017-02-08 18:07:44', 'bj', 0, 33, 10, 6, 3, '2017-02-08 15:37:44'),
(415, '2017-02-08 18:07:47', '2017-02-08 18:07:47', 'ujj', 0, 33, 6, 10, 3, '2017-02-08 15:37:47'),
(416, '2017-02-08 18:07:51', '2017-02-08 18:07:51', 'hhu', 0, 33, 10, 6, 3, '2017-02-08 15:37:51'),
(417, '2017-02-08 18:07:53', '2017-02-08 18:07:53', 'hhml', 0, 33, 10, 6, 3, '2017-02-08 15:37:53'),
(418, '2017-02-08 18:07:55', '2017-02-08 18:07:55', 'opp', 0, 33, 10, 6, 3, '2017-02-08 15:37:55'),
(419, '2017-02-08 18:08:12', '2017-02-08 18:08:12', 'ggg', 0, 33, 10, 6, 3, '2017-02-08 15:38:12'),
(420, '2017-02-08 18:08:20', '2017-02-08 18:08:20', 'gff', 0, 33, 10, 6, 3, '2017-02-08 15:38:20'),
(421, '2017-02-08 18:08:28', '2017-02-08 18:08:28', 'lll', 0, 33, 10, 6, 3, '2017-02-08 15:38:28'),
(422, '2017-02-08 18:10:45', '2017-02-08 18:10:45', 'rhrh', 0, 33, 6, 10, 3, '2017-02-08 15:40:45'),
(423, '2017-02-08 18:10:51', '2017-02-08 18:10:51', 'rhdbbf', 0, 33, 6, 10, 3, '2017-02-08 15:40:51'),
(424, '2017-02-08 18:10:55', '2017-02-08 18:10:55', 'dbbaw', 0, 33, 6, 10, 3, '2017-02-08 15:40:55'),
(425, '2017-02-08 18:14:18', '2017-02-08 18:14:18', 'lala', 0, 33, 10, 6, 3, '2017-02-08 15:44:18'),
(426, '2017-02-08 18:14:23', '2017-02-08 18:14:23', 'ooo', 0, 33, 10, 6, 3, '2017-02-08 15:44:23'),
(427, '2017-02-08 18:16:24', '2017-02-08 18:16:24', 'vsbs', 0, 33, 10, 6, 3, '2017-02-08 15:46:24'),
(428, '2017-02-08 18:16:27', '2017-02-08 18:16:27', 'hshhs', 0, 33, 10, 6, 3, '2017-02-08 15:46:27'),
(429, '2017-02-08 18:17:34', '2017-02-08 18:17:34', '9', 0, 33, 10, 6, 3, '2017-02-08 15:47:34'),
(430, '2017-02-08 18:17:40', '2017-02-08 18:17:40', 'ghh', 0, 33, 10, 6, 3, '2017-02-08 15:47:40'),
(431, '2017-02-08 18:19:12', '2017-02-08 18:19:12', 'cff', 0, 33, 10, 6, 3, '2017-02-08 15:49:12'),
(432, '2017-02-08 18:19:17', '2017-02-08 18:19:17', 'dhfh', 0, 33, 6, 10, 3, '2017-02-08 15:49:17'),
(433, '2017-02-08 18:21:17', '2017-02-08 18:21:17', 'hddg', 0, 33, 10, 6, 3, '2017-02-08 15:51:17'),
(434, '2017-02-08 18:21:20', '2017-02-08 18:21:20', 'vddvdg', 0, 33, 10, 6, 3, '2017-02-08 15:51:20'),
(435, '2017-02-08 18:23:23', '2017-02-08 18:23:23', 'hddh', 0, 33, 10, 6, 3, '2017-02-08 15:53:23'),
(436, '2017-02-08 18:23:24', '2017-02-08 18:23:24', 'fbm', 0, 33, 10, 6, 3, '2017-02-08 15:53:24'),
(437, '2017-02-08 18:24:22', '2017-02-08 18:24:22', 'fdd', 0, 33, 10, 6, 3, '2017-02-08 15:54:22'),
(438, '2017-02-08 18:24:26', '2017-02-08 18:24:26', 'qqqq', 0, 33, 10, 6, 3, '2017-02-08 15:54:26'),
(439, '2017-02-08 18:26:42', '2017-02-08 18:26:42', 'hxch', 0, 33, 10, 6, 3, '2017-02-08 15:56:42'),
(440, '2017-02-08 18:26:43', '2017-02-08 18:26:43', 'fhhf', 0, 33, 10, 6, 3, '2017-02-08 15:56:43'),
(441, '2017-02-08 18:34:41', '2017-02-08 18:34:41', 'rf', 0, 33, 10, 6, 3, '2017-02-08 16:04:41'),
(442, '2017-02-08 18:34:43', '2017-02-08 18:34:43', 'gra', 0, 33, 10, 6, 3, '2017-02-08 16:04:43'),
(443, '2017-02-08 18:34:46', '2017-02-08 18:34:46', 'eess', 0, 33, 10, 6, 3, '2017-02-08 16:04:46'),
(444, '2017-02-08 18:35:02', '2017-02-08 18:35:02', 'gdfj', 0, 33, 10, 6, 3, '2017-02-08 16:05:02'),
(445, '2017-02-08 18:35:04', '2017-02-08 18:35:04', 'ljkjyi', 0, 33, 10, 6, 3, '2017-02-08 16:05:04'),
(446, '2017-02-08 18:35:06', '2017-02-08 18:35:06', 'wwse', 0, 33, 10, 6, 3, '2017-02-08 16:05:06'),
(447, '2017-02-08 18:35:08', '2017-02-08 18:35:08', 'kn', 0, 33, 10, 6, 3, '2017-02-08 16:05:08'),
(448, '2017-02-08 18:35:11', '2017-02-08 18:35:11', 'stys', 0, 33, 10, 6, 3, '2017-02-08 16:05:11'),
(449, '2017-02-08 18:35:13', '2017-02-08 18:35:13', 'uguh', 0, 33, 6, 10, 3, '2017-02-08 16:05:13'),
(450, '2017-02-08 18:35:16', '2017-02-08 18:35:16', 'kp', 0, 33, 6, 10, 3, '2017-02-08 16:05:16'),
(451, '2017-02-08 18:35:18', '2017-02-08 18:35:18', 'hfhf', 0, 33, 10, 6, 3, '2017-02-08 16:05:18'),
(452, '2017-02-08 18:35:18', '2017-02-08 18:35:18', 'bfr', 0, 33, 6, 10, 3, '2017-02-08 16:05:18'),
(453, '2017-02-08 18:35:23', '2017-02-08 18:35:23', 'yrw', 0, 33, 6, 10, 3, '2017-02-08 16:05:23'),
(454, '2017-02-08 18:35:23', '2017-02-08 18:35:23', 'fjj', 0, 33, 10, 6, 3, '2017-02-08 16:05:23'),
(455, '2017-02-08 18:37:55', '2017-02-08 18:37:55', 'last msg', 0, 33, 10, 6, 3, '2017-02-08 16:07:55'),
(456, '2017-02-08 18:38:35', '2017-02-08 18:38:35', 'another last msg', 0, 33, 6, 10, 3, '2017-02-08 16:08:35'),
(457, '2017-02-08 18:39:19', '2017-02-08 18:39:19', 'last', 0, 33, 6, 10, 3, '2017-02-08 16:09:19'),
(458, '2017-02-08 18:39:26', '2017-02-08 18:39:26', 'last1', 0, 33, 10, 6, 3, '2017-02-08 16:09:26'),
(459, '2017-02-08 18:49:02', '2017-02-08 18:49:02', 'hi', 0, 33, 10, 6, 3, '2017-02-08 16:19:02'),
(460, '2017-02-08 18:49:05', '2017-02-08 18:49:05', 'dhjdj', 0, 33, 10, 6, 3, '2017-02-08 16:19:05'),
(461, '2017-02-08 18:49:45', '2017-02-08 18:49:45', 'sfsv', 0, 33, 6, 10, 3, '2017-02-08 16:19:45'),
(462, '2017-02-08 18:49:49', '2017-02-08 18:49:49', 'uu', 0, 33, 10, 6, 3, '2017-02-08 16:19:49'),
(463, '2017-02-08 18:49:55', '2017-02-08 18:49:55', 'dd😀😀😊😜😜😛😜😯😳😱😰', 0, 33, 6, 10, 3, '2017-02-08 16:19:55'),
(464, '2017-02-08 18:50:17', '2017-02-08 18:50:17', '😳😭😭😰', 0, 33, 6, 10, 3, '2017-02-08 16:20:17'),
(465, '2017-02-08 18:59:56', '2017-02-08 18:59:56', 'dft', 0, 33, 6, 10, 3, '2017-02-08 16:29:56'),
(466, '2017-02-08 19:00:03', '2017-02-08 19:00:03', 'hrygrb', 0, 33, 10, 6, 3, '2017-02-08 16:30:03'),
(467, '2017-02-08 19:13:04', '2017-02-08 19:13:04', '8ff7', 0, 33, 10, 6, 3, '2017-02-08 16:43:04'),
(468, '2017-02-08 19:21:00', '2017-02-08 19:21:00', 'fgg', 0, 27, 6, 30, 3, '2017-02-08 16:51:00'),
(469, '2017-02-08 19:21:22', '2017-02-08 19:21:22', 'fdd', 0, 33, 6, 10, 3, '2017-02-08 16:51:22'),
(470, '2017-02-08 19:21:22', '2017-02-08 19:21:22', 'hu', 0, 33, 10, 6, 3, '2017-02-08 16:51:22'),
(471, '2017-02-08 19:22:09', '2017-02-08 19:22:09', 'vvv', 0, 33, 6, 10, 3, '2017-02-08 16:52:09'),
(472, '2017-02-08 19:22:37', '2017-02-08 19:22:37', 'aaa', 0, 33, 10, 6, 3, '2017-02-08 16:52:37'),
(473, '2017-02-08 19:40:24', '2017-02-08 19:40:24', 'hxch', 0, 33, 6, 10, 3, '2017-02-08 17:10:24'),
(474, '2017-02-08 19:42:10', '2017-02-08 19:42:10', 'fvcd', 0, 33, 6, 10, 3, '2017-02-08 17:12:10'),
(475, '2017-02-08 19:42:12', '2017-02-08 19:42:12', 'd', 0, 33, 6, 10, 3, '2017-02-08 17:12:12'),
(476, '2017-02-08 19:44:46', '2017-02-08 19:44:46', 'ssd', 0, 33, 6, 10, 3, '2017-02-08 17:14:46'),
(477, '2017-02-08 19:44:51', '2017-02-08 19:44:51', 'fddf', 0, 33, 6, 10, 3, '2017-02-08 17:14:51'),
(478, '2017-02-08 19:44:54', '2017-02-08 19:44:54', 'zzxy', 0, 33, 6, 10, 3, '2017-02-08 17:14:54'),
(479, '2017-02-08 19:46:05', '2017-02-08 19:46:05', 'rrty', 0, 33, 6, 10, 3, '2017-02-08 17:16:05'),
(480, '2017-02-08 19:46:08', '2017-02-08 19:46:08', 'vgf', 0, 33, 6, 10, 3, '2017-02-08 17:16:08'),
(481, '2017-02-08 19:48:11', '2017-02-08 19:48:11', 'hrrh', 0, 33, 10, 6, 3, '2017-02-08 17:18:11'),
(482, '2017-02-08 19:49:50', '2017-02-08 19:49:50', 'gsxg', 0, 33, 10, 6, 3, '2017-02-08 17:19:50'),
(483, '2017-02-08 19:50:20', '2017-02-08 19:50:20', 'ddf', 0, 33, 10, 6, 3, '2017-02-08 17:20:20'),
(484, '2017-02-08 19:51:40', '2017-02-08 19:51:40', 'hrdh', 0, 33, 10, 6, 3, '2017-02-08 17:21:40'),
(485, '2017-02-08 19:53:22', '2017-02-08 19:53:22', 'team11', 0, 35, 10, 10, 2, '2017-02-08 17:23:22'),
(486, '2017-02-08 19:55:04', '2017-02-08 19:55:04', 'sport', 0, 36, 10, 10, 1, '2017-02-08 17:25:04'),
(487, '2017-02-08 19:56:08', '2017-02-08 19:56:08', '11', 0, 35, 10, 10, 2, '2017-02-08 17:26:08'),
(488, '2017-02-08 20:02:18', '2017-02-08 20:02:18', '12', 0, 35, 10, 10, 2, '2017-02-08 17:32:18'),
(489, '2017-02-08 20:02:27', '2017-02-08 20:02:27', 'ss', 0, 36, 10, 10, 1, '2017-02-08 17:32:27'),
(490, '2017-02-08 20:03:07', '2017-02-08 20:03:07', 'ghhh', 0, 33, 6, 10, 3, '2017-02-08 17:33:07'),
(491, '2017-02-08 20:03:16', '2017-02-08 20:03:16', 'ghj', 0, 33, 6, 10, 3, '2017-02-08 17:33:16'),
(492, '2017-02-08 20:03:33', '2017-02-08 20:03:33', 'sozk', 0, 33, 6, 10, 3, '2017-02-08 17:33:33'),
(493, '2017-02-08 20:26:09', '2017-02-08 20:26:09', 'hjkgjk', 0, 33, 6, 10, 3, '2017-02-08 17:56:09'),
(494, '2017-02-08 20:31:07', '2017-02-08 20:31:07', 'ychc', 0, 25, 10, 91, 1, '2017-02-08 18:01:07'),
(495, '2017-02-08 20:33:23', '2017-02-08 20:33:23', 'gnfng', 0, 33, 6, 10, 3, '2017-02-08 18:03:23'),
(496, '2017-02-08 20:33:51', '2017-02-08 20:33:51', 'uig', 0, 33, 6, 10, 3, '2017-02-08 18:03:51'),
(497, '2017-02-08 20:41:15', '2017-02-08 20:41:15', 'fire', 0, 37, 6, 2, 2, '2017-02-08 18:11:15'),
(498, '2017-02-08 20:57:52', '2017-02-08 20:57:52', 'heje', 0, 33, 10, 6, 3, '2017-02-08 18:27:52'),
(499, '2017-02-08 20:57:52', '2017-02-08 20:57:52', 'gseg', 0, 33, 10, 6, 3, '2017-02-08 18:27:52'),
(500, '2017-02-08 20:58:35', '2017-02-08 20:58:35', 'fff', 0, 33, 10, 6, 3, '2017-02-08 18:28:35'),
(501, '2017-02-08 20:58:37', '2017-02-08 20:58:37', 'sww', 0, 33, 10, 6, 3, '2017-02-08 18:28:37'),
(502, '2017-02-08 20:58:47', '2017-02-08 20:58:47', 'jsks', 0, 33, 6, 10, 3, '2017-02-08 18:28:47'),
(503, '2017-02-08 20:58:49', '2017-02-08 20:58:49', 'wd', 0, 33, 10, 6, 3, '2017-02-08 18:28:49'),
(504, '2017-02-08 20:58:51', '2017-02-08 20:58:51', 'grd', 0, 33, 10, 6, 3, '2017-02-08 18:28:51'),
(505, '2017-02-08 21:02:07', '2017-02-08 21:02:07', 'rydg', 0, 24, 10, 31, 2, '2017-02-08 18:32:07'),
(506, '2017-02-08 21:04:27', '2017-02-08 21:04:27', 'wf', 0, 36, 6, 10, 1, '2017-02-08 18:34:27'),
(507, '2017-02-08 21:04:29', '2017-02-08 21:04:29', 'rgtdg', 0, 36, 10, 10, 1, '2017-02-08 18:34:29'),
(508, '2017-02-08 21:04:32', '2017-02-08 21:04:32', 'gg', 0, 36, 10, 10, 1, '2017-02-08 18:34:32'),
(509, '2017-02-08 21:04:32', '2017-02-08 21:04:32', 'fhfh', 0, 36, 10, 10, 1, '2017-02-08 18:34:32'),
(510, '2017-02-08 21:04:32', '2017-02-08 21:04:32', 'fff', 0, 36, 10, 10, 1, '2017-02-08 18:34:32'),
(511, '2017-02-08 21:06:03', '2017-02-08 21:06:03', 'v', 0, 36, 6, 10, 1, '2017-02-08 18:36:03'),
(512, '2017-02-08 21:12:08', '2017-02-08 21:12:08', 'hciv', 0, 36, 6, 10, 1, '2017-02-08 18:42:08'),
(513, '2017-02-08 21:12:09', '2017-02-08 21:12:09', 'fjkf', 0, 36, 6, 10, 1, '2017-02-08 18:42:09'),
(514, '2017-02-08 21:14:07', '2017-02-08 21:14:07', 'rrsduj', 0, 36, 6, 10, 1, '2017-02-08 18:44:07'),
(515, '2017-02-08 21:14:35', '2017-02-08 21:14:35', 'egeg', 0, 33, 6, 10, 3, '2017-02-08 18:44:35'),
(516, '2017-02-08 21:18:27', '2017-02-08 21:18:27', 'hjk', 0, 33, 6, 10, 3, '2017-02-08 18:48:27'),
(517, '2017-02-08 21:18:31', '2017-02-08 21:18:31', 'sd', 0, 33, 6, 10, 3, '2017-02-08 18:48:31'),
(518, '2017-02-08 21:19:09', '2017-02-08 21:19:09', 'esd', 0, 33, 6, 10, 3, '2017-02-08 18:49:09'),
(519, '2017-02-08 21:19:28', '2017-02-08 21:19:28', 'egeg', 0, 24, 6, 31, 2, '2017-02-08 18:49:28'),
(520, '2017-02-08 21:20:02', '2017-02-08 21:20:02', 'ggg', 0, 24, 6, 31, 2, '2017-02-08 18:50:02'),
(521, '2017-02-08 21:20:04', '2017-02-08 21:20:04', 'eeh', 0, 24, 6, 31, 2, '2017-02-08 18:50:04'),
(522, '2017-02-08 21:29:36', '2017-02-08 21:29:36', 'hi', 0, 38, 10, 23, 2, '2017-02-08 18:59:36'),
(523, '2017-02-08 21:34:26', '2017-02-08 21:34:26', 'tty', 0, 24, 10, 31, 2, '2017-02-08 19:04:26'),
(524, '2017-02-08 21:34:31', '2017-02-08 21:34:31', 'hj', 0, 24, 10, 31, 2, '2017-02-08 19:04:31'),
(525, '2017-02-08 21:34:35', '2017-02-08 21:34:35', 'gg', 0, 24, 10, 31, 2, '2017-02-08 19:04:35'),
(526, '2017-02-08 21:34:42', '2017-02-08 21:34:42', 'ghh', 0, 24, 10, 31, 2, '2017-02-08 19:04:42'),
(527, '2017-02-08 21:34:44', '2017-02-08 21:34:44', 'tt', 0, 24, 6, 31, 2, '2017-02-08 19:04:44'),
(528, '2017-02-08 21:34:46', '2017-02-08 21:34:46', 'cvc', 0, 24, 6, 31, 2, '2017-02-08 19:04:46'),
(529, '2017-02-08 21:34:47', '2017-02-08 21:34:47', 'gv', 0, 24, 6, 31, 2, '2017-02-08 19:04:47'),
(530, '2017-02-08 21:35:03', '2017-02-08 21:35:03', 'tt', 0, 24, 10, 31, 2, '2017-02-08 19:05:03'),
(531, '2017-02-08 21:35:04', '2017-02-08 21:35:04', '67', 0, 24, 10, 31, 2, '2017-02-08 19:05:04'),
(532, '2017-02-08 21:35:06', '2017-02-08 21:35:06', 'gh', 0, 24, 6, 31, 2, '2017-02-08 19:05:06'),
(533, '2017-02-08 22:04:59', '2017-02-08 22:04:59', 'wgge', 0, 33, 10, 6, 3, '2017-02-08 19:34:59'),
(534, '2017-02-08 22:05:00', '2017-02-08 22:05:00', 'etgd', 0, 33, 10, 6, 3, '2017-02-08 19:35:00'),
(535, '2017-02-08 22:05:00', '2017-02-08 22:05:00', 'hj', 0, 33, 10, 6, 3, '2017-02-08 19:35:00'),
(536, '2017-02-08 22:05:11', '2017-02-08 22:05:11', 'gr', 0, 24, 10, 31, 2, '2017-02-08 19:35:11'),
(537, '2017-02-08 22:06:09', '2017-02-08 22:06:09', 'fac', 0, 24, 6, 31, 2, '2017-02-08 19:36:09'),
(538, '2017-02-08 22:07:06', '2017-02-08 22:07:06', 'hdbdv', 0, 24, 6, 31, 2, '2017-02-08 19:37:06'),
(539, '2017-02-08 22:09:37', '2017-02-08 22:09:37', 'ddcv', 0, 24, 6, 31, 2, '2017-02-08 19:39:37'),
(540, '2017-02-08 22:09:41', '2017-02-08 22:09:41', 'egeg', 0, 24, 6, 31, 2, '2017-02-08 19:39:41'),
(541, '2017-02-08 22:12:25', '2017-02-08 22:12:25', 'fhjj', 0, 24, 6, 31, 2, '2017-02-08 19:42:25'),
(542, '2017-02-08 22:12:30', '2017-02-08 22:12:30', 'eueu', 0, 24, 6, 31, 2, '2017-02-08 19:42:30'),
(543, '2017-02-08 22:25:26', '2017-02-08 22:25:26', 'hi', 0, 33, 10, 6, 3, '2017-02-08 19:55:26'),
(544, '2017-02-08 22:26:18', '2017-02-08 22:26:18', 'hi', 0, 33, 10, 6, 3, '2017-02-08 19:56:18'),
(545, '2017-02-08 22:30:00', '2017-02-08 22:30:00', 'rrr', 0, 33, 10, 6, 3, '2017-02-08 20:00:00'),
(546, '2017-02-08 22:30:06', '2017-02-08 22:30:06', 'tg', 0, 33, 10, 6, 3, '2017-02-08 20:00:06'),
(547, '2017-02-08 22:45:41', '2017-02-08 22:45:41', 'hi', 0, 27, 30, 6, 3, '2017-02-08 20:15:41'),
(548, '2017-02-08 22:46:07', '2017-02-08 22:46:07', 'hi', 0, 24, 30, 31, 2, '2017-02-08 20:16:07'),
(549, '2017-02-08 22:46:20', '2017-02-08 22:46:20', 'hejs', 0, 24, 10, 31, 2, '2017-02-08 20:16:20'),
(550, '2017-02-08 22:46:28', '2017-02-08 22:46:28', '😤😢😢😢', 0, 24, 30, 31, 2, '2017-02-08 20:16:28'),
(551, '2017-02-08 22:46:30', '2017-02-08 22:46:30', 'hiii', 0, 24, 10, 31, 2, '2017-02-08 20:16:30'),
(552, '2017-02-08 22:46:39', '2017-02-08 22:46:39', 'ssdf', 0, 24, 30, 31, 2, '2017-02-08 20:16:39'),
(553, '2017-02-08 22:48:30', '2017-02-08 22:48:30', 'gh', 0, 24, 30, 31, 2, '2017-02-08 20:18:30'),
(554, '2017-02-08 22:51:56', '2017-02-08 22:51:56', 'he\'ll', 0, 27, 30, 6, 3, '2017-02-08 20:21:56'),
(555, '2017-02-08 22:52:10', '2017-02-08 22:52:10', 'hiuuuu', 0, 27, 30, 6, 3, '2017-02-08 20:22:10'),
(556, '2017-02-08 22:52:56', '2017-02-08 22:52:56', 'ygh', 0, 27, 30, 6, 3, '2017-02-08 20:22:56'),
(557, '2017-02-08 22:57:00', '2017-02-08 22:57:00', 'hi', 0, 27, 30, 6, 3, '2017-02-08 20:27:00'),
(558, '2017-02-08 23:08:32', '2017-02-08 23:08:32', 'chchhchchchchxhxhx', 0, 34, 13, 10, 3, '2017-02-08 20:38:32'),
(559, '2017-02-08 23:08:38', '2017-02-08 23:08:38', 'ydydy', 0, 34, 13, 10, 3, '2017-02-08 20:38:38'),
(560, '2017-02-08 23:09:35', '2017-02-08 23:09:35', 'hi', 0, 39, 30, 13, 3, '2017-02-08 20:39:35'),
(561, '2017-02-08 23:09:47', '2017-02-08 23:09:47', 'hemi', 0, 39, 30, 13, 3, '2017-02-08 20:39:47'),
(562, '2017-02-08 23:09:48', '2017-02-08 23:09:48', 'hello', 0, 39, 13, 30, 3, '2017-02-08 20:39:48'),
(563, '2017-02-08 23:09:54', '2017-02-08 23:09:54', 'hemi', 0, 39, 30, 13, 3, '2017-02-08 20:39:54'),
(564, '2017-02-08 23:09:56', '2017-02-08 23:09:56', 'cf', 0, 39, 30, 13, 3, '2017-02-08 20:39:56'),
(565, '2017-02-08 23:09:57', '2017-02-08 23:09:57', 'gg', 0, 39, 30, 13, 3, '2017-02-08 20:39:57'),
(566, '2017-02-08 23:09:58', '2017-02-08 23:09:58', 'gy', 0, 39, 30, 13, 3, '2017-02-08 20:39:58'),
(567, '2017-02-08 23:09:58', '2017-02-08 23:09:58', 'hu', 0, 39, 30, 13, 3, '2017-02-08 20:39:58'),
(568, '2017-02-08 23:09:59', '2017-02-08 23:09:59', 'u', 0, 39, 30, 13, 3, '2017-02-08 20:39:59'),
(569, '2017-02-08 23:09:59', '2017-02-08 23:09:59', 'hufugg', 0, 39, 13, 30, 3, '2017-02-08 20:39:59'),
(570, '2017-02-08 23:10:00', '2017-02-08 23:10:00', 'gig', 0, 39, 13, 30, 3, '2017-02-08 20:40:00'),
(571, '2017-02-08 23:10:01', '2017-02-08 23:10:01', 'gigig', 0, 39, 13, 30, 3, '2017-02-08 20:40:01'),
(572, '2017-02-08 23:10:02', '2017-02-08 23:10:02', 'vig', 0, 39, 13, 30, 3, '2017-02-08 20:40:02'),
(573, '2017-02-08 23:10:08', '2017-02-08 23:10:08', 'hello', 0, 39, 13, 30, 3, '2017-02-08 20:40:08'),
(574, '2017-02-08 23:10:11', '2017-02-08 23:10:11', 'hii', 0, 39, 13, 30, 3, '2017-02-08 20:40:11'),
(575, '2017-02-08 23:12:17', '2017-02-08 23:12:17', 'hi', 0, 39, 30, 13, 3, '2017-02-08 20:42:17'),
(576, '2017-02-08 23:12:20', '2017-02-08 23:12:20', 'hello', 0, 39, 13, 30, 3, '2017-02-08 20:42:20'),
(577, '2017-02-08 23:12:22', '2017-02-08 23:12:22', '😤😤😤😤', 0, 39, 30, 13, 3, '2017-02-08 20:42:22'),
(578, '2017-02-08 23:12:23', '2017-02-08 23:12:23', 'qqq', 0, 39, 30, 13, 3, '2017-02-08 20:42:23'),
(579, '2017-02-08 23:12:28', '2017-02-08 23:12:28', '😤😤😤😤', 0, 39, 30, 13, 3, '2017-02-08 20:42:28'),
(580, '2017-02-08 23:12:29', '2017-02-08 23:12:29', '😂😎😉😎😊😍😊🤗', 0, 39, 13, 30, 3, '2017-02-08 20:42:29'),
(581, '2017-02-08 23:12:37', '2017-02-08 23:12:37', 'jsbj', 0, 39, 13, 30, 3, '2017-02-08 20:42:37'),
(582, '2017-02-08 23:12:48', '2017-02-08 23:12:48', 'hsjs', 0, 39, 30, 13, 3, '2017-02-08 20:42:48'),
(583, '2017-02-08 23:13:12', '2017-02-08 23:13:12', 'uu', 0, 39, 30, 13, 3, '2017-02-08 20:43:12'),
(584, '2017-02-08 23:13:15', '2017-02-08 23:13:15', 'ii', 0, 39, 30, 13, 3, '2017-02-08 20:43:15'),
(585, '2017-02-08 23:13:22', '2017-02-08 23:13:22', 'hi', 0, 39, 30, 13, 3, '2017-02-08 20:43:22'),
(586, '2017-02-08 23:13:46', '2017-02-08 23:13:46', 'hj', 0, 39, 13, 30, 3, '2017-02-08 20:43:46'),
(587, '2017-02-08 23:13:50', '2017-02-08 23:13:50', 'jj', 0, 39, 13, 30, 3, '2017-02-08 20:43:50'),
(588, '2017-02-08 23:14:05', '2017-02-08 23:14:05', 'hello', 0, 24, 13, 31, 2, '2017-02-08 20:44:05'),
(589, '2017-02-08 23:14:13', '2017-02-08 23:14:13', 'Nitish', 0, 24, 13, 31, 2, '2017-02-08 20:44:13'),
(590, '2017-02-08 23:14:22', '2017-02-08 23:14:22', 'hsjs', 0, 24, 30, 31, 2, '2017-02-08 20:44:22'),
(591, '2017-02-08 23:14:23', '2017-02-08 23:14:23', 'hdjd', 0, 24, 30, 31, 2, '2017-02-08 20:44:23'),
(592, '2017-02-08 23:14:24', '2017-02-08 23:14:24', 'xnjx', 0, 24, 30, 31, 2, '2017-02-08 20:44:24'),
(593, '2017-02-08 23:29:56', '2017-02-08 23:29:56', 'Hello', 0, 40, 4, 1, 3, '2017-02-08 20:59:56'),
(594, '2017-02-08 23:30:47', '2017-02-08 23:30:47', 'the default keyboard is in lower case', 0, 40, 4, 1, 3, '2017-02-08 21:00:47'),
(595, '2017-02-08 23:37:59', '2017-02-08 23:37:59', 'hi', 0, 41, 5, 33, 3, '2017-02-08 21:07:59'),
(596, '2017-02-08 23:38:05', '2017-02-08 23:38:05', 'whats up', 0, 41, 5, 33, 3, '2017-02-08 21:08:05'),
(597, '2017-02-09 01:47:05', '2017-02-09 01:47:05', 'can u see my.messages', 0, 41, 5, 33, 3, '2017-02-08 23:17:05'),
(598, '2017-02-09 01:47:07', '2017-02-09 01:47:07', '?', 0, 41, 5, 33, 3, '2017-02-08 23:17:07'),
(599, '2017-02-09 02:05:49', '2017-02-09 02:05:49', 'hi', 0, 39, 30, 13, 3, '2017-02-08 23:35:49'),
(600, '2017-02-09 02:06:34', '2017-02-09 02:06:34', 'hey', 0, 42, 30, 33, 3, '2017-02-08 23:36:34'),
(601, '2017-02-09 02:06:38', '2017-02-09 02:06:38', 'there', 0, 42, 30, 33, 3, '2017-02-08 23:36:38'),
(602, '2017-02-09 13:57:48', '2017-02-09 13:57:48', 'hchcc', 0, 39, 30, 13, 3, '2017-02-09 11:27:48'),
(603, '2017-02-09 14:08:39', '2017-02-09 14:08:39', 'Cuhc', 0, 34, 10, 13, 3, '2017-02-09 11:38:39'),
(604, '2017-02-09 14:11:19', '2017-02-09 14:11:19', 'hdhshsjjssjssss', 0, 39, 30, 13, 3, '2017-02-09 11:41:19'),
(605, '2017-02-09 14:11:21', '2017-02-09 14:11:21', 'hdjd', 0, 39, 30, 13, 3, '2017-02-09 11:41:21'),
(606, '2017-02-09 14:13:38', '2017-02-09 14:13:38', 'hi', 0, 43, 30, 92, 1, '2017-02-09 11:43:38'),
(607, '2017-02-09 14:16:17', '2017-02-09 14:16:17', 'hi', 0, 23, 30, 10, 3, '2017-02-09 11:46:17'),
(608, '2017-02-09 14:21:52', '2017-02-09 14:21:52', 'hi', 0, 23, 30, 10, 3, '2017-02-09 11:51:52'),
(609, '2017-02-09 14:22:41', '2017-02-09 14:22:41', 'ggt', 0, 23, 30, 10, 3, '2017-02-09 11:52:41'),
(610, '2017-02-09 14:23:26', '2017-02-09 14:23:26', 'tttghhhhh', 0, 23, 30, 10, 3, '2017-02-09 11:53:26'),
(611, '2017-02-09 14:25:30', '2017-02-09 14:25:30', 'hngj', 0, 23, 30, 10, 3, '2017-02-09 11:55:30'),
(612, '2017-02-09 14:25:48', '2017-02-09 14:25:48', 'ghh', 0, 23, 30, 10, 3, '2017-02-09 11:55:48'),
(613, '2017-02-09 14:26:00', '2017-02-09 14:26:00', 'kiii', 0, 23, 30, 10, 3, '2017-02-09 11:56:00'),
(614, '2017-02-09 14:26:10', '2017-02-09 14:26:10', 'kkki', 0, 23, 30, 10, 3, '2017-02-09 11:56:10'),
(615, '2017-02-09 14:26:34', '2017-02-09 14:26:34', 'kl', 0, 23, 30, 10, 3, '2017-02-09 11:56:34'),
(616, '2017-02-09 14:28:36', '2017-02-09 14:28:36', 'ftttt', 0, 23, 30, 10, 3, '2017-02-09 11:58:36'),
(617, '2017-02-09 14:34:13', '2017-02-09 14:34:13', 'lccjfj', 0, 23, 30, 10, 3, '2017-02-09 12:04:13'),
(618, '2017-02-09 14:37:02', '2017-02-09 14:37:02', 'jjsttt', 0, 23, 30, 10, 3, '2017-02-09 12:07:02'),
(619, '2017-02-09 14:37:23', '2017-02-09 14:37:23', 'ddf', 0, 23, 30, 10, 3, '2017-02-09 12:07:23'),
(620, '2017-02-09 14:40:13', '2017-02-09 14:40:13', 'hi', 0, 23, 30, 10, 3, '2017-02-09 12:10:13'),
(621, '2017-02-09 14:40:24', '2017-02-09 14:40:24', 'gy', 0, 23, 30, 10, 3, '2017-02-09 12:10:24'),
(622, '2017-02-09 14:42:07', '2017-02-09 14:42:07', 'Hey', 0, 33, 10, 6, 3, '2017-02-09 12:12:07'),
(623, '2017-02-09 14:42:27', '2017-02-09 14:42:27', 'Hey', 0, 33, 10, 6, 3, '2017-02-09 12:12:27'),
(624, '2017-02-09 14:43:51', '2017-02-09 14:43:51', 'Hee', 0, 33, 10, 6, 3, '2017-02-09 12:13:51'),
(625, '2017-02-09 14:46:01', '2017-02-09 14:46:01', 'ffffdfgty', 0, 23, 30, 10, 3, '2017-02-09 12:16:01'),
(626, '2017-02-09 14:46:13', '2017-02-09 14:46:13', 'hi', 0, 23, 30, 10, 3, '2017-02-09 12:16:13'),
(627, '2017-02-09 14:46:21', '2017-02-09 14:46:21', '🐯🐯🐯🐯🐯🐯🐯', 0, 23, 30, 10, 3, '2017-02-09 12:16:21'),
(628, '2017-02-09 14:46:48', '2017-02-09 14:46:48', 'Hhhkk', 0, 23, 10, 30, 3, '2017-02-09 12:16:48'),
(629, '2017-02-09 14:47:09', '2017-02-09 14:47:09', 'tt', 0, 23, 30, 10, 3, '2017-02-09 12:17:09'),
(630, '2017-02-09 14:48:58', '2017-02-09 14:48:58', 'rrr', 0, 23, 30, 10, 3, '2017-02-09 12:18:58'),
(631, '2017-02-09 14:49:22', '2017-02-09 14:49:22', 'ggh', 0, 23, 30, 10, 3, '2017-02-09 12:19:22'),
(632, '2017-02-09 14:49:48', '2017-02-09 14:49:48', 'ffhjf', 0, 23, 30, 10, 3, '2017-02-09 12:19:48'),
(633, '2017-02-09 14:53:02', '2017-02-09 14:53:02', 'hi', 0, 23, 30, 10, 3, '2017-02-09 12:23:02'),
(634, '2017-02-09 14:53:07', '2017-02-09 14:53:07', 'areu der', 0, 23, 30, 10, 3, '2017-02-09 12:23:07'),
(635, '2017-02-09 14:53:51', '2017-02-09 14:53:51', 'hi', 0, 23, 30, 10, 3, '2017-02-09 12:23:51'),
(636, '2017-02-09 14:53:58', '2017-02-09 14:53:58', '🐅🐆🐆🐆', 0, 23, 30, 10, 3, '2017-02-09 12:23:58'),
(637, '2017-02-09 14:55:08', '2017-02-09 14:55:08', 'vshd', 0, 24, 30, 31, 2, '2017-02-09 12:25:08'),
(638, '2017-02-09 14:55:15', '2017-02-09 14:55:15', 'team', 0, 24, 30, 31, 2, '2017-02-09 12:25:15'),
(639, '2017-02-09 14:55:26', '2017-02-09 14:55:26', 'game', 0, 25, 30, 91, 1, '2017-02-09 12:25:26'),
(640, '2017-02-09 14:55:35', '2017-02-09 14:55:35', 'plyer', 0, 23, 30, 10, 3, '2017-02-09 12:25:35'),
(641, '2017-02-09 14:56:38', '2017-02-09 14:56:38', 'ttttt', 0, 24, 30, 31, 2, '2017-02-09 12:26:38'),
(642, '2017-02-09 14:58:26', '2017-02-09 14:58:26', 'zap', 0, 24, 30, 31, 2, '2017-02-09 12:28:26'),
(643, '2017-02-09 14:59:48', '2017-02-09 14:59:48', 'rrt', 0, 24, 30, 31, 2, '2017-02-09 12:29:48'),
(644, '2017-02-09 15:02:27', '2017-02-09 15:02:27', 'test team', 0, 24, 30, 31, 2, '2017-02-09 12:32:27'),
(645, '2017-02-09 15:02:36', '2017-02-09 15:02:36', 'fsgdg', 0, 24, 30, 31, 2, '2017-02-09 12:32:36'),
(646, '2017-02-09 15:03:16', '2017-02-09 15:03:16', 'hsjs', 0, 23, 30, 10, 3, '2017-02-09 12:33:16'),
(647, '2017-02-09 15:03:21', '2017-02-09 15:03:21', 'jajwk', 0, 23, 30, 10, 3, '2017-02-09 12:33:21'),
(648, '2017-02-09 15:05:13', '2017-02-09 15:05:13', '🐯🐯🐯🐅', 0, 23, 30, 10, 3, '2017-02-09 12:35:13'),
(649, '2017-02-09 15:05:26', '2017-02-09 15:05:26', 'zzzz', 0, 24, 30, 31, 2, '2017-02-09 12:35:26'),
(650, '2017-02-09 15:05:37', '2017-02-09 15:05:37', 'gam', 0, 25, 30, 91, 1, '2017-02-09 12:35:37'),
(651, '2017-02-09 15:05:48', '2017-02-09 15:05:48', '🐶🐶🐶🐶', 0, 25, 30, 91, 1, '2017-02-09 12:35:48'),
(652, '2017-02-09 15:13:17', '2017-02-09 15:13:17', 'Hcfhjv', 0, 23, 30, 10, 3, '2017-02-09 12:43:17'),
(653, '2017-02-09 15:14:28', '2017-02-09 15:14:28', 'Ok', 0, 40, 1, 4, 3, '2017-02-09 12:44:28'),
(654, '2017-02-09 15:14:37', '2017-02-09 15:14:37', 'We\'ll update', 0, 40, 1, 4, 3, '2017-02-09 12:44:37'),
(655, '2017-02-09 15:15:28', '2017-02-09 15:15:28', 'Hi', 0, 44, 1, 6, 3, '2017-02-09 12:45:28'),
(656, '2017-02-09 15:15:29', '2017-02-09 15:15:29', 'Der', 0, 44, 1, 6, 3, '2017-02-09 12:45:29'),
(657, '2017-02-09 15:17:00', '2017-02-09 15:17:00', 'Hinthere', 0, 23, 30, 10, 3, '2017-02-09 12:47:00'),
(658, '2017-02-09 15:17:14', '2017-02-09 15:17:14', 'Okird', 0, 23, 30, 10, 3, '2017-02-09 12:47:14'),
(659, '2017-02-09 15:17:16', '2017-02-09 15:17:16', '😎😎😍', 0, 23, 10, 30, 3, '2017-02-09 12:47:16'),
(660, '2017-02-09 15:17:19', '2017-02-09 15:17:19', 'Works', 0, 23, 30, 10, 3, '2017-02-09 12:47:19'),
(661, '2017-02-09 15:17:22', '2017-02-09 15:17:22', 'Yfg', 0, 23, 10, 30, 3, '2017-02-09 12:47:22'),
(662, '2017-02-09 15:17:25', '2017-02-09 15:17:25', 'And this a message', 0, 23, 30, 10, 3, '2017-02-09 12:47:25'),
(663, '2017-02-09 15:17:33', '2017-02-09 15:17:33', 'Okird', 0, 28, 30, 33, 2, '2017-02-09 12:47:33'),
(664, '2017-02-09 15:17:38', '2017-02-09 15:17:38', 'Okird', 0, 28, 30, 33, 2, '2017-02-09 12:47:38'),
(665, '2017-02-09 15:17:57', '2017-02-09 15:17:57', 'Zaaaaaa', 0, 24, 6, 31, 2, '2017-02-09 12:47:57'),
(666, '2017-02-09 15:17:58', '2017-02-09 15:17:58', 'Hj', 0, 28, 1, 33, 2, '2017-02-09 12:47:58'),
(667, '2017-02-09 15:18:02', '2017-02-09 15:18:02', 'Its grouop chat', 0, 28, 30, 33, 2, '2017-02-09 12:48:02'),
(668, '2017-02-09 15:18:12', '2017-02-09 15:18:12', 'So its confusing', 0, 28, 30, 33, 2, '2017-02-09 12:48:12'),
(669, '2017-02-09 15:18:23', '2017-02-09 15:18:23', 'Ok', 0, 24, 30, 31, 2, '2017-02-09 12:48:23'),
(670, '2017-02-09 15:18:28', '2017-02-09 15:18:28', 'Multiple trsm', 0, 24, 30, 31, 2, '2017-02-09 12:48:28'),
(671, '2017-02-09 15:18:39', '2017-02-09 15:18:39', 'And group testing', 0, 24, 30, 31, 2, '2017-02-09 12:48:39'),
(672, '2017-02-09 15:19:15', '2017-02-09 15:19:15', 'Ok', 0, 24, 30, 31, 2, '2017-02-09 12:49:15'),
(673, '2017-02-09 15:19:15', '2017-02-09 15:19:15', 'Hh', 0, 24, 10, 31, 2, '2017-02-09 12:49:15'),
(674, '2017-02-09 15:19:26', '2017-02-09 15:19:26', 'Jkk', 0, 24, 1, 31, 2, '2017-02-09 12:49:26'),
(675, '2017-02-09 15:19:28', '2017-02-09 15:19:28', 'Looks like itsngroupnthingi', 0, 24, 30, 31, 2, '2017-02-09 12:49:28'),
(676, '2017-02-09 15:19:30', '2017-02-09 15:19:30', 'Jji', 0, 24, 1, 31, 2, '2017-02-09 12:49:30'),
(677, '2017-02-09 15:19:53', '2017-02-09 15:19:53', 'Gh', 0, 24, 10, 31, 2, '2017-02-09 12:49:53'),
(678, '2017-02-09 15:19:56', '2017-02-09 15:19:56', 'Jgf', 0, 24, 30, 31, 2, '2017-02-09 12:49:56'),
(679, '2017-02-09 15:20:00', '2017-02-09 15:20:00', 'Yhrffffgg', 0, 24, 30, 31, 2, '2017-02-09 12:50:00'),
(680, '2017-02-09 15:20:06', '2017-02-09 15:20:06', 'Hi', 0, 24, 30, 31, 2, '2017-02-09 12:50:06'),
(681, '2017-02-09 15:20:09', '2017-02-09 15:20:09', 'Hu', 0, 24, 30, 31, 2, '2017-02-09 12:50:09'),
(682, '2017-02-09 15:20:22', '2017-02-09 15:20:22', 'Jk', 0, 24, 30, 31, 2, '2017-02-09 12:50:22'),
(683, '2017-02-09 15:20:29', '2017-02-09 15:20:29', 'Hj', 0, 24, 30, 31, 2, '2017-02-09 12:50:29'),
(684, '2017-02-09 15:22:40', '2017-02-09 15:22:40', 'Hjs', 0, 45, 1, 10, 3, '2017-02-09 12:52:40'),
(685, '2017-02-09 15:22:49', '2017-02-09 15:22:49', 'Jdjd', 0, 45, 1, 10, 3, '2017-02-09 12:52:49'),
(686, '2017-02-09 15:22:56', '2017-02-09 15:22:56', 'Jsks', 0, 45, 1, 10, 3, '2017-02-09 12:52:56'),
(687, '2017-02-09 15:22:57', '2017-02-09 15:22:57', 'Hdjd', 0, 45, 1, 10, 3, '2017-02-09 12:52:57'),
(688, '2017-02-09 15:23:00', '2017-02-09 15:23:00', 'Nsns', 0, 45, 1, 10, 3, '2017-02-09 12:53:00'),
(689, '2017-02-09 15:23:04', '2017-02-09 15:23:04', '🇦🇷🇦🇺🇦🇺🇦🇷🇦🇼', 0, 45, 1, 10, 3, '2017-02-09 12:53:04'),
(690, '2017-02-09 15:23:35', '2017-02-09 15:23:35', 'Gg', 0, 45, 1, 10, 3, '2017-02-09 12:53:35'),
(691, '2017-02-09 15:23:40', '2017-02-09 15:23:40', '🇦🇷🇦🇼🇦🇷🇧🇫🇦🇷', 0, 45, 1, 10, 3, '2017-02-09 12:53:40'),
(692, '2017-02-09 15:31:58', '2017-02-09 15:31:58', 'Hhi', 0, 23, 30, 10, 3, '2017-02-09 13:01:58'),
(693, '2017-02-09 15:32:26', '2017-02-09 15:32:26', 'Dfffgg ffgg', 0, 23, 30, 10, 3, '2017-02-09 13:02:26'),
(694, '2017-02-09 15:39:31', '2017-02-09 15:39:31', 'Hy', 0, 33, 6, 10, 3, '2017-02-09 13:09:31'),
(695, '2017-02-09 15:46:38', '2017-02-09 15:46:38', 'Hey', 0, 33, 6, 10, 3, '2017-02-09 13:16:38'),
(696, '2017-02-09 15:47:24', '2017-02-09 15:47:24', 'Ty', 0, 33, 6, 10, 3, '2017-02-09 13:17:24'),
(697, '2017-02-09 16:19:07', '2017-02-09 16:19:07', 'Hey', 0, 46, 54, 2131690848, 2, '2017-02-09 13:49:07'),
(698, '2017-02-09 16:44:18', '2017-02-09 16:44:18', 'Hi', 0, 45, 1, 10, 3, '2017-02-09 14:14:18'),
(699, '2017-02-09 17:47:53', '2017-02-09 17:47:53', 'Ugub', 0, 47, 10, 10, 2, '2017-02-09 15:17:53'),
(700, '2017-02-09 17:52:38', '2017-02-09 17:52:38', 'Hi', 0, 48, 10, 10, 2, '2017-02-09 15:22:38'),
(701, '2017-02-09 18:10:57', '2017-02-09 18:10:57', 'Anybody there', 0, 48, 10, 10, 2, '2017-02-09 15:40:57'),
(702, '2017-02-09 18:11:21', '2017-02-09 18:11:21', 'Anybody there', 0, 24, 10, 31, 2, '2017-02-09 15:41:21'),
(703, '2017-02-09 18:12:11', '2017-02-09 18:12:11', 'Hi', 0, 24, 10, 31, 2, '2017-02-09 15:42:11'),
(704, '2017-02-09 18:12:16', '2017-02-09 18:12:16', 'Hi', 0, 24, 10, 31, 2, '2017-02-09 15:42:16'),
(705, '2017-02-09 18:12:21', '2017-02-09 18:12:21', 'M here', 0, 24, 30, 31, 2, '2017-02-09 15:42:21'),
(706, '2017-02-09 18:12:21', '2017-02-09 18:12:21', '😀😁😂😂', 0, 24, 10, 31, 2, '2017-02-09 15:42:21'),
(707, '2017-02-09 18:12:33', '2017-02-09 18:12:33', '🐯🐯🐯', 0, 24, 30, 31, 2, '2017-02-09 15:42:33'),
(708, '2017-02-09 19:09:54', '2017-02-09 19:09:54', 'Hi', 0, 49, 10, 32, 3, '2017-02-09 16:39:54'),
(709, '2017-02-09 19:10:17', '2017-02-09 19:10:17', 'Hello', 0, 49, 32, 10, 3, '2017-02-09 16:40:17'),
(710, '2017-02-09 19:10:18', '2017-02-09 19:10:18', 'Hello', 0, 49, 10, 32, 3, '2017-02-09 16:40:18'),
(711, '2017-02-09 19:10:21', '2017-02-09 19:10:21', '😀😀', 0, 49, 10, 32, 3, '2017-02-09 16:40:21'),
(712, '2017-02-09 19:10:24', '2017-02-09 19:10:24', 'Kya baat', 0, 49, 32, 10, 3, '2017-02-09 16:40:24'),
(713, '2017-02-09 19:10:28', '2017-02-09 19:10:28', '😁😁😁😁😁', 0, 49, 10, 32, 3, '2017-02-09 16:40:28'),
(714, '2017-02-09 19:10:44', '2017-02-09 19:10:44', 'Ki', 0, 49, 32, 10, 3, '2017-02-09 16:40:44'),
(715, '2017-02-09 19:12:11', '2017-02-09 19:12:11', 'Hi', 0, 28, 10, 33, 2, '2017-02-09 16:42:11'),
(716, '2017-02-09 19:12:52', '2017-02-09 19:12:52', 'Hi', 0, 28, 1, 33, 2, '2017-02-09 16:42:52'),
(717, '2017-02-09 19:12:57', '2017-02-09 19:12:57', 'Hie', 0, 28, 32, 33, 2, '2017-02-09 16:42:57'),
(718, '2017-02-09 19:13:00', '2017-02-09 19:13:00', 'Hj', 0, 28, 1, 33, 2, '2017-02-09 16:43:00'),
(719, '2017-02-09 19:13:10', '2017-02-09 19:13:10', 'Djd', 0, 28, 32, 33, 2, '2017-02-09 16:43:10'),
(720, '2017-02-09 19:13:22', '2017-02-09 19:13:22', 'Hi', 0, 28, 10, 33, 2, '2017-02-09 16:43:22'),
(721, '2017-02-09 19:13:25', '2017-02-09 19:13:25', 'Hi', 0, 28, 1, 33, 2, '2017-02-09 16:43:25'),
(722, '2017-02-09 19:14:00', '2017-02-09 19:14:00', 'Hello', 0, 28, 10, 33, 2, '2017-02-09 16:44:00'),
(723, '2017-02-09 19:14:03', '2017-02-09 19:14:03', 'Hu', 0, 28, 1, 33, 2, '2017-02-09 16:44:03'),
(724, '2017-02-09 19:14:08', '2017-02-09 19:14:08', 'Hdjd', 0, 28, 1, 33, 2, '2017-02-09 16:44:08'),
(725, '2017-02-09 19:14:12', '2017-02-09 19:14:12', 'Kfl', 0, 28, 1, 33, 2, '2017-02-09 16:44:12'),
(726, '2017-02-09 19:14:14', '2017-02-09 19:14:14', 'Kua', 0, 28, 32, 33, 2, '2017-02-09 16:44:14'),
(727, '2017-02-09 19:14:18', '2017-02-09 19:14:18', 'Gj', 0, 28, 10, 33, 2, '2017-02-09 16:44:18'),
(728, '2017-02-09 19:14:26', '2017-02-09 19:14:26', 'Ty', 0, 28, 10, 33, 2, '2017-02-09 16:44:26'),
(729, '2017-02-09 19:14:36', '2017-02-09 19:14:36', 'Ui', 0, 28, 10, 33, 2, '2017-02-09 16:44:36'),
(730, '2017-02-09 19:14:43', '2017-02-09 19:14:43', 'Ui', 0, 28, 10, 33, 2, '2017-02-09 16:44:43'),
(731, '2017-02-09 19:15:02', '2017-02-09 19:15:02', 'Uifdd', 0, 28, 10, 33, 2, '2017-02-09 16:45:02'),
(732, '2017-02-09 19:15:07', '2017-02-09 19:15:07', 'Hii', 0, 28, 32, 33, 2, '2017-02-09 16:45:07'),
(733, '2017-02-09 19:15:08', '2017-02-09 19:15:08', 'Dhdd', 0, 28, 32, 33, 2, '2017-02-09 16:45:08'),
(734, '2017-02-09 19:15:08', '2017-02-09 19:15:08', 'Ff', 0, 28, 32, 33, 2, '2017-02-09 16:45:08'),
(735, '2017-02-09 19:15:08', '2017-02-09 19:15:08', 'Rd', 0, 28, 32, 33, 2, '2017-02-09 16:45:08'),
(736, '2017-02-09 19:15:08', '2017-02-09 19:15:08', 'Ff', 0, 28, 32, 33, 2, '2017-02-09 16:45:08'),
(737, '2017-02-09 19:15:08', '2017-02-09 19:15:08', 'Gfdf', 0, 28, 32, 33, 2, '2017-02-09 16:45:08'),
(738, '2017-02-09 19:15:08', '2017-02-09 19:15:08', 'All', 0, 28, 32, 33, 2, '2017-02-09 16:45:08'),
(739, '2017-02-09 19:40:47', '2017-02-09 19:40:47', 'Hi', 0, 50, 4, 99, 1, '2017-02-09 17:10:47'),
(740, '2017-02-09 19:40:52', '2017-02-09 19:40:52', '@¢℅®©°℅', 0, 24, 10, 31, 2, '2017-02-09 17:10:52'),
(741, '2017-02-09 19:41:00', '2017-02-09 19:41:00', '😇🍉🍊🍋🍐🍉🍉', 0, 24, 10, 31, 2, '2017-02-09 17:11:00'),
(742, '2017-02-09 19:42:01', '2017-02-09 19:42:01', 'I\'m not getting the chat notifications.. Nabil has been trying to chat with me.. but not able to do it', 0, 40, 4, 1, 3, '2017-02-09 17:12:01'),
(743, '2017-02-09 21:35:33', '2017-02-09 21:35:33', 'Bdjod', 0, 27, 6, 30, 3, '2017-02-09 19:05:33'),
(744, '2017-02-09 21:39:20', '2017-02-09 21:39:20', 'Vg', 0, 33, 6, 10, 3, '2017-02-09 19:09:20'),
(745, '2017-02-09 21:39:22', '2017-02-09 21:39:22', 'Gff', 0, 33, 10, 6, 3, '2017-02-09 19:09:22'),
(746, '2017-02-09 21:39:25', '2017-02-09 21:39:25', 'Cf', 0, 33, 10, 6, 3, '2017-02-09 19:09:25'),
(747, '2017-02-09 21:39:27', '2017-02-09 21:39:27', 'Hhj', 0, 33, 6, 10, 3, '2017-02-09 19:09:27'),
(748, '2017-02-09 21:39:37', '2017-02-09 21:39:37', 'Chjc', 0, 24, 6, 31, 2, '2017-02-09 19:09:37'),
(749, '2017-02-09 21:39:38', '2017-02-09 21:39:38', 'Aefwcwcwcwfwv', 0, 24, 10, 31, 2, '2017-02-09 19:09:38'),
(750, '2017-02-09 21:39:40', '2017-02-09 21:39:40', 'Cjcj', 0, 24, 6, 31, 2, '2017-02-09 19:09:40'),
(751, '2017-02-09 21:39:56', '2017-02-09 21:39:56', 'Fyhc', 0, 51, 6, 10, 1, '2017-02-09 19:09:56'),
(752, '2017-02-09 21:39:59', '2017-02-09 21:39:59', 'Ebtbgg', 0, 51, 10, 10, 1, '2017-02-09 19:09:59');
INSERT INTO `message` (`id`, `created_at`, `updated_at`, `content`, `read_status`, `conversation_id`, `from_id`, `to_id`, `type`, `date`) VALUES
(753, '2017-02-09 21:39:59', '2017-02-09 21:39:59', 'Fg', 0, 51, 6, 10, 1, '2017-02-09 19:09:59'),
(754, '2017-02-09 21:49:43', '2017-02-09 21:49:43', 'Geeg', 0, 27, 6, 30, 3, '2017-02-09 19:19:43'),
(755, '2017-02-10 12:26:21', '2017-02-10 12:26:21', 'Hi', 0, 45, 1, 10, 3, '2017-02-10 09:56:21'),
(756, '2017-02-10 12:26:50', '2017-02-10 12:26:50', 'Hi', 0, 44, 1, 6, 3, '2017-02-10 09:56:50'),
(757, '2017-02-10 22:34:38', '2017-02-10 22:34:38', 'Hi', 0, 44, 6, 1, 3, '2017-02-10 20:04:38'),
(758, '2017-02-10 22:40:28', '2017-02-10 22:40:28', 'Hi', 0, 52, 6, 55, 3, '2017-02-10 20:10:28'),
(759, '2017-02-10 22:40:35', '2017-02-10 22:40:35', 'Hekki', 0, 52, 6, 55, 3, '2017-02-10 20:10:35'),
(760, '2017-02-10 22:41:18', '2017-02-10 22:41:18', 'Hh', 0, 52, 6, 55, 3, '2017-02-10 20:11:18'),
(761, '2017-02-10 22:41:24', '2017-02-10 22:41:24', 'Hh', 0, 52, 6, 55, 3, '2017-02-10 20:11:24'),
(762, '2017-02-10 22:41:40', '2017-02-10 22:41:40', 'Hu', 0, 52, 6, 55, 3, '2017-02-10 20:11:40'),
(763, '2017-02-10 22:53:45', '2017-02-10 22:53:45', 'Hii', 0, 52, 6, 55, 3, '2017-02-10 20:23:45'),
(764, '2017-02-10 22:58:04', '2017-02-10 22:58:04', 'Hello', 0, 52, 55, 6, 3, '2017-02-10 20:28:04'),
(765, '2017-02-10 22:58:13', '2017-02-10 22:58:13', 'Hhi', 0, 52, 55, 6, 3, '2017-02-10 20:28:13'),
(766, '2017-02-10 23:00:49', '2017-02-10 23:00:49', 'Gyg', 0, 52, 6, 55, 3, '2017-02-10 20:30:49'),
(767, '2017-02-10 23:02:31', '2017-02-10 23:02:31', 'Kkk', 0, 52, 6, 55, 3, '2017-02-10 20:32:31'),
(768, '2017-02-10 23:07:50', '2017-02-10 23:07:50', 'Chh', 0, 52, 6, 55, 3, '2017-02-10 20:37:50'),
(769, '2017-02-10 23:08:14', '2017-02-10 23:08:14', 'Yeryurdb', 0, 52, 6, 55, 3, '2017-02-10 20:38:14'),
(770, '2017-02-10 23:09:39', '2017-02-10 23:09:39', 'Cdcddv', 0, 52, 6, 55, 3, '2017-02-10 20:39:39'),
(771, '2017-02-10 23:11:51', '2017-02-10 23:11:51', 'F sbf', 0, 52, 6, 55, 3, '2017-02-10 20:41:51'),
(772, '2017-02-10 23:11:54', '2017-02-10 23:11:54', 'Hiii', 0, 52, 6, 55, 3, '2017-02-10 20:41:54'),
(773, '2017-02-10 23:16:07', '2017-02-10 23:16:07', 'Hdjjd', 0, 52, 6, 55, 3, '2017-02-10 20:46:07'),
(774, '2017-02-10 23:16:11', '2017-02-10 23:16:11', 'Ggg', 0, 52, 6, 55, 3, '2017-02-10 20:46:11'),
(775, '2017-02-10 23:16:28', '2017-02-10 23:16:28', 'Done', 0, 52, 6, 55, 3, '2017-02-10 20:46:28'),
(776, '2017-02-10 23:16:34', '2017-02-10 23:16:34', 'Chex', 0, 52, 6, 55, 3, '2017-02-10 20:46:34'),
(777, '2017-02-10 23:16:37', '2017-02-10 23:16:37', 'Check', 0, 52, 6, 55, 3, '2017-02-10 20:46:37'),
(778, '2017-02-10 23:17:51', '2017-02-10 23:17:51', 'Bye', 0, 52, 6, 55, 3, '2017-02-10 20:47:51'),
(779, '2017-02-10 23:21:31', '2017-02-10 23:21:31', 'Hi', 0, 52, 55, 6, 3, '2017-02-10 20:51:31'),
(780, '2017-02-11 02:26:48', '2017-02-11 02:26:48', 'Hi', 0, 45, 1, 10, 3, '2017-02-10 23:56:48'),
(781, '2017-02-11 02:27:59', '2017-02-11 02:27:59', 'Hi', 0, 45, 1, 10, 3, '2017-02-10 23:57:59'),
(782, '2017-02-11 02:28:11', '2017-02-11 02:28:11', 'Working?', 0, 44, 1, 6, 3, '2017-02-10 23:58:11'),
(783, '2017-02-11 02:28:32', '2017-02-11 02:28:32', 'Ist working now', 0, 40, 1, 4, 3, '2017-02-10 23:58:32'),
(784, '2017-02-11 02:31:02', '2017-02-11 02:31:02', 'Testing', 0, 45, 1, 10, 3, '2017-02-11 00:01:02'),
(785, '2017-02-11 02:31:08', '2017-02-11 02:31:08', 'Testing', 0, 44, 1, 6, 3, '2017-02-11 00:01:08'),
(786, '2017-02-11 02:34:38', '2017-02-11 02:34:38', 'Notification is coming.. but on clicking on it, the chat doesn\'t open up.. only the app is', 0, 40, 4, 1, 3, '2017-02-11 00:04:38'),
(787, '2017-02-11 02:35:32', '2017-02-11 02:35:32', 'Yes, that issue is there we\'ll fix it', 0, 40, 1, 4, 3, '2017-02-11 00:05:32'),
(788, '2017-02-11 02:52:44', '2017-02-11 02:52:44', 'Ok', 0, 40, 4, 1, 3, '2017-02-11 00:22:44'),
(789, '2017-02-11 09:39:34', '2017-02-11 09:39:34', 'Hey', 0, 50, 1, 99, 1, '2017-02-11 07:09:34'),
(790, '2017-02-11 09:44:55', '2017-02-11 09:44:55', 'Testing completed games', 0, 53, 1, 101, 1, '2017-02-11 07:14:55'),
(791, '2017-02-11 12:45:50', '2017-02-11 12:45:50', 'Hii', 0, 27, 6, 30, 3, '2017-02-11 10:15:50'),
(792, '2017-02-11 12:46:06', '2017-02-11 12:46:06', 'Huii', 0, 44, 6, 1, 3, '2017-02-11 10:16:06'),
(793, '2017-02-11 12:46:37', '2017-02-11 12:46:37', 'Hiii', 0, 44, 1, 6, 3, '2017-02-11 10:16:37'),
(794, '2017-02-11 12:46:48', '2017-02-11 12:46:48', 'Hhhh', 0, 44, 1, 6, 3, '2017-02-11 10:16:48'),
(795, '2017-02-11 12:48:10', '2017-02-11 12:48:10', 'Hhh', 0, 44, 1, 6, 3, '2017-02-11 10:18:10'),
(796, '2017-02-11 12:48:40', '2017-02-11 12:48:40', 'Hiii', 0, 44, 6, 1, 3, '2017-02-11 10:18:40'),
(797, '2017-02-11 12:48:53', '2017-02-11 12:48:53', 'Hiii', 0, 44, 6, 1, 3, '2017-02-11 10:18:53'),
(798, '2017-02-11 12:51:45', '2017-02-11 12:51:45', 'Hyy', 0, 44, 6, 1, 3, '2017-02-11 10:21:45'),
(799, '2017-02-11 13:00:24', '2017-02-11 13:00:24', 'Hiii', 0, 44, 6, 1, 3, '2017-02-11 10:30:24'),
(800, '2017-02-11 13:00:53', '2017-02-11 13:00:53', 'Hey working', 0, 44, 1, 6, 3, '2017-02-11 10:30:53'),
(801, '2017-02-11 13:01:57', '2017-02-11 13:01:57', 'Gg', 0, 44, 1, 6, 3, '2017-02-11 10:31:57'),
(802, '2017-02-11 13:02:54', '2017-02-11 13:02:54', 'Hey', 0, 44, 1, 6, 3, '2017-02-11 10:32:54'),
(803, '2017-02-11 13:03:15', '2017-02-11 13:03:15', 'Tedt', 0, 44, 1, 6, 3, '2017-02-11 10:33:15'),
(804, '2017-02-11 13:03:21', '2017-02-11 13:03:21', 'Working', 0, 44, 1, 6, 3, '2017-02-11 10:33:21'),
(805, '2017-02-11 13:03:36', '2017-02-11 13:03:36', 'Vaishaka', 0, 44, 1, 6, 3, '2017-02-11 10:33:36'),
(806, '2017-02-11 13:04:47', '2017-02-11 13:04:47', 'Hi', 0, 44, 1, 6, 3, '2017-02-11 10:34:47'),
(807, '2017-02-11 13:04:56', '2017-02-11 13:04:56', 'Hello', 0, 44, 1, 6, 3, '2017-02-11 10:34:56'),
(808, '2017-02-11 13:05:41', '2017-02-11 13:05:41', 'Icon', 0, 44, 6, 1, 3, '2017-02-11 10:35:41'),
(809, '2017-02-11 13:08:20', '2017-02-11 13:08:20', 'Hii', 0, 44, 1, 6, 3, '2017-02-11 10:38:20'),
(810, '2017-02-11 18:50:59', '2017-02-11 18:50:59', 'Test', 0, 45, 10, 1, 3, '2017-02-11 16:20:59'),
(811, '2017-02-11 18:51:25', '2017-02-11 18:51:25', 'Another', 0, 45, 10, 1, 3, '2017-02-11 16:21:25'),
(812, '2017-02-11 18:53:41', '2017-02-11 18:53:41', 'Tyhhuu', 0, 45, 10, 1, 3, '2017-02-11 16:23:41'),
(813, '2017-02-11 18:54:47', '2017-02-11 18:54:47', 'Tt ggz', 0, 45, 10, 1, 3, '2017-02-11 16:24:47'),
(814, '2017-02-11 18:55:04', '2017-02-11 18:55:04', 'Guuyt', 0, 45, 10, 1, 3, '2017-02-11 16:25:04'),
(815, '2017-02-11 18:56:55', '2017-02-11 18:56:55', 'Hehw', 0, 45, 10, 1, 3, '2017-02-11 16:26:55'),
(816, '2017-02-11 18:57:00', '2017-02-11 18:57:00', 'What', 0, 45, 10, 1, 3, '2017-02-11 16:27:00'),
(817, '2017-02-11 22:28:28', '2017-02-11 22:28:28', 'Hey', 0, 34, 10, 13, 3, '2017-02-11 19:58:28'),
(818, '2017-02-11 22:33:44', '2017-02-11 22:33:44', 'Hey', 0, 34, 10, 13, 3, '2017-02-11 20:03:44'),
(819, '2017-02-11 22:33:46', '2017-02-11 22:33:46', 'Hii', 0, 34, 10, 13, 3, '2017-02-11 20:03:46'),
(820, '2017-02-11 22:34:14', '2017-02-11 22:34:14', 'Hey', 0, 34, 10, 13, 3, '2017-02-11 20:04:14'),
(821, '2017-02-11 22:34:25', '2017-02-11 22:34:25', 'Test', 0, 34, 10, 13, 3, '2017-02-11 20:04:25'),
(822, '2017-02-11 22:35:10', '2017-02-11 22:35:10', 'Hhhh', 0, 34, 10, 13, 3, '2017-02-11 20:05:10'),
(823, '2017-02-11 22:35:25', '2017-02-11 22:35:25', 'Hejw', 0, 34, 10, 13, 3, '2017-02-11 20:05:25'),
(824, '2017-02-11 22:35:44', '2017-02-11 22:35:44', 'Hey', 0, 34, 10, 13, 3, '2017-02-11 20:05:44'),
(825, '2017-02-11 22:36:04', '2017-02-11 22:36:04', 'Heks', 0, 34, 10, 13, 3, '2017-02-11 20:06:04'),
(826, '2017-02-11 22:36:12', '2017-02-11 22:36:12', 'Test', 0, 34, 10, 13, 3, '2017-02-11 20:06:12'),
(827, '2017-02-11 22:36:32', '2017-02-11 22:36:32', 'Push notify', 0, 34, 10, 13, 3, '2017-02-11 20:06:32'),
(828, '2017-02-11 22:37:19', '2017-02-11 22:37:19', 'Test', 0, 34, 10, 13, 3, '2017-02-11 20:07:19'),
(829, '2017-02-11 22:45:51', '2017-02-11 22:45:51', 'Fdd', 0, 34, 13, 10, 3, '2017-02-11 20:15:51'),
(830, '2017-02-11 22:57:32', '2017-02-11 22:57:32', 'Hi', 0, 34, 13, 10, 3, '2017-02-11 20:27:32'),
(831, '2017-02-11 22:58:59', '2017-02-11 22:58:59', 'Gu', 0, 34, 13, 10, 3, '2017-02-11 20:28:59'),
(832, '2017-02-11 22:59:19', '2017-02-11 22:59:19', 'Hi', 0, 34, 13, 10, 3, '2017-02-11 20:29:19'),
(833, '2017-02-11 22:59:27', '2017-02-11 22:59:27', 'Uu', 0, 34, 13, 10, 3, '2017-02-11 20:29:27'),
(834, '2017-02-11 22:59:57', '2017-02-11 22:59:57', 'Hi', 0, 34, 13, 10, 3, '2017-02-11 20:29:57'),
(835, '2017-02-11 23:00:09', '2017-02-11 23:00:09', 'Ji', 0, 34, 13, 10, 3, '2017-02-11 20:30:09'),
(836, '2017-02-11 23:00:25', '2017-02-11 23:00:25', 'Hi', 0, 34, 13, 10, 3, '2017-02-11 20:30:25'),
(837, '2017-02-11 23:00:45', '2017-02-11 23:00:45', 'Hu', 0, 34, 13, 10, 3, '2017-02-11 20:30:45'),
(838, '2017-02-12 11:25:44', '2017-02-12 11:25:44', 'Hello', 0, 41, 5, 33, 3, '2017-02-12 08:55:44'),
(839, '2017-02-12 11:25:49', '2017-02-12 11:25:49', 'Ready aayo', 0, 41, 5, 33, 3, '2017-02-12 08:55:49'),
(840, '2017-02-12 11:30:35', '2017-02-12 11:30:35', 'Hiw do i see the members of this group', 0, 37, 5, 2, 2, '2017-02-12 09:00:35'),
(841, '2017-02-12 12:08:08', '2017-02-12 12:08:08', 'Hello', 0, 39, 13, 30, 3, '2017-02-12 09:38:08'),
(842, '2017-02-12 12:27:55', '2017-02-12 12:27:55', 'You should check in my team section', 0, 37, 13, 2, 2, '2017-02-12 09:57:55'),
(843, '2017-02-12 12:31:59', '2017-02-12 12:31:59', 'Add me that group', 0, 54, 1, 13, 3, '2017-02-12 10:01:59'),
(844, '2017-02-12 12:32:08', '2017-02-12 12:32:08', 'Where is sending message', 0, 54, 1, 13, 3, '2017-02-12 10:02:08'),
(845, '2017-02-12 12:32:22', '2017-02-12 12:32:22', '*he\'s', 0, 54, 1, 13, 3, '2017-02-12 10:02:22'),
(846, '2017-02-12 12:32:37', '2017-02-12 12:32:37', 'Fire team', 0, 54, 13, 1, 3, '2017-02-12 10:02:37'),
(847, '2017-02-12 12:35:07', '2017-02-12 12:35:07', 'Loo without sending request we cannot add members to team right??', 0, 54, 13, 1, 3, '2017-02-12 10:05:07'),
(848, '2017-02-12 12:49:02', '2017-02-12 12:49:02', 'Fire team alli team detail alli chat click maadi nodu', 0, 54, 13, 1, 3, '2017-02-12 10:19:02'),
(849, '2017-02-12 13:03:50', '2017-02-12 13:03:50', 'Game details alli player section alli just image click madudre profile detail ge hogbeku', 0, 54, 13, 1, 3, '2017-02-12 10:33:50'),
(850, '2017-02-12 14:00:52', '2017-02-12 14:00:52', 'Gubaal nan maga avnu bidu', 0, 54, 1, 13, 3, '2017-02-12 11:30:52'),
(851, '2017-02-13 02:05:42', '2017-02-13 02:05:42', 'Hi', 0, 41, 5, 33, 3, '2017-02-12 23:35:42'),
(852, '2017-02-13 02:35:40', '2017-02-13 02:35:40', 'Hi', 0, 55, 4, 34, 2, '2017-02-13 00:05:40'),
(853, '2017-02-13 15:03:22', '2017-02-13 15:03:22', 'Hi', 0, 41, 5, 33, 3, '2017-02-13 12:33:22'),
(854, '2017-02-13 15:03:32', '2017-02-13 15:03:32', 'How r u', 0, 41, 5, 33, 3, '2017-02-13 12:33:32'),
(855, '2017-02-13 15:04:21', '2017-02-13 15:04:21', 'Hi', 0, 56, 5, 4, 3, '2017-02-13 12:34:21'),
(856, '2017-02-13 15:04:39', '2017-02-13 15:04:39', 'Hi', 0, 56, 4, 5, 3, '2017-02-13 12:34:39'),
(857, '2017-02-13 15:05:13', '2017-02-13 15:05:13', 'Hello', 0, 56, 4, 5, 3, '2017-02-13 12:35:13'),
(858, '2017-02-13 15:05:23', '2017-02-13 15:05:23', 'Yes', 0, 56, 5, 4, 3, '2017-02-13 12:35:23'),
(859, '2017-02-13 15:48:43', '2017-02-13 15:48:43', 'Hiii', 0, 24, 13, 31, 2, '2017-02-13 13:18:43'),
(860, '2017-02-13 15:51:56', '2017-02-13 15:51:56', 'Hiiii', 0, 57, 13, 6, 2, '2017-02-13 13:21:56'),
(861, '2017-02-13 17:13:00', '2017-02-13 17:13:00', 'hi', 0, 44, 1, 6, 3, '2017-02-13 14:43:00'),
(862, '2017-02-13 17:13:07', '2017-02-13 17:13:07', 'you there', 0, 44, 1, 6, 3, '2017-02-13 14:43:07'),
(863, '2017-02-13 17:18:48', '2017-02-13 17:18:48', 'Hey', 0, 45, 10, 1, 3, '2017-02-13 14:48:48'),
(864, '2017-02-13 17:18:55', '2017-02-13 17:18:55', 'Der??', 0, 45, 10, 1, 3, '2017-02-13 14:48:55'),
(865, '2017-02-13 18:26:01', '2017-02-13 18:26:01', 'Hi', 0, 58, 56, 51, 3, '2017-02-13 15:56:01'),
(866, '2017-02-13 18:26:27', '2017-02-13 18:26:27', 'Hello', 0, 59, 56, 1, 3, '2017-02-13 15:56:27'),
(867, '2017-02-13 18:26:54', '2017-02-13 18:26:54', '🤗🙏', 0, 60, 56, 30, 3, '2017-02-13 15:56:54'),
(868, '2017-02-13 18:34:21', '2017-02-13 18:34:21', 'Lo nan team alli ady', 0, 61, 56, 13, 3, '2017-02-13 16:04:21'),
(869, '2017-02-13 18:34:23', '2017-02-13 18:34:23', 'Adu', 0, 61, 56, 13, 3, '2017-02-13 16:04:23'),
(870, '2017-02-13 18:34:25', '2017-02-13 18:34:25', 'Aitha', 0, 61, 56, 13, 3, '2017-02-13 16:04:25'),
(871, '2017-02-13 18:34:32', '2017-02-13 18:34:32', 'I ll become famous', 0, 61, 56, 13, 3, '2017-02-13 16:04:32'),
(872, '2017-02-13 18:35:00', '2017-02-13 18:35:00', 'Uta aitha', 0, 61, 56, 13, 3, '2017-02-13 16:05:00'),
(873, '2017-02-13 18:35:04', '2017-02-13 18:35:04', 'En thinde', 0, 61, 56, 13, 3, '2017-02-13 16:05:04'),
(874, '2017-02-13 18:35:29', '2017-02-13 18:35:29', 'Chicken uh🐔', 0, 61, 56, 13, 3, '2017-02-13 16:05:29'),
(875, '2017-02-13 23:45:55', '2017-02-13 23:45:55', 'Hi', 0, 39, 13, 30, 3, '2017-02-13 21:15:55'),
(876, '2017-02-13 23:47:37', '2017-02-13 23:47:37', 'Hi', 0, 39, 13, 30, 3, '2017-02-13 21:17:37'),
(877, '2017-02-13 23:47:42', '2017-02-13 23:47:42', 'Hello', 0, 39, 30, 13, 3, '2017-02-13 21:17:42'),
(878, '2017-02-14 12:07:08', '2017-02-14 12:07:08', 'Hi', 0, 45, 1, 10, 3, '2017-02-14 09:37:08'),
(879, '2017-02-14 12:07:25', '2017-02-14 12:07:25', 'Hey', 0, 45, 10, 1, 3, '2017-02-14 09:37:25'),
(880, '2017-02-14 12:07:29', '2017-02-14 12:07:29', 'Der', 0, 45, 10, 1, 3, '2017-02-14 09:37:29'),
(881, '2017-02-14 12:07:39', '2017-02-14 12:07:39', 'Gg', 0, 45, 10, 1, 3, '2017-02-14 09:37:39'),
(882, '2017-02-14 12:07:52', '2017-02-14 12:07:52', 'Tes5', 0, 45, 10, 1, 3, '2017-02-14 09:37:52'),
(883, '2017-02-14 12:08:38', '2017-02-14 12:08:38', 'Dr', 0, 45, 10, 1, 3, '2017-02-14 09:38:38'),
(884, '2017-02-14 12:08:41', '2017-02-14 12:08:41', 'Derkska', 0, 45, 10, 1, 3, '2017-02-14 09:38:41'),
(885, '2017-02-14 12:09:39', '2017-02-14 12:09:39', 'Testing', 0, 62, 56, 10, 3, '2017-02-14 09:39:39'),
(886, '2017-02-14 12:09:52', '2017-02-14 12:09:52', 'H', 0, 45, 1, 10, 3, '2017-02-14 09:39:52'),
(887, '2017-02-14 12:12:14', '2017-02-14 12:12:14', 'Hi', 0, 45, 1, 10, 3, '2017-02-14 09:42:14'),
(888, '2017-02-14 12:12:22', '2017-02-14 12:12:22', 'Hi', 0, 45, 1, 10, 3, '2017-02-14 09:42:22'),
(889, '2017-02-14 12:12:34', '2017-02-14 12:12:34', '😎😎😎', 0, 45, 1, 10, 3, '2017-02-14 09:42:34'),
(890, '2017-02-14 12:12:45', '2017-02-14 12:12:45', 'Vjgj', 0, 45, 1, 10, 3, '2017-02-14 09:42:45'),
(891, '2017-02-14 12:54:23', '2017-02-14 12:54:23', 'Hi', 0, 63, 56, 37, 2, '2017-02-14 10:24:23');

-- --------------------------------------------------------

--
-- Table structure for table `notifications`
--

CREATE TABLE `notifications` (
  `id` int(11) NOT NULL,
  `created_at` datetime DEFAULT NULL,
  `updated_at` datetime DEFAULT NULL,
  `user_id` int(11) NOT NULL COMMENT '    ',
  `date` datetime NOT NULL DEFAULT CURRENT_TIMESTAMP,
  `type` varchar(255) DEFAULT NULL,
  `content` varchar(255) DEFAULT NULL,
  `more` varchar(255) DEFAULT NULL,
  `type_id` int(11) NOT NULL,
  `status` tinyint(4) NOT NULL DEFAULT '0',
  `is_read` tinyint(4) NOT NULL DEFAULT '0'
) ENGINE=InnoDB DEFAULT CHARSET=latin1;

--
-- Dumping data for table `notifications`
--

INSERT INTO `notifications` (`id`, `created_at`, `updated_at`, `user_id`, `date`, `type`, `content`, `more`, `type_id`, `status`, `is_read`) VALUES
(1, '2017-01-18 03:50:26', '2017-01-18 03:50:26', 15, '2017-01-18 09:20:26', 'GME-PA', 'You have been invited to game Baseball by Vaishakha', NULL, 1, 0, 0),
(9, '2017-01-18 05:17:10', '2017-01-18 05:19:06', 10, '2017-01-18 10:47:10', 'GME-PY', 'Agastya has denied the payment request for Baseball', NULL, 1, 1, 1),
(19, '2017-01-18 05:53:53', '2017-01-18 13:38:30', 10, '2017-01-18 11:23:53', 'PLY-FT', 'Agastya started following you', NULL, 6, 0, 1),
(20, '2017-01-18 05:54:32', '2017-01-18 05:55:46', 6, '2017-01-18 11:24:32', 'TME-PA', 'You have been added to testing activites by Vaishakha', NULL, 25, 1, 1),
(21, '2017-01-18 05:57:24', '2017-01-19 10:28:51', 6, '2017-01-19 15:58:51', 'TME-PA', 'You\'ve joined game Join', NULL, 28, 1, 1),
(22, '2017-01-18 05:57:24', '2017-01-18 05:57:24', 13, '2017-01-18 11:27:24', 'TME-PA', 'You have been added to Manchester United by Vaishakha', NULL, 28, 1, 0),
(23, '2017-01-18 05:57:24', '2017-01-18 05:57:24', 15, '2017-01-18 11:27:24', 'TME-PA', 'You have been added to Manchester United by Vaishakha', NULL, 28, 1, 0),
(24, '2017-01-18 06:12:28', '2017-01-18 06:12:28', 6, '2017-01-18 11:42:28', 'TME-MA', 'You have been made an admin of Manchester United', NULL, 28, 1, 0),
(26, '2017-01-18 06:17:20', '2017-01-18 06:17:25', 6, '2017-01-18 11:47:25', 'GME-PA', 'You\'ve joined game Baseball', NULL, 1, 1, 1),
(31, '2017-01-18 06:28:19', '2017-01-18 06:28:28', 10, '2017-01-18 11:58:28', 'TME-PR', 'You\'ve added Agastya to Manchester United', '6', 28, 1, 1),
(32, '2017-01-18 06:28:28', '2017-01-18 06:28:28', 6, '2017-01-18 11:58:28', 'TME-RA', 'Vaishakha accepted your request to join Manchester United', NULL, 28, 1, 0),
(34, '2017-01-18 06:30:16', '2017-01-18 10:32:27', 13, '2017-01-18 16:02:27', 'GME-PA', 'You\'ve joined game Basketball', NULL, 5, 1, 1),
(35, '2017-01-18 06:30:16', '2017-01-18 06:30:16', 11, '2017-01-18 12:00:16', 'GME-PA', 'You have been invited to game Basketball by Vaishakha', NULL, 5, 0, 0),
(36, '2017-01-18 06:30:16', '2017-01-18 06:30:16', 15, '2017-01-18 12:00:16', 'GME-PA', 'You have been invited to game Basketball by Vaishakha', NULL, 5, 0, 0),
(38, '2017-01-18 06:30:29', '2017-01-18 13:38:50', 10, '2017-01-18 12:00:29', 'GME-PY', 'Agastya has denied the payment request for Basketball', NULL, 5, 1, 1),
(45, '2017-01-18 06:43:08', '2017-01-18 06:43:13', 10, '2017-01-18 12:13:13', 'GME-PR', 'You\'ve added Agastya', '6', 5, 1, 1),
(47, '2017-01-18 06:43:25', '2017-01-18 06:43:25', 6, '2017-01-18 12:13:25', 'GME-PY', 'Vaishakha wants you to join and pay for a game of Basketball. Press Yes to continue or No to decline.', NULL, 5, 0, 0),
(48, '2017-01-18 06:53:18', '2017-01-18 06:53:18', 6, '2017-01-18 12:23:18', 'GME-PA', 'You have been invited to game Basketball by Vaishakha', NULL, 5, 0, 0),
(49, '2017-01-18 06:53:37', '2017-01-18 07:04:04', 6, '2017-01-18 12:23:37', 'GME-PY', 'Vaishakha wants you to join and pay for a game of Basketball. Press Yes to continue or No to decline.', NULL, 5, 0, 1),
(53, '2017-01-18 07:13:41', '2017-01-18 13:39:02', 10, '2017-01-18 12:43:41', 'GME-PY', 'Agastya has denied the payment request for Cricket', NULL, 6, 1, 1),
(55, '2017-01-18 07:15:35', '2017-01-18 07:15:51', 10, '2017-01-18 12:45:51', 'GME-PR', 'You\'ve added Agastya', '6', 6, 1, 1),
(60, '2017-01-18 07:24:05', '2017-01-18 13:38:57', 10, '2017-01-18 12:54:05', 'GME-PY', 'Agastya has denied the payment request for Football', NULL, 7, 1, 1),
(64, '2017-01-18 07:27:16', '2017-01-18 07:28:42', 10, '2017-01-18 12:58:42', 'GME-PR', 'You\'ve added Agastya', '6', 7, 1, 1),
(67, '2017-01-18 07:28:54', '2017-01-18 13:39:10', 10, '2017-01-18 12:58:54', 'GME-PY', 'Agastya has denied the payment request for Football', NULL, 7, 1, 1),
(77, '2017-01-18 07:47:21', '2017-01-18 07:48:11', 6, '2017-01-18 13:17:21', 'TME-PA', 'You have been added to Chicago Bulls by Vaishakha', NULL, 29, 1, 1),
(81, '2017-01-18 09:56:40', '2017-01-18 09:57:33', 6, '2017-01-18 15:26:40', 'GME-PY', 'Vaishakha wants you to join and pay for a game of Cricket. Press Yes to continue or No to decline.', NULL, 6, 0, 1),
(84, '2017-01-18 10:10:18', '2017-01-18 13:39:14', 10, '2017-01-18 15:40:18', 'GME-PY', 'Agastya has denied the payment request for Dont pay', NULL, 9, 1, 1),
(85, '2017-01-18 10:14:28', '2017-01-18 10:14:28', 6, '2017-01-18 15:44:28', 'GME-PA', 'You have been invited to game Sport by Vaishakha', NULL, 10, 0, 0),
(86, '2017-01-18 16:02:00', '2017-01-18 10:32:16', 11, '2017-01-18 16:02:16', 'GMER', 'Hemant R challenged you for a game Air sports on Jan 18th between 4:02 PM to 3:02 PM near locatioin: HSR Layout, Bengaluru', '13', 7, 0, 0),
(87, '2017-01-18 10:32:19', '2017-01-18 10:32:19', 6, '2017-01-18 16:02:19', 'GME-PY', 'You have completed the game Rugby', NULL, 4, 1, 0),
(88, '2017-01-18 10:32:19', '2017-01-18 10:32:19', 13, '2017-01-18 16:02:19', 'GME-PY', 'You have completed the game Rugby', NULL, 4, 1, 0),
(90, '2017-01-18 11:24:53', '2017-01-18 13:36:18', 13, '2017-01-18 19:06:18', 'GME-PA', 'You\'ve joined game Rugby', NULL, 11, 1, 1),
(91, '2017-01-18 12:45:51', '2017-01-18 12:45:51', 6, '2017-01-18 18:15:51', 'TME-PA', 'You have been added to Team Of 11 by Vaishakha', NULL, 10, 1, 0),
(92, '2017-01-18 13:27:32', '2017-01-18 13:28:29', 6, '2017-01-18 18:58:29', 'GME-PA', 'You\'ve joined game Points for team', NULL, 12, 1, 1),
(95, '2017-01-18 13:35:23', '2017-01-18 13:35:59', 10, '2017-01-18 19:05:59', 'GME-PR', 'You\'ve added Hemant R', '13', 12, 1, 1),
(96, '2017-01-18 13:35:59', '2017-01-18 13:36:08', 13, '2017-01-18 19:05:59', 'GME-RA', 'Vaishakha accepted your request to join Points for team', NULL, 12, 1, 1),
(97, '2017-01-18 13:40:50', '2017-01-18 13:55:22', 6, '2017-01-18 19:10:50', 'PLY-FT', 'Vaishakha started following you', NULL, 10, 0, 1),
(98, '2017-01-18 13:51:43', '2017-01-19 04:59:28', 6, '2017-01-18 19:21:43', 'GME-PA', 'You have been invited to game Team game by Vaishakha', NULL, 13, 0, 1),
(99, '2017-01-18 13:51:43', '2017-01-18 13:51:43', 15, '2017-01-18 19:21:43', 'GME-PA', 'You have been invited to game Team game by Vaishakha', NULL, 13, 0, 0),
(100, '2017-01-18 13:51:43', '2017-01-18 13:51:43', 17, '2017-01-18 19:21:43', 'GME-PA', 'You have been invited to game Team game by Vaishakha', NULL, 13, 0, 0),
(101, '2017-01-18 19:31:00', '2017-01-18 14:05:37', 10, '2017-01-18 19:31:59', 'GMER', 'You accepted challenge', '6', 14, 1, 1),
(102, '2017-01-18 14:05:37', '2017-01-18 14:05:37', 6, '2017-01-18 19:35:37', 'GMER', 'Vaishakha accepted your challenge, Get ready for battle', NULL, 14, 1, 0),
(103, '2017-01-19 01:45:04', '2017-01-19 01:45:04', 6, '2017-01-19 07:15:04', 'GME-PA', 'You have been invited to game cricket by Vaishakha', NULL, 15, 0, 0),
(104, '2017-01-19 01:45:04', '2017-01-19 05:33:02', 13, '2017-01-19 11:03:02', 'GME-PA', 'You\'ve joined game cricket', NULL, 15, 1, 1),
(105, '2017-01-19 01:45:04', '2017-01-19 01:45:04', 16, '2017-01-19 07:15:04', 'GME-PA', 'You have been invited to game cricket by Vaishakha', NULL, 15, 0, 0),
(119, '2017-01-19 04:44:47', '2017-01-19 04:44:47', 6, '2017-01-19 10:14:47', 'GME-PY', 'Hemant R wants you to join and pay for a game of Hockey. Press Yes to continue or No to decline.', NULL, 16, 0, 0),
(120, '2017-01-19 04:55:13', '2017-01-19 04:55:13', 6, '2017-01-19 10:25:13', 'GME-PA', 'You have been invited to game Not payed by Vaishakha', NULL, 17, 0, 0),
(122, '2017-01-19 05:08:21', '2017-01-19 05:35:24', 13, '2017-01-19 11:05:24', 'GME-PA', 'You\'ve joined game Payment deny', NULL, 18, 1, 1),
(124, '2017-01-19 05:13:29', '2017-01-19 05:13:34', 10, '2017-01-19 10:43:34', 'GME-PR', 'You\'ve added Agastya', '6', 19, 1, 1),
(125, '2017-01-19 05:13:34', '2017-01-19 05:13:34', 6, '2017-01-19 10:43:34', 'GME-RA', 'Vaishakha accepted your request to join Payed full', NULL, 19, 1, 0),
(126, '2017-01-19 05:33:09', '2017-01-19 07:35:11', 10, '2017-01-19 11:03:09', 'GME-PR', 'Hemant R as requested to join your game Not payed', '13', 17, 0, 1),
(127, '2017-01-19 06:48:26', '2017-01-19 06:49:16', 6, '2017-01-19 12:19:16', 'GME-PA', 'You\'ve joined game Race', NULL, 20, 1, 1),
(128, '2017-01-19 06:48:26', '2017-01-19 07:19:18', 10, '2017-01-19 12:49:18', 'GME-PA', 'You\'ve joined game Race', NULL, 20, 1, 1),
(129, '2017-01-19 08:10:01', '2017-01-19 08:13:05', 6, '2017-01-19 13:43:05', 'GME-PA', 'You\'ve joined game Limited player', NULL, 21, 1, 1),
(130, '2017-01-19 08:11:06', '2017-01-19 08:13:03', 10, '2017-01-19 13:43:03', 'GME-PR', 'You\'ve added Hemant R', '13', 21, 1, 1),
(131, '2017-01-19 08:13:03', '2017-01-19 09:51:54', 13, '2017-01-19 13:43:03', 'GME-RA', 'Vaishakha accepted your request to join Limited player', NULL, 21, 1, 1),
(132, '2017-01-19 08:22:52', '2017-01-19 09:50:29', 10, '2017-01-19 15:20:29', 'GME-PA', 'You\'ve joined game Swim', NULL, 22, 1, 1),
(135, '2017-01-19 08:52:03', '2017-01-19 08:52:03', 6, '2017-01-19 14:22:03', 'TME-RA', 'Vaishakha accepted your request to join Team Of 11', NULL, 10, 1, 0),
(136, '2017-01-19 08:52:31', '2017-01-19 08:52:31', 6, '2017-01-19 14:22:31', 'TME-PA', 'You have been added to Team Of 11 by Vaishakha', NULL, 10, 1, 0),
(137, '2017-01-19 09:09:29', '2017-01-19 09:10:16', 6, '2017-01-19 14:39:29', 'GME-PA', 'You have been invited to game Test no pay by Vaishakha', NULL, 23, 0, 1),
(141, '2017-01-19 10:07:44', '2017-01-19 10:10:00', 13, '2017-01-19 15:40:00', 'GME-PA', 'You\'ve joined game Racer ', NULL, 26, 1, 1),
(142, '2017-01-19 10:07:44', '2017-01-19 10:10:36', 10, '2017-01-19 15:40:36', 'GME-PA', 'You\'ve joined game Racer ', NULL, 26, 1, 1),
(150, '2017-01-19 13:59:34', '2017-01-19 14:00:01', 13, '2017-01-19 19:30:01', 'GME-PA', 'You\'ve joined game Racing', NULL, 30, 1, 1),
(153, '2017-01-20 06:04:27', '2017-01-20 06:04:27', 6, '2017-01-20 11:34:27', 'GME-PY', 'You have completed the game Test pay', NULL, 24, 1, 0),
(157, '2017-01-20 08:57:07', '2017-01-20 08:57:23', 6, '2017-01-20 14:27:23', 'GME-PA', 'You\'ve joined game Pay fish', NULL, 34, 1, 1),
(158, '2017-01-20 09:39:29', '2017-01-20 09:39:29', 11, '2017-01-20 15:09:29', 'GME-PY', 'You have completed the game Pay Hockey ', NULL, 32, 1, 0),
(163, '2017-01-20 10:36:26', '2017-01-20 10:36:26', 6, '2017-01-20 16:06:26', 'TME-PA', 'You have been added to Zap by Vaishakha', NULL, 31, 1, 0),
(164, '2017-01-20 10:36:26', '2017-01-20 10:36:26', 13, '2017-01-20 16:06:26', 'TME-PA', 'You have been added to Zap by Vaishakha', NULL, 31, 1, 0),
(165, '2017-01-20 10:36:26', '2017-01-20 10:36:26', 11, '2017-01-20 16:06:26', 'TME-PA', 'You have been added to Zap by Vaishakha', NULL, 31, 1, 0),
(209, '2017-01-20 13:23:23', '2017-01-20 13:23:23', 7, '2017-01-20 18:53:23', 'PLY-FT', 'Hemant R started following you', NULL, 13, 0, 0),
(210, '2017-01-20 13:25:46', '2017-01-23 07:08:28', 10, '2017-01-20 18:55:46', 'GME-PY', 'You have completed the game Swim', NULL, 22, 1, 1),
(211, '2017-01-20 13:25:46', '2017-01-20 13:25:46', 6, '2017-01-20 18:55:46', 'GME-PY', 'You have completed the game Swim', NULL, 22, 1, 0),
(212, '2017-01-20 13:29:03', '2017-01-23 09:28:52', 10, '2017-01-23 14:58:52', 'GME-PA', 'You\'ve joined game Swim', NULL, 43, 1, 1),
(213, '2017-01-23 06:19:13', '2017-01-23 06:19:13', 8, '2017-01-23 11:49:13', 'TME-PR', 'Hemant R as requested to deletin your team Winner\'s Arina', '13', 1, 0, 0),
(214, '2017-01-23 06:33:20', '2017-01-23 06:33:20', 11, '2017-01-23 12:03:20', 'TME-PR', 'Hemant R as requested to deletin your team testing', '13', 9, 0, 0),
(234, '2017-01-23 10:11:00', '2017-01-23 10:12:01', 10, '2017-01-23 15:42:01', 'TME-PR', 'You\'ve added Agastya to Team Of 11', '6', 10, 1, 1),
(235, '2017-01-23 10:12:01', '2017-01-23 10:12:01', 6, '2017-01-23 15:42:01', 'TME-RA', 'Vaishakha Hk accepted your request to join Team Of 11', NULL, 10, 1, 0),
(244, '2017-01-23 10:29:15', '2017-01-23 10:29:30', 10, '2017-01-23 15:59:30', 'TME-PR', 'You\'ve added Agastya to Zap', '6', 31, 1, 1),
(245, '2017-01-23 10:29:30', '2017-01-23 10:29:30', 6, '2017-01-23 15:59:30', 'TME-RA', 'Vaishakha Hk accepted your request to join Zap', NULL, 31, 1, 0),
(246, '2017-01-23 10:38:09', '2017-01-23 10:38:09', 11, '2017-01-23 16:08:09', 'GME-PY', 'You have completed the game Cycling', NULL, 45, 1, 0),
(247, '2017-01-23 10:38:09', '2017-01-23 10:38:09', 13, '2017-01-23 16:08:09', 'GME-PY', 'You have completed the game Cycling', NULL, 45, 1, 0),
(248, '2017-01-23 10:38:09', '2017-01-23 10:38:09', 6, '2017-01-23 16:08:09', 'GME-PY', 'You have completed the game Cycling', NULL, 45, 1, 0),
(264, '2017-01-24 00:10:10', '2017-01-24 00:10:10', 6, '2017-01-24 05:40:10', 'PLY-FT', 'Punith BM started following you', NULL, 1, 0, 0),
(278, '2017-01-24 01:23:17', '2017-01-24 01:23:17', 17, '2017-01-24 06:53:17', 'TME-PF', 'Punith BM started following your team Team 11', NULL, 6, 0, 0),
(279, '2017-01-24 04:10:52', '2017-01-24 04:11:12', 10, '2017-01-24 09:40:52', 'PLY-FT', 'Yashwanth Play started following you', NULL, 27, 0, 1),
(280, '2017-01-24 04:11:36', '2017-01-24 04:11:36', 14, '2017-01-24 09:41:36', 'PLY-FT', 'Yashwanth Play started following you', NULL, 27, 0, 0),
(281, '2017-01-24 04:12:28', '2017-01-26 09:51:40', 1, '2017-01-24 09:42:28', 'PLY-FT', 'Yashwanth Play started following you', NULL, 27, 0, 1),
(286, '2017-01-24 04:16:04', '2017-01-24 04:17:23', 27, '2017-01-24 09:47:23', 'GME-PA', 'You\'ve joined game Cricket', NULL, 53, 1, 1),
(287, '2017-01-24 04:58:16', '2017-01-24 04:58:16', 27, '2017-01-24 10:28:16', 'PLY-FT', 'Vaishakha Hk started following you', NULL, 10, 0, 0),
(288, '2017-01-24 05:16:55', '2017-01-24 05:16:55', 6, '2017-01-24 10:46:55', 'GME-PA', 'You have been invited to game Date game by Vaishakha Hk', NULL, 54, 0, 0),
(289, '2017-01-24 05:16:55', '2017-01-24 05:16:55', 13, '2017-01-24 10:46:55', 'GME-PA', 'You have been invited to game Date game by Vaishakha Hk', NULL, 54, 0, 0),
(290, '2017-01-24 05:16:55', '2017-01-24 05:16:55', 11, '2017-01-24 10:46:55', 'GME-PA', 'You have been invited to game Date game by Vaishakha Hk', NULL, 54, 0, 0),
(294, '2017-01-24 06:05:34', '2017-01-24 06:05:34', 6, '2017-01-24 11:35:34', 'GME-PA', 'You have been invited to game Hac hockey by Vaishakha Hk', NULL, 56, 0, 0),
(295, '2017-01-24 06:05:34', '2017-01-24 06:05:34', 7, '2017-01-24 11:35:34', 'GME-PA', 'You have been invited to game Hac hockey by Vaishakha Hk', NULL, 56, 0, 0),
(296, '2017-01-24 06:05:34', '2017-01-24 06:05:34', 8, '2017-01-24 11:35:34', 'GME-PA', 'You have been invited to game Hac hockey by Vaishakha Hk', NULL, 56, 0, 0),
(297, '2017-01-24 06:05:34', '2017-01-24 06:05:34', 9, '2017-01-24 11:35:34', 'GME-PA', 'You have been invited to game Hac hockey by Vaishakha Hk', NULL, 56, 0, 0),
(298, '2017-01-24 06:05:34', '2017-01-24 06:05:34', 11, '2017-01-24 11:35:34', 'GME-PA', 'You have been invited to game Hac hockey by Vaishakha Hk', NULL, 56, 0, 0),
(299, '2017-01-24 06:05:34', '2017-01-24 06:05:34', 14, '2017-01-24 11:35:34', 'GME-PA', 'You have been invited to game Hac hockey by Vaishakha Hk', NULL, 56, 0, 0),
(300, '2017-01-24 06:05:34', '2017-01-24 06:05:34', 15, '2017-01-24 11:35:34', 'GME-PA', 'You have been invited to game Hac hockey by Vaishakha Hk', NULL, 56, 0, 0),
(301, '2017-01-24 06:05:34', '2017-01-24 06:05:34', 16, '2017-01-24 11:35:34', 'GME-PA', 'You have been invited to game Hac hockey by Vaishakha Hk', NULL, 56, 0, 0),
(302, '2017-01-24 06:05:34', '2017-01-24 06:05:34', 17, '2017-01-24 11:35:34', 'GME-PA', 'You have been invited to game Hac hockey by Vaishakha Hk', NULL, 56, 0, 0),
(303, '2017-01-24 06:05:34', '2017-01-24 06:05:34', 18, '2017-01-24 11:35:34', 'GME-PA', 'You have been invited to game Hac hockey by Vaishakha Hk', NULL, 56, 0, 0),
(304, '2017-01-24 06:05:34', '2017-01-24 06:05:34', 19, '2017-01-24 11:35:34', 'GME-PA', 'You have been invited to game Hac hockey by Vaishakha Hk', NULL, 56, 0, 0),
(305, '2017-01-24 06:05:34', '2017-01-24 06:05:34', 13, '2017-01-24 11:35:34', 'GME-PA', 'You have been invited to game Hac hockey by Vaishakha Hk', NULL, 56, 0, 0),
(306, '2017-01-24 06:14:34', '2017-01-24 06:14:51', 10, '2017-01-24 11:44:51', 'TME-PR', 'You\'ve added Yashwanth Play to Team Of 11', '27', 10, 1, 1),
(307, '2017-01-24 06:14:51', '2017-01-24 06:15:50', 27, '2017-01-24 11:44:51', 'TME-RA', 'Vaishakha Hk accepted your request to join Team Of 11', NULL, 10, 1, 1),
(308, '2017-01-24 11:48:00', '2017-01-24 06:25:01', 13, '2017-01-24 11:49:24', 'GMER', 'Vaishakha Hk challenged you for a game Cycling on Jan 24th between 11:48 AM to 12:30 PM near locatioin: HSR Layout, Bengaluru', '10', 10, 2, 0),
(309, '2017-01-24 11:59:00', '2017-01-24 06:48:31', 10, '2017-01-24 11:59:27', 'GMER', 'Agastya challenged you for a game Beach Ball on Jan 24th between 11:59 AM to 12:10 AM near locatioin: HSR Club, HSR Layout', '6', 21, 2, 1),
(314, '2017-01-24 12:12:00', '2017-01-24 07:54:58', 10, '2017-01-24 12:12:52', 'GMER', 'Agastya challenged you for a game Cycling on Jan 24th between 12:12 PM to 12:15 PM near locatioin: HSR Layout, Bengaluru', '6', 10, 2, 0),
(315, '2017-01-24 12:44:26', '2017-01-24 12:44:26', 6, '2017-01-24 18:14:26', 'GME-PA', 'You have been invited to game Hockey by Vaishakha Hk', NULL, 58, 0, 0),
(316, '2017-01-24 12:44:26', '2017-01-25 04:37:11', 13, '2017-01-24 18:14:26', 'GME-PA', 'You have been invited to game Hockey by Vaishakha Hk', NULL, 58, 0, 1),
(317, '2017-01-24 12:44:26', '2017-01-24 12:44:26', 11, '2017-01-24 18:14:26', 'GME-PA', 'You have been invited to game Hockey by Vaishakha Hk', NULL, 58, 0, 0),
(318, '2017-01-24 13:15:36', '2017-01-25 07:21:06', 6, '2017-01-25 12:51:06', 'GME-PA', 'You\'ve joined game Hockey in kanteerava', NULL, 59, 1, 1),
(319, '2017-01-24 13:56:47', '2017-01-24 13:56:47', 26, '2017-01-24 19:26:47', 'PLY-FT', 'Hemant R started following you', NULL, 13, 0, 0),
(320, '2017-01-24 20:43:00', '2017-02-14 04:23:41', 10, '2017-01-24 19:43:46', 'GMER', 'Hemant R challenged you for a game  Bowling on Jan 24th between 8:43 PM to 12:43 PM near locatioin: Hsr Layout, Bodabandenahalli', '13', 23, 2, 1),
(321, '2017-01-25 07:22:33', '2017-01-25 07:22:33', 13, '2017-01-25 12:52:33', 'GME-PA', 'You have been invited to game Volleyball by Agastya', NULL, 60, 0, 0),
(322, '2017-01-25 07:22:33', '2017-01-25 07:22:33', 11, '2017-01-25 12:52:33', 'GME-PA', 'You have been invited to game Volleyball by Agastya', NULL, 60, 0, 0),
(324, '2017-01-25 09:33:07', '2017-01-25 09:33:07', 6, '2017-01-25 15:03:07', 'GME-PR', 'Hemanth as requested to join your game Volleyball', '28', 60, 0, 0),
(328, '2017-01-25 16:30:23', '2017-01-25 16:39:49', 10, '2017-01-25 22:09:49', 'GME-PR', 'You\'ve added Nabil Ahmed', '34', 61, 1, 1),
(329, '2017-01-25 16:31:13', '2017-01-25 16:39:26', 10, '2017-01-25 22:09:26', 'TME-PR', 'You\'ve added Nabil Ahmed to Zap', '34', 31, 1, 1),
(330, '2017-01-25 16:34:53', '2017-01-25 16:34:53', 34, '2017-01-25 22:04:53', 'TME-PA', 'You have been added to Row Bros by Jacob Rohan Joseph', NULL, 32, 1, 0),
(331, '2017-01-25 16:35:09', '2017-01-25 16:35:09', 34, '2017-01-25 22:05:09', 'PLY-FT', 'Jacob Rohan Joseph started following you', NULL, 33, 0, 0),
(332, '2017-01-25 16:39:26', '2017-01-25 16:39:26', 34, '2017-01-25 22:09:26', 'TME-RA', 'Vaishakha Hk accepted your request to join Zap', NULL, 31, 1, 0),
(333, '2017-01-25 16:39:49', '2017-01-25 16:39:49', 34, '2017-01-25 22:09:49', 'GME-RA', 'Vaishakha Hk accepted your request to join Hockey', NULL, 61, 1, 0),
(334, '2017-01-25 16:41:11', '2017-01-25 16:41:54', 10, '2017-01-25 22:11:54', 'GME-PR', 'You\'ve added Jacob Rohan Joseph', '33', 61, 1, 1),
(335, '2017-01-25 16:41:54', '2017-01-26 09:53:59', 33, '2017-01-25 22:11:54', 'GME-RA', 'Vaishakha Hk accepted your request to join Hockey', NULL, 61, 1, 1),
(336, '2017-01-25 17:07:36', '2017-01-25 17:07:36', 6, '2017-01-25 22:37:36', 'GME-PR', 'Nabil Ahmed as requested to join your game Volleyball', '34', 60, 0, 0),
(337, '2017-01-26 00:12:25', '2017-01-26 00:12:25', 6, '2017-01-26 05:42:25', 'GME-PA', 'You have been invited to game Cricket by Nabil Ahmed', NULL, 62, 0, 0),
(338, '2017-01-26 00:12:25', '2017-01-26 13:23:56', 10, '2017-01-26 18:53:56', 'GME-PA', 'You\'ve joined game Cricket', NULL, 62, 1, 1),
(339, '2017-01-26 00:12:25', '2017-01-26 00:12:25', 11, '2017-01-26 05:42:25', 'GME-PA', 'You have been invited to game Cricket by Nabil Ahmed', NULL, 62, 0, 0),
(340, '2017-01-26 00:12:25', '2017-01-26 00:12:25', 13, '2017-01-26 05:42:25', 'GME-PA', 'You have been invited to game Cricket by Nabil Ahmed', NULL, 62, 0, 0),
(342, '2017-01-26 00:12:25', '2017-01-26 00:12:25', 8, '2017-01-26 05:42:25', 'GME-PA', 'You have been invited to game Cricket by Nabil Ahmed', NULL, 62, 0, 0),
(343, '2017-01-26 00:12:25', '2017-01-26 00:12:25', 14, '2017-01-26 05:42:25', 'GME-PA', 'You have been invited to game Cricket by Nabil Ahmed', NULL, 62, 0, 0),
(344, '2017-01-26 00:12:25', '2017-01-26 00:12:25', 15, '2017-01-26 05:42:25', 'GME-PA', 'You have been invited to game Cricket by Nabil Ahmed', NULL, 62, 0, 0),
(345, '2017-01-26 00:12:25', '2017-01-26 00:12:25', 16, '2017-01-26 05:42:25', 'GME-PA', 'You have been invited to game Cricket by Nabil Ahmed', NULL, 62, 0, 0),
(346, '2017-01-26 00:12:25', '2017-01-26 00:12:25', 17, '2017-01-26 05:42:25', 'GME-PA', 'You have been invited to game Cricket by Nabil Ahmed', NULL, 62, 0, 0),
(347, '2017-01-26 00:12:25', '2017-01-26 00:12:25', 18, '2017-01-26 05:42:25', 'GME-PA', 'You have been invited to game Cricket by Nabil Ahmed', NULL, 62, 0, 0),
(348, '2017-01-26 00:12:25', '2017-01-26 00:12:25', 19, '2017-01-26 05:42:25', 'GME-PA', 'You have been invited to game Cricket by Nabil Ahmed', NULL, 62, 0, 0),
(349, '2017-01-26 00:12:25', '2017-01-26 00:12:25', 27, '2017-01-26 05:42:25', 'GME-PA', 'You have been invited to game Cricket by Nabil Ahmed', NULL, 62, 0, 0),
(350, '2017-01-26 00:12:25', '2017-01-26 03:35:05', 33, '2017-01-26 09:05:05', 'GME-PA', 'You\'ve joined game Cricket', NULL, 62, 1, 1),
(351, '2017-01-26 00:12:33', '2017-01-26 00:12:33', 7, '2017-01-26 05:42:33', 'GME-PY', 'Nabil Ahmed wants you to join and pay for a game of Cricket. Press Yes to continue or No to decline.', NULL, 62, 0, 0),
(352, '2017-01-26 00:33:27', '2017-01-26 00:33:27', 6, '2017-01-26 06:03:27', 'GME-PR', 'Punith BM as requested to join your game Volleyball', '1', 60, 0, 0),
(353, '2017-01-26 03:45:05', '2017-01-26 03:45:05', 6, '2017-01-26 09:15:05', 'TME-PF', 'Jacob Rohan Joseph started following your team Volley Team', NULL, 23, 0, 0),
(355, '2017-01-26 07:58:57', '2017-01-26 07:58:57', 6, '2017-01-26 13:28:57', 'GME-PA', 'You have been invited to game Air by Jacob Rohan Joseph', NULL, 65, 0, 0),
(356, '2017-01-26 07:58:57', '2017-01-26 07:58:57', 8, '2017-01-26 13:28:57', 'GME-PA', 'You have been invited to game Air by Jacob Rohan Joseph', NULL, 65, 0, 0),
(357, '2017-01-26 07:58:57', '2017-01-26 07:58:57', 31, '2017-01-26 13:28:57', 'GME-PA', 'You have been invited to game Air by Jacob Rohan Joseph', NULL, 65, 0, 0),
(358, '2017-01-26 07:58:57', '2017-01-26 07:58:57', 15, '2017-01-26 13:28:57', 'GME-PA', 'You have been invited to game Air by Jacob Rohan Joseph', NULL, 65, 0, 0),
(359, '2017-01-26 07:58:57', '2017-01-26 08:04:57', 13, '2017-01-26 13:34:57', 'GME-PA', 'You\'ve joined game Air', NULL, 65, 1, 1),
(377, '2017-01-26 10:18:43', '2017-01-26 16:57:46', 1, '2017-01-26 15:48:43', 'PLY-FT', 'Jacob Rohan Joseph started following you', NULL, 33, 0, 1),
(378, '2017-01-26 11:02:28', '2017-01-26 13:20:12', 33, '2017-01-26 16:32:28', 'PLY-FT', 'Hemant R started following you', NULL, 13, 0, 1),
(399, '2017-01-26 13:21:50', '2017-01-26 13:21:50', 7, '2017-01-26 18:51:50', 'GME-PA', 'You have been invited to game Air sports 1 by Hemant R', NULL, 70, 0, 0),
(400, '2017-01-26 13:21:50', '2017-01-26 13:23:21', 10, '2017-01-26 18:53:21', 'GME-PA', 'You\'ve joined game Air sports 1', NULL, 70, 1, 1),
(401, '2017-01-26 13:21:50', '2017-01-26 13:21:50', 6, '2017-01-26 18:51:50', 'GME-PA', 'You have been invited to game Air sports 1 by Hemant R', NULL, 70, 0, 0),
(402, '2017-01-26 13:21:50', '2017-01-26 13:21:50', 15, '2017-01-26 18:51:50', 'GME-PA', 'You have been invited to game Air sports 1 by Hemant R', NULL, 70, 0, 0),
(403, '2017-01-26 13:21:50', '2017-01-26 13:21:50', 17, '2017-01-26 18:51:50', 'GME-PA', 'You have been invited to game Air sports 1 by Hemant R', NULL, 70, 0, 0),
(404, '2017-01-26 13:21:50', '2017-01-26 13:21:50', 8, '2017-01-26 18:51:50', 'GME-PA', 'You have been invited to game Air sports 1 by Hemant R', NULL, 70, 0, 0),
(405, '2017-01-26 13:21:50', '2017-01-26 13:21:50', 11, '2017-01-26 18:51:50', 'GME-PA', 'You have been invited to game Air sports 1 by Hemant R', NULL, 70, 0, 0),
(406, '2017-01-26 13:21:50', '2017-01-26 13:21:50', 14, '2017-01-26 18:51:50', 'GME-PA', 'You have been invited to game Air sports 1 by Hemant R', NULL, 70, 0, 0),
(407, '2017-01-26 13:21:50', '2017-01-26 13:21:50', 16, '2017-01-26 18:51:50', 'GME-PA', 'You have been invited to game Air sports 1 by Hemant R', NULL, 70, 0, 0),
(408, '2017-01-26 13:21:50', '2017-01-26 13:21:50', 18, '2017-01-26 18:51:50', 'GME-PA', 'You have been invited to game Air sports 1 by Hemant R', NULL, 70, 0, 0),
(409, '2017-01-26 13:21:50', '2017-01-26 13:21:50', 19, '2017-01-26 18:51:50', 'GME-PA', 'You have been invited to game Air sports 1 by Hemant R', NULL, 70, 0, 0),
(410, '2017-01-26 13:21:50', '2017-01-26 13:21:50', 27, '2017-01-26 18:51:50', 'GME-PA', 'You have been invited to game Air sports 1 by Hemant R', NULL, 70, 0, 0),
(411, '2017-01-26 13:21:50', '2017-01-26 13:21:50', 34, '2017-01-26 18:51:50', 'GME-PA', 'You have been invited to game Air sports 1 by Hemant R', NULL, 70, 0, 0),
(412, '2017-01-26 13:21:50', '2017-01-26 13:22:41', 33, '2017-01-26 18:52:41', 'GME-PA', 'You\'ve joined game Air sports 1', NULL, 70, 1, 1),
(446, '2017-01-26 13:56:27', '2017-01-26 13:56:27', 29, '2017-01-26 19:26:27', 'PLY-FT', 'Hemant R started following you', NULL, 13, 0, 0),
(447, '2017-01-26 16:33:34', '2017-01-26 16:33:34', 13, '2017-01-26 22:03:34', 'PLY-FT', 'Punith BM started following you', NULL, 1, 0, 0),
(448, '2017-01-27 04:52:36', '2017-01-27 04:52:36', 29, '2017-01-27 10:22:36', 'GME-PA', 'You have been invited to game Air sports 1 by Hemant R', NULL, 70, 0, 0),
(449, '2017-01-27 07:24:54', '2017-01-27 07:24:54', 6, '2017-01-27 12:54:54', 'GME-PA', 'You have been invited to game United 11 by Hemant R', NULL, 73, 0, 0),
(451, '2017-01-27 07:24:54', '2017-01-27 07:24:54', 11, '2017-01-27 12:54:54', 'GME-PA', 'You have been invited to game United 11 by Hemant R', NULL, 73, 0, 0),
(452, '2017-01-27 07:24:54', '2017-01-27 07:24:54', 34, '2017-01-27 12:54:54', 'GME-PA', 'You have been invited to game United 11 by Hemant R', NULL, 73, 0, 0),
(453, '2017-01-27 07:24:54', '2017-01-27 07:24:54', 7, '2017-01-27 12:54:54', 'GME-PA', 'You have been invited to game United 11 by Hemant R', NULL, 73, 0, 0),
(454, '2017-01-27 07:24:54', '2017-01-27 07:24:54', 8, '2017-01-27 12:54:54', 'GME-PA', 'You have been invited to game United 11 by Hemant R', NULL, 73, 0, 0),
(455, '2017-01-27 07:24:54', '2017-01-27 07:24:54', 14, '2017-01-27 12:54:54', 'GME-PA', 'You have been invited to game United 11 by Hemant R', NULL, 73, 0, 0),
(456, '2017-01-27 07:24:54', '2017-01-27 07:24:54', 15, '2017-01-27 12:54:54', 'GME-PA', 'You have been invited to game United 11 by Hemant R', NULL, 73, 0, 0),
(457, '2017-01-27 07:24:54', '2017-01-27 07:24:54', 16, '2017-01-27 12:54:54', 'GME-PA', 'You have been invited to game United 11 by Hemant R', NULL, 73, 0, 0),
(458, '2017-01-27 07:24:54', '2017-01-27 07:24:54', 17, '2017-01-27 12:54:54', 'GME-PA', 'You have been invited to game United 11 by Hemant R', NULL, 73, 0, 0),
(459, '2017-01-27 07:24:54', '2017-01-27 07:24:54', 18, '2017-01-27 12:54:54', 'GME-PA', 'You have been invited to game United 11 by Hemant R', NULL, 73, 0, 0),
(460, '2017-01-27 07:24:54', '2017-01-27 07:24:54', 19, '2017-01-27 12:54:54', 'GME-PA', 'You have been invited to game United 11 by Hemant R', NULL, 73, 0, 0),
(461, '2017-01-27 07:24:54', '2017-01-27 07:24:54', 27, '2017-01-27 12:54:54', 'GME-PA', 'You have been invited to game United 11 by Hemant R', NULL, 73, 0, 0),
(462, '2017-01-30 05:32:06', '2017-01-30 05:32:06', 6, '2017-01-30 11:02:06', 'TME-PA', 'You have been added to My team by Punith BM', NULL, 33, 1, 0),
(463, '2017-01-30 05:32:06', '2017-01-30 05:32:06', 13, '2017-01-30 11:02:06', 'TME-PA', 'You have been added to My team by Punith BM', NULL, 33, 1, 0),
(470, '2017-01-30 06:25:03', '2017-01-30 06:25:03', 27, '2017-01-30 11:55:03', 'GME-PY', 'You have completed Test', NULL, 68, 1, 0),
(475, '2017-01-30 10:58:14', '2017-01-30 10:58:14', 6, '2017-01-30 16:28:14', 'GME-PA', 'You have been invited to game Archery by Punith BM', NULL, 76, 0, 0),
(476, '2017-01-30 10:58:14', '2017-01-30 10:58:14', 13, '2017-01-30 16:28:14', 'GME-PA', 'You have been invited to game Archery by Punith BM', NULL, 76, 0, 0),
(479, '2017-01-30 11:32:11', '2017-01-30 11:32:28', 1, '2017-01-30 17:02:28', 'GME-PY', 'You\'ve joined game Baseball', NULL, 77, 1, 1),
(480, '2017-01-30 11:32:45', '2017-01-30 11:32:50', 13, '2017-01-30 17:02:45', 'GME-PY', 'Punith BM has completed the payment request for “Baseball”', NULL, 77, 1, 1),
(481, '2017-01-31 10:17:05', '2017-01-31 10:20:49', 6, '2017-01-31 15:47:05', 'GME-RA', 'Agastya accepted your request to join Sport', NULL, 10, 1, 1),
(482, '2017-02-01 05:33:44', '2017-02-01 05:33:44', 1, '2017-02-01 11:03:44', 'GME-PY', 'Hemant R has completed the payment request for “Baseball”', NULL, 77, 1, 0),
(506, '2017-02-01 12:50:59', '2017-02-01 13:45:03', 2, '2017-02-01 18:20:59', 'VDR-BOKNG', 'Hemant R has booked your ground Air Games on 2nd February from 08:00 AM to 09:30 AM', 'Indiranagar Club House,5,Air Games,19,2017-02-02', 19, 0, 1),
(508, '2017-02-01 12:56:28', '2017-02-01 13:44:41', 2, '2017-02-01 18:26:28', 'VDR-BOKNG', 'Hemant R has booked your ground Cricket Ground 100*100m on 2nd February from 11:00 AM to 12:30 PM', 'HSR BDA Ground,6,Cricket Ground 100*100m,25,2017-02-02', 25, 0, 1),
(510, '2017-02-01 13:05:19', '2017-02-01 13:45:25', 2, '2017-02-01 18:35:19', 'VDR-BOKNG', 'Hemant R has booked your ground Lazy Fishing on 2nd February from 06:30 AM to 07:00 AM', 'Madiwala Lake,8,Lazy Fishing,34,2017-02-02', 34, 0, 1),
(512, '2017-02-01 13:53:50', '2017-02-01 13:54:26', 2, '2017-02-01 19:23:50', 'VDR-BOKNG', 'Hemant R as booked your ground Baseball Ground on 2nd February from 07:30 AM to 09:00 AM', 'Indiranagar Club House,5,Baseball Ground,21,2017-02-02', 21, 0, 1),
(513, '2017-02-01 14:03:38', '2017-02-01 14:17:27', 2, '2017-02-01 19:33:38', 'VDR-CNCL', 'Hemant R as canceled his booking for your ground Cricket Ground 100*100m on 2nd February from 11:00 AM to 12:30 PM', 'HSR BDA Ground,6,Cricket Ground 100*100m,25,2017-02-02', 25, 0, 1),
(514, '2017-02-01 14:21:16', '2017-02-01 14:21:40', 2, '2017-02-01 19:51:16', 'VDR-CNCL', 'Hemant R as canceled his booking for your ground Cricket Ground 100*100m on 2nd February from 08:00 AM to 09:30 AM', 'HSR BDA Ground,6,Cricket Ground 100*100m,25,2017-02-02', 25, 0, 1),
(516, '2017-02-05 09:43:38', '2017-02-05 09:43:38', 13, '2017-02-05 15:13:38', 'GME-PA', 'You have been invited to game Jjkk by Punith Bm', NULL, 88, 0, 0),
(517, '2017-02-05 09:43:38', '2017-02-05 09:43:38', 17, '2017-02-05 15:13:38', 'GME-PA', 'You have been invited to game Jjkk by Punith Bm', NULL, 88, 0, 0),
(518, '2017-02-05 09:44:41', '2017-02-05 09:44:41', 2, '2017-02-05 15:14:41', 'VDR-BOKNG', 'Punith Bm as booked your ground Windy Kite on 5th February from 03:30 PM to 04:30 PM', 'Madiwala Lake,8,Windy Kite,32,2017-02-05', 32, 0, 0),
(520, '2017-02-06 13:11:53', '2017-02-06 13:11:53', 2, '2017-02-06 18:41:53', 'VDR-BOKNG', 'Punith BM as booked your ground Cycling Track 7km on 7th February from 06:30 AM to 07:00 AM', 'Indiranagar Club House,5,Cycling Track 7km,24,2017-02-07', 24, 0, 0),
(521, '2017-02-07 09:33:33', '2017-02-07 09:33:33', 30, '2017-02-07 15:03:33', 'TME-PA', 'You have been added to Zap by Vaishakha Hk', NULL, 31, 1, 0),
(527, '2017-02-07 09:59:13', '2017-02-07 09:59:13', 2, '2017-02-07 15:29:13', 'VDR-BOKNG', 'Vaishakha Hk as booked your ground Archery Zone on 8th February from 11:30 AM to 12:00 PM', 'Vijayanagar Club House,3,Archery Zone,15,2017-02-08', 15, 0, 0),
(528, '2017-02-07 10:07:35', '2017-02-07 10:07:35', 2, '2017-02-07 15:37:35', 'VDR-CNCL', 'Vaishakha Hk as canceled his booking for your ground Archery Zone on 8th February from 11:30 AM to 12:00 PM', 'Vijayanagar Club House,3,Archery Zone,15,2017-02-08', 15, 0, 0),
(532, '2017-02-07 10:09:14', '2017-02-07 10:09:38', 30, '2017-02-07 15:39:38', 'GME-PA', 'You\'ve joined game Game on', NULL, 91, 1, 1),
(534, '2017-02-07 10:09:29', '2017-02-07 10:09:29', 2, '2017-02-07 15:39:29', 'VDR-BOKNG', 'Vaishakha Hk as booked your ground Cricket Ground 100*100m on 8th February from 09:30 AM to 05:00 PM', 'HSR BDA Ground,6,Cricket Ground 100*100m,25,2017-02-08', 25, 0, 0),
(535, '2017-02-07 12:59:55', '2017-02-07 12:59:55', 2, '2017-02-07 18:29:55', 'VDR-BOKNG', 'Punith Bm as booked your ground Archery Zone on 8th February from 07:30 AM to 08:30 AM', 'Vijayanagar Club House,3,Archery Zone,15,2017-02-08', 15, 0, 0),
(536, '2017-02-08 13:29:10', '2017-02-08 13:29:10', 17, '2017-02-08 18:59:10', 'TME-PR', 'Vaishakha Hk as requested to deletin your team Team', '10', 7, 0, 0),
(537, '2017-02-08 15:29:48', '2017-02-10 18:34:44', 1, '2017-02-08 20:59:48', 'PLY-FT', 'Jacob Rohan Joseph started following you', NULL, 4, 0, 1),
(538, '2017-02-09 07:19:03', '2017-02-09 07:19:03', 1, '2017-02-09 12:49:03', 'TME-PA', 'You have been added to Zap by Vaishakha Hk', NULL, 31, 1, 0),
(545, '2017-02-09 07:21:44', '2017-02-09 07:21:44', 2, '2017-02-09 12:51:44', 'VDR-BOKNG', 'Agastya as booked your ground Cycling Track 7km on 10th February from 06:30 AM to 07:30 AM', 'Indiranagar Club House,5,Cycling Track 7km,24,2017-02-10', 24, 0, 0),
(549, '2017-02-09 08:29:57', '2017-02-09 08:29:57', 10, '2017-02-09 13:59:57', 'TME-PF', 'jaison fernando started following your team Zap', NULL, 31, 0, 0),
(550, '2017-02-09 08:30:37', '2017-02-09 08:30:37', 17, '2017-02-09 14:00:37', 'TME-PR', 'jaison fernando as requested to deletin your team Team 11', '54', 6, 0, 0),
(551, '2017-02-09 11:11:44', '2017-02-13 04:18:20', 10, '2017-02-09 16:41:44', 'TME-PA', 'You have been added to My team by Hemanth Hemi', NULL, 33, 1, 1),
(552, '2017-02-09 11:22:24', '2017-02-09 11:23:35', 10, '2017-02-09 16:53:35', 'TME-PR', 'You\'ve added Hemanth Hemi to Zap', '32', 31, 1, 1),
(553, '2017-02-09 11:23:35', '2017-02-09 11:23:35', 32, '2017-02-09 16:53:35', 'TME-RA', 'Vaishakha Hk accepted your request to join Zap', NULL, 31, 1, 0),
(555, '2017-02-09 11:40:21', '2017-02-09 11:40:21', 2, '2017-02-09 17:10:21', 'VDR-BOKNG', 'Jacob Rohan Joseph as booked your ground Cricket Ground 100*100m on 10th February from 08:00 AM to 09:30 AM', 'HSR BDA Ground,6,Cricket Ground 100*100m,25,2017-02-10', 25, 0, 0),
(557, '2017-02-09 12:36:16', '2017-02-09 12:36:16', 2, '2017-02-09 18:06:16', 'VDR-BOKNG', 'Hemanth Hemi as booked your ground Cycling Track 7km on 10th February from 07:30 AM to 08:00 AM', 'Indiranagar Club House,5,Cycling Track 7km,24,2017-02-10', 24, 0, 0),
(560, '2017-02-10 06:14:44', '2017-02-10 06:14:44', 11, '2017-02-10 11:44:44', 'GME-PA', 'You have been invited to game Game new by Agastya', NULL, 100, 0, 0),
(561, '2017-02-10 06:14:44', '2017-02-10 06:14:44', 13, '2017-02-10 11:44:44', 'GME-PA', 'You have been invited to game Game new by Agastya', NULL, 100, 0, 0),
(562, '2017-02-10 06:14:44', '2017-02-10 06:14:44', 30, '2017-02-10 11:44:44', 'GME-PA', 'You have been invited to game Game new by Agastya', NULL, 100, 0, 0),
(563, '2017-02-10 06:14:44', '2017-02-10 06:14:44', 32, '2017-02-10 11:44:44', 'GME-PA', 'You have been invited to game Game new by Agastya', NULL, 100, 0, 0),
(564, '2017-02-10 06:14:44', '2017-02-10 06:14:44', 34, '2017-02-10 11:44:44', 'GME-PA', 'You have been invited to game Game new by Agastya', NULL, 100, 0, 0),
(565, '2017-02-10 06:14:44', '2017-02-10 06:14:44', 54, '2017-02-10 11:44:44', 'GME-PA', 'You have been invited to game Game new by Agastya', NULL, 100, 0, 0),
(566, '2017-02-10 06:15:01', '2017-02-10 06:15:01', 2, '2017-02-10 11:45:01', 'VDR-BOKNG', 'Agastya as booked your ground Cycling Track 7km on 10th February from 12:00 PM to 12:30 PM', 'Indiranagar Club House,5,Cycling Track 7km,24,2017-02-10', 24, 0, 0),
(567, '2017-02-10 10:22:40', '2017-02-10 10:22:40', 5, '2017-02-10 15:52:40', 'TME-PA', 'You have been added to Blank by Jacob Rohan Joseph', NULL, 34, 1, 0),
(568, '2017-02-10 10:22:40', '2017-02-10 10:22:40', 51, '2017-02-10 15:52:40', 'TME-PA', 'You have been added to Blank by Jacob Rohan Joseph', NULL, 34, 1, 0),
(589, '2017-02-10 10:24:15', '2017-02-10 10:24:15', 2, '2017-02-10 15:54:15', 'VDR-BOKNG', 'Jacob Rohan Joseph as booked your ground Football Ground  70*70m on 10th February from 05:00 PM to 06:30 PM', 'HSR BDA Ground,6,Football Ground  70*70m,26,2017-02-10', 26, 0, 0),
(590, '2017-02-10 14:35:51', '2017-02-10 14:35:51', 30, '2017-02-10 20:05:51', 'PLY-FT', 'Agastya started following you', NULL, 6, 0, 0),
(591, '2017-02-10 14:36:02', '2017-02-14 04:32:02', 1, '2017-02-10 20:06:02', 'PLY-FT', 'Agastya started following you', NULL, 6, 0, 1),
(592, '2017-02-10 14:44:55', '2017-02-10 14:44:55', 55, '2017-02-10 20:14:55', 'PLY-FT', 'Agastya started following you', NULL, 6, 0, 0),
(593, '2017-02-11 07:08:48', '2017-02-13 04:18:02', 10, '2017-02-11 12:38:48', 'PLY-FT', 'Punith BM started following you', NULL, 1, 0, 1),
(594, '2017-02-11 15:10:01', '2017-02-13 04:18:10', 10, '2017-02-11 20:40:01', 'TME-PA', 'You have been added to Team new by Punith BM', NULL, 35, 1, 1),
(595, '2017-02-11 15:10:41', '2017-02-13 04:17:31', 10, '2017-02-11 20:40:41', 'TME-PA', 'You have been added to Team new by Punith BM', NULL, 35, 1, 1),
(596, '2017-02-12 04:32:58', '2017-02-12 04:33:12', 13, '2017-02-12 10:03:12', 'TME-PR', 'You\'ve added Punith BM to Fire', '1', 2, 1, 1),
(597, '2017-02-12 04:33:12', '2017-02-12 11:02:52', 1, '2017-02-12 10:03:12', 'TME-RA', 'Hemant R accepted your request to join Fire', NULL, 2, 1, 1),
(599, '2017-02-12 04:58:19', '2017-02-14 14:41:00', 1, '2017-02-12 10:28:19', 'TME-PF', 'Hemant R started following your team Team new', NULL, 35, 0, 1),
(600, '2017-02-13 04:40:35', '2017-02-13 04:40:35', 29, '2017-02-13 10:10:35', 'TME-PA', 'You have been added to Royal Enfield by Hemant R', NULL, 36, 1, 0),
(601, '2017-02-13 04:40:35', '2017-02-13 04:40:35', 7, '2017-02-13 10:10:35', 'TME-PA', 'You have been added to Royal Enfield by Hemant R', NULL, 36, 1, 0),
(602, '2017-02-13 04:40:35', '2017-02-13 04:40:35', 10, '2017-02-13 10:10:35', 'TME-PA', 'You have been added to Royal Enfield by Hemant R', NULL, 36, 1, 0),
(603, '2017-02-13 04:40:35', '2017-02-13 04:40:35', 6, '2017-02-13 10:10:35', 'TME-PA', 'You have been added to Royal Enfield by Hemant R', NULL, 36, 1, 0),
(604, '2017-02-13 06:26:17', '2017-02-13 06:26:17', 6, '2017-02-13 11:56:17', 'GME-PA', 'You have been invited to game Aim Bad by Sherlock Homes', NULL, 103, 0, 0),
(605, '2017-02-13 06:26:17', '2017-02-13 06:26:17', 13, '2017-02-13 11:56:17', 'GME-PA', 'You have been invited to game Aim Bad by Sherlock Homes', NULL, 103, 0, 0),
(606, '2017-02-13 06:27:22', '2017-02-13 06:27:22', 2, '2017-02-13 11:57:22', 'VDR-BOKNG', 'Sherlock Homes as booked your ground Archery Zone on 14th February from 08:00 AM to 08:30 AM', 'Vijayanagar Club House,3,Archery Zone,15,2017-02-14', 15, 0, 0),
(607, '2017-02-13 10:26:34', '2017-02-13 10:26:34', 30, '2017-02-13 15:56:34', 'PLY-FT', 'Sherlock Homes started following you', NULL, 56, 0, 0),
(609, '2017-02-13 11:39:26', '2017-02-13 11:39:26', 13, '2017-02-13 17:09:26', 'TME-PF', 'Sherlock Homes started following your team Hemanth', NULL, 5, 0, 0),
(610, '2017-02-13 11:39:28', '2017-02-13 11:39:28', 13, '2017-02-13 17:09:28', 'TME-PR', 'Sherlock Homes as requested to deletin your team Hemanth', '56', 5, 0, 0),
(611, '2017-02-13 11:41:36', '2017-02-13 11:41:36', 6, '2017-02-13 17:11:36', 'TME-PA', 'You have been added to Trekking team by Sherlock Homes', NULL, 37, 1, 0),
(612, '2017-02-13 11:41:36', '2017-02-13 11:41:36', 8, '2017-02-13 17:11:36', 'TME-PA', 'You have been added to Trekking team by Sherlock Homes', NULL, 37, 1, 0),
(613, '2017-02-13 11:41:36', '2017-02-13 11:41:36', 31, '2017-02-13 17:11:36', 'TME-PA', 'You have been added to Trekking team by Sherlock Homes', NULL, 37, 1, 0),
(614, '2017-02-13 11:41:36', '2017-02-13 11:41:36', 32, '2017-02-13 17:11:36', 'TME-PA', 'You have been added to Trekking team by Sherlock Homes', NULL, 37, 1, 0),
(615, '2017-02-13 11:41:36', '2017-02-13 11:41:36', 13, '2017-02-13 17:11:36', 'TME-PA', 'You have been added to Trekking team by Sherlock Homes', NULL, 37, 1, 0),
(616, '2017-02-13 15:48:19', '2017-02-13 15:48:19', 6, '2017-02-13 21:18:19', 'GME-PY', 'You have completed Super bowl', NULL, 92, 1, 0),
(617, '2017-02-13 15:48:19', '2017-02-13 15:48:19', 56, '2017-02-13 21:18:19', 'GME-PY', 'You have completed Super bowl', NULL, 92, 1, 0),
(619, '2017-02-14 04:34:35', '2017-02-14 04:34:35', 13, '2017-02-14 10:04:35', 'TME-PR', 'Sherlock Homes as requested to deletin your team Royal Enfield', '56', 36, 0, 0),
(621, '2017-02-14 04:36:50', '2017-02-14 04:36:50', 10, '2017-02-14 10:06:50', 'TME-PR', 'Sherlock Homes as requested to deletin your team Zap', '56', 31, 0, 0),
(622, '2017-02-14 04:37:03', '2017-02-14 04:37:03', 13, '2017-02-14 10:07:03', 'TME-PR', 'Sherlock Homes as requested to deletin your team Fire', '56', 2, 0, 0),
(623, '2017-02-14 10:55:00', '2017-02-14 05:27:03', 10, '2017-02-14 10:53:28', 'GMER', 'Punith BM challenged you for a game Cycling on Feb 14th between 10:55 AM to 10:59 AM near locatioin: HSR Layout, Bengaluru', '1', 10, 2, 1),
(624, '2017-02-14 13:45:14', '2017-02-14 14:40:43', 1, '2017-02-14 19:15:14', 'PLY-FT', 'Vaishakha Hk started following you', NULL, 10, 0, 1),
(625, '2017-02-14 14:44:21', '2017-02-14 14:44:30', 20, '2017-02-14 20:14:21', 'PLY-FR', 'You accepted the follow request from Punith BM', NULL, 1, 1, 1),
(630, '2017-02-15 05:44:56', '2017-02-15 05:45:17', 1, '2017-02-15 11:14:56', 'PLY-FR', 'You accepted the follow request from Hemant R', NULL, 13, 1, 1),
(631, '2017-02-15 05:45:17', '2017-02-15 05:45:17', 13, '2017-02-15 11:15:17', 'PLY-FR', 'Punith BM has accepted your follow request', NULL, 1, 1, 0),
(632, '2017-02-21 09:22:28', '2017-02-21 09:22:28', 2, '2017-02-21 14:52:28', 'VDR-BOKNG', 'Punith Bm as booked your ground Air Games on 22nd February from 06:30 AM to 11:00 AM', 'Indiranagar Club House,5,Air Games,19,2017-02-22', 19, 0, 0);

-- --------------------------------------------------------

--
-- Table structure for table `orders`
--

CREATE TABLE `orders` (
  `id` int(11) NOT NULL,
  `created_at` datetime DEFAULT NULL,
  `updated_at` datetime DEFAULT NULL,
  `user_id` int(11) NOT NULL,
  `product_id` int(11) NOT NULL,
  `status` varchar(45) DEFAULT NULL,
  `total_points` varchar(45) DEFAULT NULL
) ENGINE=InnoDB DEFAULT CHARSET=latin1;

-- --------------------------------------------------------

--
-- Table structure for table `points`
--

CREATE TABLE `points` (
  `id` int(11) NOT NULL,
  `created_at` datetime DEFAULT NULL,
  `updated_at` datetime DEFAULT NULL,
  `type` int(11) NOT NULL,
  `type_id` int(11) NOT NULL,
  `more` int(11) NOT NULL DEFAULT '0',
  `content` varchar(255) DEFAULT '',
  `point` int(11) NOT NULL
) ENGINE=InnoDB DEFAULT CHARSET=latin1;

--
-- Dumping data for table `points`
--

INSERT INTO `points` (`id`, `created_at`, `updated_at`, `type`, `type_id`, `more`, `content`, `point`) VALUES
(1, '2017-01-18 10:32:19', '2017-01-18 10:32:19', 1, 26, 4, 'Played game Rugby', 10),
(2, '2017-01-18 10:32:19', '2017-01-18 10:32:19', 1, 6, 4, 'Played game Rugby', 4),
(3, '2017-01-18 10:32:19', '2017-01-18 10:32:19', 1, 13, 4, 'Played game Rugby', 4),
(4, '2017-01-19 05:01:15', '2017-01-19 05:01:15', 2, 23, 13, 'Played game Team game', 4),
(5, '2017-01-19 05:01:15', '2017-01-19 05:01:15', 1, 10, 13, 'Played game Team game', 4),
(6, '2017-01-19 05:01:15', '2017-01-19 05:01:15', 1, 15, 13, 'Played game Team game', 4),
(7, '2017-01-19 05:01:15', '2017-01-19 05:01:15', 1, 17, 13, 'Played game Team game', 4),
(9, '2017-01-19 06:07:18', '2017-01-19 06:07:18', 1, 13, 16, 'Played game Hockey', 6000),
(10, '2017-01-19 06:07:18', '2017-01-19 06:07:18', 1, 6, 16, 'Played game Hockey', 4),
(15, '2017-01-19 10:19:30', '2017-01-19 10:19:30', 1, 6, 20, 'Played game Race', 4),
(17, '2017-01-19 10:43:18', '2017-01-19 10:43:18', 2, 22, 27, 'Played game Car race', 4),
(18, '2017-01-19 10:43:18', '2017-01-19 10:43:18', 1, 13, 27, 'Played game Car race', 4),
(19, '2017-01-19 10:43:18', '2017-01-19 10:43:18', 1, 6, 27, 'Played game Car race', 4),
(20, '2017-01-19 10:43:18', '2017-01-19 10:43:18', 1, 10, 27, 'Played game Car race', 4),
(21, '2017-01-19 11:20:42', '2017-01-19 11:20:42', 1, 22, 0, 'Connected facebook to account', 4),
(22, '2017-01-19 13:44:07', '2017-01-19 13:44:07', 1, 23, 0, 'Connected facebook to account', 4),
(23, '2017-01-19 13:49:58', '2017-01-19 13:49:58', 1, 24, 0, 'Connected facebook to account', 4),
(24, '2017-01-19 13:57:07', '2017-01-19 13:57:07', 1, 25, 0, 'Connected facebook to account', 4),
(25, '2017-01-20 06:04:27', '2017-01-20 06:04:27', 1, 10, 24, 'Played game Test pay', 4),
(26, '2017-01-20 06:04:27', '2017-01-20 06:04:27', 1, 6, 24, 'Played game Test pay', 4),
(27, '2017-01-20 09:38:57', '2017-01-20 09:38:57', 1, 10, 34, 'Played game Pay fish', 4),
(28, '2017-01-20 09:38:57', '2017-01-20 09:38:57', 1, 6, 34, 'Played game Pay fish', 4),
(29, '2017-01-20 09:39:29', '2017-01-20 09:39:29', 1, 10, 32, 'Played game Pay Hockey ', 4),
(30, '2017-01-20 09:39:29', '2017-01-20 09:39:29', 1, 11, 32, 'Played game Pay Hockey ', 4),
(31, '2017-01-20 12:49:14', '2017-02-06 12:48:41', 2, 10, 39, 'Connected social account', 4),
(32, '2017-01-20 12:49:14', '2017-01-20 12:49:14', 1, 10, 39, 'Played game Hanky', 4),
(33, '2017-01-20 12:49:14', '2017-01-20 12:49:14', 1, 14, 39, 'Played game Hanky', 4),
(34, '2017-01-20 12:49:14', '2017-01-20 12:49:14', 1, 15, 39, 'Played game Hanky', 4),
(35, '2017-01-20 12:50:12', '2017-01-25 06:15:12', 2, 31, 41, 'Connected social account', 4),
(36, '2017-01-20 12:50:12', '2017-01-20 12:50:12', 1, 10, 41, 'Played game Bowl', 4),
(37, '2017-01-20 12:50:12', '2017-01-20 12:50:12', 1, 6, 41, 'Played game Bowl', 4),
(38, '2017-01-20 12:50:13', '2017-01-20 12:50:13', 1, 11, 41, 'Played game Bowl', 4),
(39, '2017-01-20 12:50:13', '2017-01-20 12:50:13', 1, 13, 41, 'Played game Bowl', 4),
(40, '2017-01-20 13:25:46', '2017-01-20 13:25:46', 1, 13, 22, 'Played game Swim', 4),
(41, '2017-01-20 13:25:46', '2017-01-20 13:25:46', 1, 10, 22, 'Played game Swim', 4),
(42, '2017-01-20 13:25:46', '2017-01-20 13:25:46', 1, 6, 22, 'Played game Swim', 4),
(43, '2017-01-23 07:56:21', '2017-01-23 07:56:21', 2, 13, 0, 'Connected social account', 4),
(44, '2017-01-23 08:12:37', '2017-01-23 08:12:37', 2, 9, 0, 'Connected social account', 4),
(45, '2017-01-23 09:28:17', '2017-01-23 09:28:17', 1, 13, 43, 'Played game Swim', 4),
(46, '2017-01-23 09:28:17', '2017-01-23 09:28:17', 1, 10, 43, 'Played game Swim', 4),
(47, '2017-01-23 10:38:09', '2017-01-23 10:38:09', 1, 10, 45, 'Played game Cycling', 4),
(48, '2017-01-23 10:38:09', '2017-01-23 10:38:09', 1, 11, 45, 'Played game Cycling', 4),
(49, '2017-01-23 10:38:09', '2017-01-23 10:38:09', 1, 13, 45, 'Played game Cycling', 4),
(50, '2017-01-23 10:38:09', '2017-01-23 10:38:09', 1, 6, 45, 'Played game Cycling', 4),
(51, '2017-01-23 13:19:22', '2017-01-23 13:19:22', 2, 1, 0, 'Connected social account', 4),
(52, '2017-01-25 02:00:26', '2017-01-25 02:00:26', 2, 30, 0, 'Connected social account', 4),
(53, '2017-01-25 06:05:51', '2017-01-25 06:05:51', 2, 31, 0, 'Connected social account', 4),
(54, '2017-01-25 06:58:30', '2017-01-25 06:58:30', 2, 20, 0, 'Connected social account', 4),
(55, '2017-01-25 08:10:01', '2017-01-25 08:10:01', 2, 32, 0, 'Connected social account', 4),
(56, '2017-01-25 16:20:24', '2017-01-25 16:20:24', 2, 33, 0, 'Connected social account', 4),
(57, '2017-01-25 16:27:48', '2017-01-25 16:27:48', 2, 34, 0, 'Connected social account', 4),
(58, '2017-01-26 00:33:05', '2017-01-26 00:33:05', 1, 1, 49, 'Played game Football', 4),
(59, '2017-01-26 00:33:05', '2017-01-26 00:33:05', 1, 6, 49, 'Played Football', 4),
(60, '2017-01-26 00:33:05', '2017-01-26 00:33:05', 1, 8, 49, 'Played Football', 4),
(61, '2017-01-26 07:07:21', '2017-01-26 07:07:21', 2, 36, 0, 'Connected social account', 4),
(62, '2017-01-26 09:57:01', '2017-01-26 09:57:01', 2, 10, 50, 'Played Cricket crazy', 4),
(63, '2017-01-26 09:57:01', '2017-01-26 09:57:01', 2, 31, 50, 'Played Cricket crazy', 4),
(64, '2017-01-26 09:57:01', '2017-01-26 09:57:01', 1, 1, 50, 'Played game Cricket crazy', 4),
(65, '2017-01-26 09:57:01', '2017-01-26 09:57:01', 1, 7, 50, 'Played Cricket crazy', 4),
(66, '2017-01-26 09:57:01', '2017-01-26 09:57:01', 1, 8, 50, 'Played Cricket crazy', 4),
(67, '2017-01-26 09:57:01', '2017-01-26 09:57:01', 1, 10, 50, 'Played Cricket crazy', 4),
(68, '2017-01-26 09:57:01', '2017-01-26 09:57:01', 1, 13, 50, 'Played Cricket crazy', 4),
(69, '2017-01-26 09:57:01', '2017-01-26 09:57:01', 1, 14, 50, 'Played Cricket crazy', 4),
(70, '2017-01-26 09:57:01', '2017-01-26 09:57:01', 1, 15, 50, 'Played Cricket crazy', 4),
(71, '2017-01-26 09:57:01', '2017-01-26 09:57:01', 1, 16, 50, 'Played Cricket crazy', 4),
(72, '2017-01-26 09:57:01', '2017-01-26 09:57:01', 1, 17, 50, 'Played Cricket crazy', 4),
(73, '2017-01-26 09:57:01', '2017-01-26 09:57:01', 1, 18, 50, 'Played Cricket crazy', 4),
(74, '2017-01-30 06:25:03', '2017-01-30 06:25:03', 1, 1, 68, 'Played game Test', 4),
(75, '2017-01-30 06:25:03', '2017-01-30 06:25:03', 1, 27, 68, 'Played Test', 4),
(76, '2017-01-30 06:26:35', '2017-01-30 06:26:35', 1, 1, 68, 'Played game Test', 4),
(77, '2017-01-30 06:26:35', '2017-01-30 06:26:35', 1, 27, 68, 'Played Test', 4),
(78, '2017-01-30 06:33:21', '2017-01-30 06:33:21', 2, 1, 74, 'Played Volleyball', 4),
(79, '2017-01-30 06:33:21', '2017-01-30 06:33:21', 2, 6, 74, 'Played Volleyball', 4),
(80, '2017-01-30 06:33:21', '2017-01-30 06:33:21', 2, 13, 74, 'Played Volleyball', 4),
(81, '2017-01-30 06:33:21', '2017-01-30 06:33:21', 1, 1, 74, 'Played game Volleyball', 4),
(82, '2017-01-30 06:33:21', '2017-01-30 06:33:21', 1, 13, 74, 'Played Volleyball', 4),
(83, '2017-02-08 15:27:23', '2017-02-08 15:27:23', 2, 4, 0, 'Connected social account', 4),
(84, '2017-02-08 15:33:40', '2017-02-08 15:33:40', 2, 5, 0, 'Connected social account', 4),
(85, '2017-02-09 08:11:01', '2017-02-09 08:11:01', 2, 54, 0, 'Connected social account', 4),
(86, '2017-02-09 11:25:13', '2017-02-09 11:25:13', 2, 31, 91, 'Played Game on', 4),
(87, '2017-02-09 11:25:13', '2017-02-09 11:25:13', 1, 10, 91, 'Played game Game on', 4),
(88, '2017-02-09 11:25:13', '2017-02-09 11:25:13', 1, 6, 91, 'Played Game on', 4),
(89, '2017-02-09 11:25:13', '2017-02-09 11:25:13', 1, 11, 91, 'Played Game on', 4),
(90, '2017-02-09 11:25:13', '2017-02-09 11:25:13', 1, 13, 91, 'Played Game on', 4),
(91, '2017-02-09 11:25:13', '2017-02-09 11:25:13', 1, 30, 91, 'Played Game on', 4),
(92, '2017-02-09 11:25:13', '2017-02-09 11:25:13', 1, 34, 91, 'Played Game on', 4),
(93, '2017-02-10 04:30:47', '2017-02-10 04:30:47', 1, 1, 89, 'Played game Shout game', 4),
(94, '2017-02-10 04:30:47', '2017-02-10 04:30:47', 1, 8, 89, 'Played Shout game', 4),
(95, '2017-02-10 04:31:51', '2017-02-10 04:31:51', 2, 31, 94, 'Played Cycling', 4),
(96, '2017-02-10 04:31:51', '2017-02-10 04:31:51', 1, 6, 94, 'Played game Cycling', 4),
(97, '2017-02-10 04:31:51', '2017-02-10 04:31:51', 1, 1, 94, 'Played Cycling', 4),
(98, '2017-02-10 04:31:51', '2017-02-10 04:31:51', 1, 10, 94, 'Played Cycling', 4),
(99, '2017-02-10 04:31:51', '2017-02-10 04:31:51', 1, 11, 94, 'Played Cycling', 4),
(100, '2017-02-10 04:31:51', '2017-02-10 04:31:51', 1, 13, 94, 'Played Cycling', 4),
(101, '2017-02-10 04:31:51', '2017-02-10 04:31:51', 1, 30, 94, 'Played Cycling', 4),
(102, '2017-02-10 04:31:51', '2017-02-10 04:31:51', 1, 34, 94, 'Played Cycling', 4),
(103, '2017-02-10 10:19:10', '2017-02-10 10:19:10', 1, 4, 99, 'Played game Centuries', 4),
(104, '2017-02-10 10:19:10', '2017-02-10 10:19:10', 1, 1, 99, 'Played Centuries', 4),
(105, '2017-02-10 10:19:10', '2017-02-10 10:19:10', 1, 5, 99, 'Played Centuries', 4),
(106, '2017-02-10 14:38:25', '2017-02-10 14:38:25', 2, 55, 0, 'Connected social account', 4),
(107, '2017-02-10 15:05:09', '2017-02-10 15:05:09', 2, 5, 101, 'Played Blank cup', 4),
(108, '2017-02-10 15:05:09', '2017-02-10 15:05:09', 2, 10, 101, 'Played Blank cup', 4),
(109, '2017-02-10 15:05:09', '2017-02-10 15:05:09', 2, 31, 101, 'Played Blank cup', 4),
(110, '2017-02-10 15:05:09', '2017-02-10 15:05:09', 2, 34, 101, 'Played Blank cup', 4),
(111, '2017-02-10 15:05:09', '2017-02-10 15:05:09', 1, 4, 101, 'Played game Blank cup', 4),
(112, '2017-02-10 15:05:09', '2017-02-10 15:05:09', 1, 1, 101, 'Played Blank cup', 4),
(113, '2017-02-10 15:05:09', '2017-02-10 15:05:09', 1, 5, 101, 'Played Blank cup', 4),
(114, '2017-02-10 15:05:09', '2017-02-10 15:05:09', 1, 10, 101, 'Played Blank cup', 4),
(115, '2017-02-10 15:05:09', '2017-02-10 15:05:09', 1, 11, 101, 'Played Blank cup', 4),
(116, '2017-02-10 15:05:09', '2017-02-10 15:05:09', 1, 15, 101, 'Played Blank cup', 4),
(117, '2017-02-10 15:05:09', '2017-02-10 15:05:09', 1, 27, 101, 'Played Blank cup', 4),
(118, '2017-02-13 04:29:38', '2017-02-13 04:29:38', 1, 13, 84, 'Played game Sports', 4),
(119, '2017-02-13 04:29:38', '2017-02-13 04:29:38', 1, 1, 84, 'Played Sports', 4),
(120, '2017-02-13 04:29:38', '2017-02-13 04:29:38', 1, 29, 84, 'Played Sports', 4),
(121, '2017-02-13 15:48:19', '2017-02-13 15:48:19', 1, 30, 92, 'Played game Super bowl', 4),
(122, '2017-02-13 15:48:19', '2017-02-13 15:48:19', 1, 6, 92, 'Played Super bowl', 4),
(123, '2017-02-13 15:48:19', '2017-02-13 15:48:19', 1, 56, 92, 'Played Super bowl', 4),
(124, '2017-02-13 15:48:19', '2017-02-13 15:48:19', 1, 30, 92, 'Played game Super bowl', 4),
(125, '2017-02-13 15:48:19', '2017-02-13 15:48:19', 1, 6, 92, 'Played Super bowl', 4),
(126, '2017-02-13 15:48:19', '2017-02-13 15:48:19', 1, 56, 92, 'Played Super bowl', 4);

-- --------------------------------------------------------

--
-- Table structure for table `products`
--

CREATE TABLE `products` (
  `id` int(11) NOT NULL,
  `name` varchar(45) DEFAULT NULL,
  `thumbnail` varchar(45) DEFAULT NULL,
  `points` varchar(45) DEFAULT NULL,
  `price` varchar(45) DEFAULT NULL,
  `discription` text,
  `created_at` datetime DEFAULT NULL,
  `updated_at` datetime DEFAULT NULL,
  `dimensions` varchar(45) DEFAULT NULL,
  `sub_category_id` int(11) NOT NULL
) ENGINE=InnoDB DEFAULT CHARSET=latin1;

-- --------------------------------------------------------

--
-- Table structure for table `products_galleries`
--

CREATE TABLE `products_galleries` (
  `id` int(11) NOT NULL,
  `image` varchar(45) DEFAULT NULL,
  `created_at` datetime DEFAULT NULL,
  `updated_at` datetime DEFAULT NULL,
  `product_id` int(11) NOT NULL
) ENGINE=InnoDB DEFAULT CHARSET=latin1;

-- --------------------------------------------------------

--
-- Table structure for table `reports`
--

CREATE TABLE `reports` (
  `id` int(11) NOT NULL,
  `vendor_id` int(11) NOT NULL,
  `created_at` datetime DEFAULT NULL,
  `updated_at` datetime DEFAULT NULL,
  `content` text,
  `date` varchar(255) DEFAULT ''
) ENGINE=InnoDB DEFAULT CHARSET=latin1;

--
-- Dumping data for table `reports`
--

INSERT INTO `reports` (`id`, `vendor_id`, `created_at`, `updated_at`, `content`, `date`) VALUES
(1, 2, '2017-02-01 12:16:42', '2017-02-01 12:16:42', 'Hemant R booked your ground Archery Zone on 2nd February from 07:30 AM to 08:00 AM', '2017-02-01'),
(2, 2, '2017-02-01 13:05:22', '2017-02-01 13:05:22', 'Hemant R booked your ground Lazy Fishing on 2nd February from 06:30 AM to 07:00 AM', '2017-02-01'),
(3, 2, '2017-02-01 13:53:58', '2017-02-01 13:53:58', 'Hemant R booked your ground Baseball Ground on 2nd February from 07:30 AM to 09:00 AM', '2017-02-01'),
(4, 2, '2017-02-01 14:03:39', '2017-02-01 14:03:39', 'Hemant R canceled his booking from your ground Cricket Ground 100*100m on 2nd February from 11:00 AM to 12:30 PM', '2017-02-01'),
(5, 2, '2017-02-01 14:21:23', '2017-02-01 14:21:23', 'Hemant R canceled his booking from your ground Cricket Ground 100*100m on 2nd February from 08:00 AM to 09:30 AM', '2017-02-01'),
(6, 2, '2017-02-01 14:51:06', '2017-02-01 14:51:06', 'You booked ground Gymnastics Floor for Punith on his preferred days from 2nd February', '2017-02-01'),
(7, 2, '2017-02-01 15:11:18', '2017-02-01 15:11:18', 'You booked ground Gym For Health for Punith every week from 2nd February', '2017-02-01'),
(8, 2, '2017-02-02 11:13:56', '2017-02-02 11:13:56', 'You booked ground Baseball Ground for Hemi on 2nd February', '2017-02-02'),
(9, 2, '2017-02-02 14:10:42', '2017-02-02 14:10:42', 'You booked ground Air Games for Hemi on 2nd February', '2017-02-02'),
(10, 2, '2017-02-02 14:19:32', '2017-02-02 14:19:32', 'You booked ground Archery Zone for Hemanth on 3rd February', '2017-02-02'),
(11, 2, '2017-02-02 14:23:58', '2017-02-02 14:23:58', 'You booked ground Golf Gold for Pammi  on 2nd February', '2017-02-02'),
(12, 2, '2017-02-02 14:25:49', '2017-02-02 14:25:49', 'You booked ground Gymnastics Floor for Nakki on 4th February', '2017-02-02'),
(13, 2, '2017-02-02 15:03:36', '2017-02-02 15:03:36', 'You booked ground Sailing In Still Water for Hemanth every day from 3rd February', '2017-02-02'),
(14, 2, '2017-02-05 09:44:41', '2017-02-05 09:44:41', 'Punith Bm booked your ground Windy Kite on 5th February from 03:30 PM to 04:30 PM', '2017-02-05'),
(15, 2, '2017-02-06 13:11:53', '2017-02-06 13:11:53', 'Punith BM booked your ground Cycling Track 7km on 7th February from 06:30 AM to 07:00 AM', '2017-02-06'),
(16, 2, '2017-02-07 09:59:13', '2017-02-07 09:59:13', 'Vaishakha Hk booked your ground Archery Zone on 8th February from 11:30 AM to 12:00 PM', '2017-02-07'),
(17, 2, '2017-02-07 10:07:35', '2017-02-07 10:07:35', 'Vaishakha Hk canceled his booking from your ground Archery Zone on 8th February from 11:30 AM to 12:00 PM', '2017-02-07'),
(18, 2, '2017-02-07 10:09:29', '2017-02-07 10:09:29', 'Vaishakha Hk booked your ground Cricket Ground 100*100m on 8th February from 09:30 AM to 05:00 PM', '2017-02-07'),
(19, 2, '2017-02-07 12:59:55', '2017-02-07 12:59:55', 'Punith Bm booked your ground Archery Zone on 8th February from 07:30 AM to 08:30 AM', '2017-02-07'),
(20, 2, '2017-02-09 07:21:44', '2017-02-09 07:21:44', 'Agastya booked your ground Cycling Track 7km on 10th February from 06:30 AM to 07:30 AM', '2017-02-09'),
(21, 2, '2017-02-09 11:40:21', '2017-02-09 11:40:21', 'Jacob Rohan Joseph booked your ground Cricket Ground 100*100m on 10th February from 08:00 AM to 09:30 AM', '2017-02-09'),
(22, 2, '2017-02-09 12:36:16', '2017-02-09 12:36:16', 'Hemanth Hemi booked your ground Cycling Track 7km on 10th February from 07:30 AM to 08:00 AM', '2017-02-09'),
(23, 2, '2017-02-10 06:15:01', '2017-02-10 06:15:01', 'Agastya booked your ground Cycling Track 7km on 10th February from 12:00 PM to 12:30 PM', '2017-02-10'),
(24, 2, '2017-02-10 10:24:15', '2017-02-10 10:24:15', 'Jacob Rohan Joseph booked your ground Football Ground  70*70m on 10th February from 05:00 PM to 06:30 PM', '2017-02-10'),
(25, 2, '2017-02-13 06:27:22', '2017-02-13 06:27:22', 'Sherlock Homes booked your ground Archery Zone on 14th February from 08:00 AM to 08:30 AM', '2017-02-13'),
(26, 2, '2017-02-21 09:22:28', '2017-02-21 09:22:28', 'Punith Bm booked your ground Air Games on 22nd February from 06:30 AM to 11:00 AM', '2017-02-21');

-- --------------------------------------------------------

--
-- Table structure for table `roles`
--

CREATE TABLE `roles` (
  `id` int(11) NOT NULL,
  `name` varchar(255) DEFAULT ''
) ENGINE=InnoDB DEFAULT CHARSET=latin1;

--
-- Dumping data for table `roles`
--

INSERT INTO `roles` (`id`, `name`) VALUES
(1, 'admin'),
(2, 'vendor'),
(3, 'player');

-- --------------------------------------------------------

--
-- Table structure for table `search`
--

CREATE TABLE `search` (
  `name` varchar(255) NOT NULL,
  `id` int(11) NOT NULL,
  `type` int(11) NOT NULL,
  `updated_at` datetime DEFAULT NULL,
  `created_at` datetime DEFAULT NULL
) ENGINE=InnoDB DEFAULT CHARSET=latin1;

--
-- Dumping data for table `search`
--

INSERT INTO `search` (`name`, `id`, `type`, `updated_at`, `created_at`) VALUES
('Agastya', 6, 1, '2017-01-07 07:01:41', '2017-01-07 07:01:41'),
('Arjun', 8, 1, '2017-01-07 07:01:41', '2017-01-07 07:01:41'),
('Bhaskar Tripathi', 15, 1, '2017-01-07 07:01:41', '2017-01-07 07:01:41'),
('Hemant R', 13, 1, '2017-01-07 07:01:41', '2017-01-07 07:01:41'),
('Hemanth', 16, 1, '2017-01-07 07:01:41', '2017-01-07 07:01:41'),
('Hemanth', 17, 1, '2017-01-07 07:01:41', '2017-01-07 07:01:41'),
('Hemanth Hemi', 9, 1, '2017-01-25 06:18:16', '2017-01-07 07:01:41'),
('Murugan D', 14, 1, '2017-01-07 07:01:41', '2017-01-07 07:01:41'),
('nakul', 11, 1, '2017-01-07 07:01:41', '2017-01-07 07:01:41'),
('Hsr Clubs', 7, 1, '2017-02-02 06:17:32', '2017-01-07 07:01:41'),
('Pammi', 19, 1, '2017-01-07 07:01:41', '2017-01-07 07:01:41'),
('Pramod', 18, 1, '2017-01-07 07:01:41', '2017-01-07 07:01:41'),
('Ruthwick S Rai', 20, 1, '2017-01-25 06:58:30', '2017-01-07 07:01:41'),
('Vaishakha Hk', 10, 1, '2017-02-07 06:00:03', '2017-01-07 07:01:41'),
('Fire', 2, 2, '2017-01-07 07:01:41', '2017-01-07 07:01:41'),
('Hemanth', 5, 2, '2017-01-07 07:01:41', '2017-01-07 07:01:41'),
('Spring', 13, 2, '2017-01-07 07:01:41', '2017-01-07 07:01:41'),
('Hsr Clubs', 7, 2, '2017-02-02 06:17:32', '2017-01-07 07:01:41'),
('Team 11', 6, 2, '2017-01-07 07:01:41', '2017-01-07 07:01:41'),
('Vaishakha Hk', 10, 2, '2017-02-07 06:00:03', '2017-01-07 07:01:41'),
('Hemanth Hemi', 9, 2, '2017-01-25 06:18:16', '2017-01-07 07:01:41'),
('Winner\'s Arina', 1, 2, '2017-01-07 07:01:41', '2017-01-07 07:01:41'),
('Air sports', 34, 3, '2017-01-07 07:01:41', '2017-01-07 07:01:41'),
('Bangalore football league', 13, 3, '2017-01-07 07:01:41', '2017-01-07 07:01:41'),
('Can join game', 39, 3, '2017-01-07 07:01:41', '2017-01-07 07:01:41'),
('Climb desent', 41, 3, '2017-01-07 07:01:41', '2017-01-07 07:01:41'),
('Hemanth Hemi', 9, 3, '2017-01-25 06:18:16', '2017-01-07 07:01:41'),
('Cricket DHL Cup', 15, 3, '2017-01-07 07:01:41', '2017-01-07 07:01:41'),
('Cycling for cause', 19, 3, '2017-01-07 07:01:41', '2017-01-07 07:01:41'),
('Cycling spirit', 5, 3, '2017-01-07 07:01:41', '2017-01-07 07:01:41'),
('Ruthwick S Rai', 20, 3, '2017-01-25 06:58:30', '2017-01-07 07:01:41'),
('Football cup', 1, 3, '2017-01-07 07:01:41', '2017-01-07 07:01:41'),
('Hsr Clubs', 7, 3, '2017-02-02 06:17:32', '2017-01-07 07:01:41'),
('Football cup', 8, 3, '2017-01-07 07:01:41', '2017-01-07 07:01:41'),
('Football fest', 23, 3, '2017-01-07 07:01:41', '2017-01-07 07:01:41'),
('Vaishakha Hk', 10, 3, '2017-02-07 06:00:03', '2017-01-07 07:01:41'),
('Golf', 11, 3, '2017-01-07 07:01:41', '2017-01-07 07:01:41'),
('Hockey cup', 6, 3, '2017-01-07 07:01:41', '2017-01-07 07:01:41'),
('Hockey pespi cup', 14, 3, '2017-01-07 07:01:41', '2017-01-07 07:01:41'),
('Hsjs', 17, 3, '2017-01-07 07:01:41', '2017-01-07 07:01:41'),
('Hsr cup', 18, 3, '2017-01-07 07:01:41', '2017-01-07 07:01:41'),
('Hunt', 30, 3, '2017-01-07 07:01:41', '2017-01-07 07:01:41'),
('Pepsi cup', 12, 3, '2017-01-07 07:01:41', '2017-01-07 07:01:41'),
('Reflections', 3, 3, '2017-01-07 07:01:41', '2017-01-07 07:01:41'),
('Sailing on water', 24, 3, '2017-01-07 07:01:41', '2017-01-07 07:01:41'),
('SG cup', 16, 3, '2017-01-07 07:01:41', '2017-01-07 07:01:41'),
('Super Six', 4, 3, '2017-01-07 07:01:41', '2017-01-07 07:01:41'),
('testing activites 2', 26, 3, '2017-01-17 06:24:07', '2017-01-07 07:01:41'),
('Swimming', 21, 3, '2017-01-07 07:01:41', '2017-01-07 07:01:41'),
('Team 7', 45, 3, '2017-01-07 07:01:41', '2017-01-07 07:01:41'),
('Volleyball', 43, 3, '2017-01-07 07:01:41', '2017-01-07 07:01:41'),
('Volleyball Bangalore zone', 22, 3, '2017-01-07 07:01:41', '2017-01-07 07:01:41'),
('Yashwanth Play', 27, 3, '2017-01-24 04:08:43', '2017-01-07 07:01:41'),
('BTM Venue', 2, 4, '2017-01-07 07:01:41', '2017-01-07 07:01:41'),
('Designstring', 1, 4, '2017-01-07 07:01:41', '2017-01-07 07:01:41'),
('Doom Hall', 4, 4, '2017-01-07 07:01:41', '2017-01-07 07:01:41'),
('HSR BDA Ground', 6, 4, '2017-01-07 07:01:41', '2017-01-07 07:01:41'),
('Hsr Clubs', 7, 4, '2017-02-02 06:17:32', '2017-01-07 07:01:41'),
('Indiranagar Club House', 5, 4, '2017-01-07 07:01:41', '2017-01-07 07:01:41'),
('Madiwala Lake', 8, 4, '2017-01-07 07:01:41', '2017-01-07 07:01:41'),
('Vijayanagar Club House', 3, 4, '2017-01-07 07:01:41', '2017-01-07 07:01:41'),
('Super Team', 22, 2, '2017-01-09 08:00:34', '2017-01-09 08:00:34'),
('Volley Team', 23, 2, '2017-01-09 08:02:23', '2017-01-09 08:02:23'),
('Design straight', 48, 3, '2017-01-09 09:26:28', '2017-01-09 09:26:28'),
('testing activites', 25, 2, '2017-01-10 01:10:39', '2017-01-10 01:10:39'),
('testing activites 2', 26, 2, '2017-01-17 06:24:07', '2017-01-10 01:10:51'),
('Yashwanth Play', 27, 2, '2017-01-24 04:08:43', '2017-01-10 01:11:06'),
('cricket activites 1', 49, 3, '2017-01-10 01:12:56', '2017-01-10 01:12:56'),
('cricket activites 2', 50, 3, '2017-01-10 01:13:17', '2017-01-10 01:13:17'),
('Pramod Kumar', 21, 1, '2017-01-16 09:20:17', '2017-01-16 09:20:17'),
('Archery', 53, 3, '2017-01-16 13:57:28', '2017-01-16 13:57:28'),
('Archery', 54, 3, '2017-01-17 03:47:13', '2017-01-17 03:47:13'),
('Cycling', 56, 3, '2017-01-17 04:49:29', '2017-01-17 04:49:29'),
('Challenge', 58, 3, '2017-01-17 08:27:56', '2017-01-17 08:27:56'),
('Game rugby', 59, 3, '2017-01-17 08:36:33', '2017-01-17 08:36:33'),
('Kite ', 60, 3, '2017-01-17 08:48:14', '2017-01-17 08:48:14'),
('Rugby challenge', 61, 3, '2017-01-17 08:57:52', '2017-01-17 08:57:52'),
('Baseball', 1, 3, '2017-01-18 03:50:26', '2017-01-18 03:50:26'),
('Archery', 3, 3, '2017-01-18 05:06:17', '2017-01-18 05:06:17'),
('Rugby', 4, 3, '2017-01-18 05:40:35', '2017-01-18 05:40:35'),
('Manchester United', 28, 2, '2017-01-18 05:57:24', '2017-01-18 05:57:24'),
('Basketball', 5, 3, '2017-01-18 06:30:16', '2017-01-18 06:30:16'),
('Cricket', 6, 3, '2017-01-18 07:13:23', '2017-01-18 07:13:23'),
('Hsr Clubs', 7, 3, '2017-02-02 06:17:32', '2017-01-18 07:23:55'),
('Archery', 8, 3, '2017-01-18 07:39:44', '2017-01-18 07:39:44'),
('Chicago Bulls', 29, 2, '2017-01-18 07:47:21', '2017-01-18 07:47:21'),
('Vaishakha Hk', 10, 3, '2017-02-07 06:00:03', '2017-01-18 10:14:28'),
('Rugby', 11, 3, '2017-01-18 11:24:54', '2017-01-18 11:24:54'),
('Points for team', 12, 3, '2017-01-18 13:27:32', '2017-01-18 13:27:32'),
('Team game', 13, 3, '2017-01-18 13:51:43', '2017-01-18 13:51:43'),
('Request from agasthya', 14, 3, '2017-01-18 14:05:37', '2017-01-18 14:05:37'),
('cricket', 15, 3, '2017-01-19 01:45:07', '2017-01-19 01:45:07'),
('Hockey', 16, 3, '2017-01-19 04:44:16', '2017-01-19 04:44:16'),
('Not payed', 17, 3, '2017-01-19 04:55:13', '2017-01-19 04:55:13'),
('Payment deny', 18, 3, '2017-01-19 05:08:21', '2017-01-19 05:08:21'),
('Payed full', 19, 3, '2017-01-19 05:09:31', '2017-01-19 05:09:31'),
('Ruthwick S Rai', 20, 3, '2017-01-25 06:58:30', '2017-01-19 06:48:27'),
('Limited player', 21, 3, '2017-01-19 08:10:01', '2017-01-19 08:10:01'),
('Swim', 22, 3, '2017-01-19 08:22:52', '2017-01-19 08:22:52'),
('Test no pay', 23, 3, '2017-01-19 09:09:29', '2017-01-19 09:09:29'),
('Test pay', 24, 3, '2017-01-19 09:11:46', '2017-01-19 09:11:46'),
('Racer ', 26, 3, '2017-01-19 10:07:44', '2017-01-19 10:07:44'),
('Yashwanth Play', 27, 3, '2017-01-24 04:08:43', '2017-01-19 10:26:31'),
('Nakul Jagadish', 22, 1, '2017-01-19 11:20:42', '2017-01-19 11:20:42'),
('Nakul Jagadish', 23, 1, '2017-01-19 13:44:07', '2017-01-19 13:44:07'),
('Nakul Jagadish', 24, 1, '2017-01-19 13:49:58', '2017-01-19 13:49:58'),
('Nakul Jagadish', 25, 1, '2017-01-19 13:57:07', '2017-01-19 13:57:07'),
('Racing', 30, 3, '2017-01-19 13:59:35', '2017-01-19 13:59:35'),
('Hemanth Kumar Hemanth Hemu', 26, 1, '2017-01-20 07:33:33', '2017-01-20 07:33:33'),
('Pay fish', 34, 3, '2017-01-20 08:57:07', '2017-01-20 08:57:07'),
('Zap', 31, 2, '2017-01-20 10:36:26', '2017-01-20 10:36:26'),
('Hanky', 39, 3, '2017-01-20 10:43:39', '2017-01-20 10:43:39'),
('Bowl', 41, 3, '2017-01-20 10:46:55', '2017-01-20 10:46:55'),
('Swim', 43, 3, '2017-01-20 13:29:03', '2017-01-20 13:29:03'),
('Cycling', 45, 3, '2017-01-23 07:50:16', '2017-01-23 07:50:16'),
('Team zap game', 48, 3, '2017-01-23 10:27:49', '2017-01-23 10:27:49'),
('Punith BM', 1, 1, '2017-01-23 13:19:22', '2017-01-23 13:19:22'),
('Football', 49, 3, '2017-01-23 16:17:53', '2017-01-23 16:17:53'),
('Cricket crazy', 50, 3, '2017-01-23 18:10:50', '2017-01-23 18:10:50'),
('Yashwanth Play', 27, 1, '2017-01-24 04:08:43', '2017-01-24 04:05:23'),
('Cricket', 53, 3, '2017-01-24 04:16:04', '2017-01-24 04:16:04'),
('Hemanth', 28, 1, '2017-01-24 04:44:34', '2017-01-24 04:44:34'),
('Hemanth R', 29, 1, '2017-01-24 04:49:12', '2017-01-24 04:49:12'),
('Date game', 54, 3, '2017-01-24 05:16:55', '2017-01-24 05:16:55'),
('Hac hockey', 56, 3, '2017-01-24 06:05:34', '2017-01-24 06:05:34'),
('Hockey', 58, 3, '2017-01-24 12:44:26', '2017-01-24 12:44:26'),
('Hockey in kanteerava', 59, 3, '2017-01-24 13:15:36', '2017-01-24 13:15:36'),
('Punith Bm', 30, 1, '2017-01-25 02:00:26', '2017-01-25 02:00:26'),
('Bharath Vasu', 31, 1, '2017-01-25 06:05:51', '2017-01-25 06:05:51'),
('Volleyball', 60, 3, '2017-01-25 07:22:33', '2017-01-25 07:22:33'),
('Hemanth Hemi', 32, 1, '2017-01-27 05:25:49', '2017-01-25 08:10:01'),
('Hockey', 61, 3, '2017-01-25 13:16:05', '2017-01-25 13:16:05'),
('Jacob Rohan Joseph', 33, 1, '2017-01-25 16:20:24', '2017-01-25 16:20:24'),
('Nabil Ahmed', 34, 1, '2017-01-25 16:27:48', '2017-01-25 16:27:48'),
('Hemanth Hemi', 32, 2, '2017-01-27 05:25:49', '2017-01-25 16:34:53'),
('Cricket', 62, 3, '2017-01-26 00:12:25', '2017-01-26 00:12:25'),
('Rakesh Hari Das', 36, 1, '2017-01-26 07:07:21', '2017-01-26 07:07:21'),
('Air', 65, 3, '2017-01-26 07:58:57', '2017-01-26 07:58:57'),
('Test', 68, 3, '2017-01-26 09:58:31', '2017-01-26 09:58:31'),
('Hemi', 37, 1, '2017-01-26 11:09:38', '2017-01-26 11:09:38'),
('Air sports 1', 70, 3, '2017-01-26 13:21:50', '2017-01-26 13:21:50'),
('Pramod', 38, 1, '2017-01-26 13:40:19', '2017-01-26 13:40:19'),
('United 11', 73, 3, '2017-01-27 07:24:54', '2017-01-27 07:24:54'),
('My team', 33, 2, '2017-01-30 05:32:06', '2017-01-30 05:32:06'),
('Volleyball', 74, 3, '2017-01-30 05:48:22', '2017-01-30 05:48:22'),
('Archery', 76, 3, '2017-01-30 10:58:15', '2017-01-30 10:58:15'),
('Baseball', 77, 3, '2017-01-30 11:32:00', '2017-01-30 11:32:00'),
('Air', 78, 3, '2017-02-01 10:45:28', '2017-02-01 10:45:28'),
('Archery', 79, 3, '2017-02-01 12:16:17', '2017-02-01 12:16:17'),
('Cycling', 81, 3, '2017-02-01 12:18:34', '2017-02-01 12:18:34'),
('Rugby', 82, 3, '2017-02-01 12:29:58', '2017-02-01 12:29:58'),
('Basketball', 83, 3, '2017-02-01 12:34:43', '2017-02-01 12:34:43'),
('Sports', 84, 3, '2017-02-01 12:50:04', '2017-02-01 12:50:04'),
('Fishing', 86, 3, '2017-02-01 13:04:24', '2017-02-01 13:04:24'),
('Baseball', 87, 3, '2017-02-01 13:53:14', '2017-02-01 13:53:14'),
('Yash Player', 49, 3, '2017-02-02 09:19:38', '2017-02-02 09:19:38'),
('Yash Player', 49, 3, '2017-02-02 09:25:15', '2017-02-02 09:25:15'),
('Yash Player', 49, 3, '2017-02-02 09:30:08', '2017-02-02 09:30:08'),
('Yash Player', 49, 3, '2017-02-02 09:49:40', '2017-02-02 09:49:40'),
('Punith', 51, 1, '2017-02-02 10:00:00', '2017-02-02 10:00:00'),
('Me', 52, 1, '2017-02-02 10:14:17', '2017-02-02 10:14:17'),
('Nakul', 53, 1, '2017-02-03 09:34:48', '2017-02-03 09:34:48'),
('Jjkk', 88, 3, '2017-02-05 09:43:38', '2017-02-05 09:43:38'),
('Shout game', 89, 3, '2017-02-06 13:11:34', '2017-02-06 13:11:34'),
('Game on', 91, 3, '2017-02-07 10:09:15', '2017-02-07 10:09:15'),
('Super bowl', 92, 3, '2017-02-07 12:59:40', '2017-02-07 12:59:40'),
('Cycling', 94, 3, '2017-02-09 07:21:29', '2017-02-09 07:21:29'),
('jaison fernando', 54, 1, '2017-02-09 08:11:01', '2017-02-09 08:11:01'),
('Cvg', 96, 3, '2017-02-09 08:57:51', '2017-02-09 08:57:51'),
('Fhj', 97, 3, '2017-02-09 08:58:24', '2017-02-09 08:58:24'),
('Testing', 98, 3, '2017-02-09 11:18:47', '2017-02-09 11:18:47'),
('Centuries', 99, 3, '2017-02-09 11:40:00', '2017-02-09 11:40:00'),
('Jacob Rohan Joseph', 4, 1, '2017-02-09 15:37:36', '2017-02-09 15:37:36'),
('Game new', 100, 3, '2017-02-10 06:14:44', '2017-02-10 06:14:44'),
('Blank', 34, 2, '2017-02-10 10:22:40', '2017-02-10 10:22:40'),
('Blank cup', 101, 3, '2017-02-10 10:23:56', '2017-02-10 10:23:56'),
('Nakul Kj', 55, 1, '2017-02-10 14:38:25', '2017-02-10 14:38:25'),
('Team new', 35, 2, '2017-02-11 15:10:01', '2017-02-11 15:10:01'),
('Nabil Ahmed', 5, 1, '2017-02-12 03:25:33', '2017-02-12 03:25:33'),
('Royal Enfield', 36, 2, '2017-02-13 04:40:35', '2017-02-13 04:40:35'),
('Sherlock Homes', 56, 1, '2017-02-13 06:04:24', '2017-02-13 06:04:24'),
('Aim Bad', 103, 3, '2017-02-13 06:26:17', '2017-02-13 06:26:17'),
('Trekking team', 37, 2, '2017-02-13 11:41:36', '2017-02-13 11:41:36'),
('Testing', 104, 3, '2017-02-21 09:21:57', '2017-02-21 09:21:57');

-- --------------------------------------------------------

--
-- Table structure for table `search_recent`
--

CREATE TABLE `search_recent` (
  `user_id` int(11) NOT NULL,
  `type` int(11) NOT NULL,
  `id` int(11) NOT NULL,
  `created_at` datetime NOT NULL,
  `updated_at` datetime NOT NULL
) ENGINE=InnoDB DEFAULT CHARSET=latin1;

--
-- Dumping data for table `search_recent`
--

INSERT INTO `search_recent` (`user_id`, `type`, `id`, `created_at`, `updated_at`) VALUES
(10, 2, 7, '2017-01-09 04:12:26', '2017-01-09 04:12:26'),
(10, 2, 6, '2017-01-09 04:30:05', '2017-01-09 04:30:05'),
(10, 2, 10, '2017-01-09 04:30:11', '2017-01-09 04:30:11'),
(10, 2, 2, '2017-01-09 04:33:36', '2017-01-09 04:33:36'),
(10, 1, 13, '2017-01-09 00:00:00', '2017-01-09 00:00:00'),
(10, 1, 11, '2017-01-09 00:00:00', '2017-01-09 00:00:00'),
(10, 2, 9, '2017-01-09 06:09:04', '2017-01-09 06:09:04'),
(10, 2, 5, '2017-01-09 06:53:26', '2017-01-09 06:53:26'),
(10, 2, 23, '2017-01-09 13:39:23', '2017-01-09 13:39:23'),
(10, 2, 22, '2017-01-09 13:40:08', '2017-01-09 13:40:08'),
(13, 1, 6, '2017-01-16 04:57:33', '2017-01-16 04:57:33'),
(13, 1, 11, '2017-01-16 06:27:50', '2017-01-16 06:27:50'),
(13, 1, 10, '2017-01-16 08:52:37', '2017-01-16 08:52:37'),
(13, 1, 7, '2017-01-16 09:04:03', '2017-01-16 09:04:03'),
(21, 1, 6, '2017-01-16 09:22:01', '2017-01-16 09:22:01'),
(6, 1, 10, '2017-01-16 10:04:52', '2017-01-16 10:04:52'),
(6, 2, 22, '2017-01-16 10:15:25', '2017-01-16 10:15:25'),
(10, 1, 6, '2017-01-16 12:35:18', '2017-01-16 12:35:18'),
(10, 1, 10, '2017-01-16 12:56:16', '2017-01-16 12:56:16'),
(6, 1, 13, '2017-01-17 07:44:00', '2017-01-17 07:44:00'),
(7, 1, 11, '2017-01-19 09:20:23', '2017-01-19 09:20:23'),
(25, 1, 13, '2017-01-20 04:40:50', '2017-01-20 04:40:50'),
(13, 1, 26, '2017-01-20 07:35:45', '2017-01-20 07:35:45'),
(26, 1, 13, '2017-01-20 13:36:54', '2017-01-20 13:36:54'),
(13, 2, 31, '2017-01-23 07:17:21', '2017-01-23 07:17:21'),
(1, 1, 13, '2017-01-24 00:57:58', '2017-01-24 00:57:58'),
(1, 2, 31, '2017-01-24 01:01:42', '2017-01-24 01:01:42'),
(27, 1, 10, '2017-01-24 04:10:26', '2017-01-24 04:10:26'),
(27, 2, 10, '2017-01-24 04:11:06', '2017-01-24 04:11:06'),
(29, 1, 6, '2017-01-24 04:54:39', '2017-01-24 04:54:39'),
(13, 2, 29, '2017-01-24 06:22:34', '2017-01-24 06:22:34'),
(13, 1, 21, '2017-01-24 06:22:53', '2017-01-24 06:22:53'),
(13, 1, 29, '2017-01-24 14:28:48', '2017-01-24 14:28:48'),
(30, 1, 6, '2017-01-25 02:02:59', '2017-01-25 02:02:59'),
(33, 1, 6, '2017-01-25 16:30:25', '2017-01-25 16:30:25'),
(13, 1, 33, '2017-01-26 08:03:55', '2017-01-26 08:03:55'),
(33, 1, 1, '2017-01-26 10:18:42', '2017-01-26 10:18:42'),
(1, 1, 33, '2017-01-27 01:15:03', '2017-01-27 01:15:03'),
(13, 1, 16, '2017-01-27 04:33:19', '2017-01-27 04:33:19'),
(49, 1, 6, '2017-02-02 09:20:30', '2017-02-02 09:20:30'),
(6, 1, 30, '2017-02-07 08:00:11', '2017-02-07 08:00:11'),
(10, 1, 30, '2017-02-07 09:56:31', '2017-02-07 09:56:31'),
(30, 1, 13, '2017-02-08 15:09:22', '2017-02-08 15:09:22'),
(5, 1, 33, '2017-02-08 15:37:55', '2017-02-08 15:37:55'),
(30, 1, 33, '2017-02-08 18:06:26', '2017-02-08 18:06:26'),
(1, 1, 6, '2017-02-09 07:15:20', '2017-02-09 07:15:20'),
(1, 1, 10, '2017-02-09 07:22:34', '2017-02-09 07:22:34'),
(10, 1, 32, '2017-02-09 11:09:47', '2017-02-09 11:09:47'),
(10, 1, 54, '2017-02-09 11:27:09', '2017-02-09 11:27:09'),
(6, 1, 1, '2017-02-10 14:36:00', '2017-02-10 14:36:00'),
(6, 1, 55, '2017-02-10 14:40:19', '2017-02-10 14:40:19'),
(1, 1, 4, '2017-02-11 01:43:35', '2017-02-11 01:43:35'),
(1, 2, 2, '2017-02-12 04:32:56', '2017-02-12 04:32:56'),
(56, 1, 51, '2017-02-13 10:25:53', '2017-02-13 10:25:53'),
(56, 1, 1, '2017-02-13 10:26:20', '2017-02-13 10:26:20'),
(56, 1, 30, '2017-02-13 10:26:32', '2017-02-13 10:26:32'),
(56, 1, 13, '2017-02-13 10:27:07', '2017-02-13 10:27:07'),
(56, 1, 6, '2017-02-14 04:05:13', '2017-02-14 04:05:13'),
(56, 1, 10, '2017-02-14 04:09:26', '2017-02-14 04:09:26'),
(20, 1, 13, '2017-02-14 12:43:37', '2017-02-14 12:43:37'),
(10, 1, 1, '2017-02-14 13:45:06', '2017-02-14 13:45:06'),
(1, 1, 20, '2017-02-14 14:44:15', '2017-02-14 14:44:15'),
(20, 1, 1, '2017-02-14 14:45:22', '2017-02-14 14:45:22'),
(13, 1, 1, '2017-02-15 05:13:41', '2017-02-15 05:13:41');

-- --------------------------------------------------------

--
-- Table structure for table `settings`
--

CREATE TABLE `settings` (
  `new_follower` int(11) NOT NULL DEFAULT '1',
  `new_team` int(11) NOT NULL DEFAULT '1',
  `open_game` int(11) NOT NULL DEFAULT '1',
  `game_invite` int(11) NOT NULL DEFAULT '1',
  `game_pay_invite` int(11) NOT NULL DEFAULT '1',
  `user_id` int(11) NOT NULL,
  `created_at` datetime NOT NULL DEFAULT CURRENT_TIMESTAMP,
  `updated_at` datetime NOT NULL DEFAULT CURRENT_TIMESTAMP,
  `challenge_game` int(11) NOT NULL DEFAULT '1'
) ENGINE=InnoDB DEFAULT CHARSET=utf8mb4 COLLATE=utf8mb4_unicode_ci;

--
-- Dumping data for table `settings`
--

INSERT INTO `settings` (`new_follower`, `new_team`, `open_game`, `game_invite`, `game_pay_invite`, `user_id`, `created_at`, `updated_at`, `challenge_game`) VALUES
(1, 1, 1, 1, 1, 1, '2017-02-15 06:55:30', '2017-02-15 06:55:30', 1),
(1, 1, 1, 1, 1, 2, '2017-02-15 06:55:30', '2017-02-15 06:55:30', 1),
(1, 1, 1, 1, 1, 3, '2017-02-15 06:55:30', '2017-02-15 06:55:30', 1),
(1, 1, 1, 1, 1, 4, '2017-02-15 06:55:30', '2017-02-15 06:55:30', 1),
(1, 1, 1, 1, 1, 5, '2017-02-15 06:55:30', '2017-02-15 06:55:30', 1),
(1, 1, 1, 1, 1, 6, '2017-02-15 06:55:30', '2017-02-15 06:55:30', 1),
(1, 1, 1, 1, 1, 7, '2017-02-15 06:55:30', '2017-02-15 06:55:30', 1),
(1, 1, 1, 1, 1, 8, '2017-02-15 06:55:30', '2017-02-15 06:55:30', 1),
(1, 1, 1, 1, 1, 10, '2017-02-15 06:55:30', '2017-02-15 06:55:30', 1),
(1, 1, 1, 1, 1, 11, '2017-02-15 06:55:30', '2017-02-15 06:55:30', 1),
(1, 1, 0, 1, 1, 13, '2017-02-15 06:55:30', '2017-02-15 07:29:45', 1),
(1, 1, 1, 1, 1, 14, '2017-02-15 06:55:30', '2017-02-15 06:55:30', 1),
(1, 1, 1, 1, 1, 15, '2017-02-15 06:55:30', '2017-02-15 06:55:30', 1),
(1, 1, 1, 1, 1, 16, '2017-02-15 06:55:30', '2017-02-15 06:55:30', 1),
(1, 1, 1, 1, 1, 17, '2017-02-15 06:55:30', '2017-02-15 06:55:30', 1),
(1, 1, 1, 1, 1, 18, '2017-02-15 06:55:30', '2017-02-15 06:55:30', 1),
(1, 1, 1, 1, 1, 19, '2017-02-15 06:55:30', '2017-02-15 06:55:30', 1),
(1, 1, 1, 1, 1, 20, '2017-02-15 06:55:30', '2017-02-15 06:55:30', 1),
(1, 1, 1, 1, 1, 21, '2017-02-15 06:55:30', '2017-02-15 06:55:30', 1),
(1, 1, 1, 1, 1, 25, '2017-02-15 06:55:30', '2017-02-15 06:55:30', 1),
(1, 1, 1, 1, 1, 26, '2017-02-15 06:55:30', '2017-02-15 06:55:30', 1),
(1, 1, 1, 1, 1, 27, '2017-02-15 06:55:30', '2017-02-15 06:55:30', 1),
(1, 1, 1, 1, 1, 28, '2017-02-15 06:55:30', '2017-02-15 06:55:30', 1),
(1, 1, 1, 1, 1, 29, '2017-02-15 06:55:30', '2017-02-15 06:55:30', 1),
(1, 1, 1, 1, 1, 30, '2017-02-15 06:55:30', '2017-02-15 06:55:30', 1),
(1, 1, 1, 1, 1, 31, '2017-02-15 06:55:30', '2017-02-15 06:55:30', 1),
(1, 1, 1, 1, 1, 32, '2017-02-15 06:55:30', '2017-02-15 06:55:30', 1),
(1, 1, 1, 1, 1, 33, '2017-02-15 06:55:30', '2017-02-15 06:55:30', 1),
(1, 1, 1, 1, 1, 34, '2017-02-15 06:55:30', '2017-02-15 06:55:30', 1),
(1, 1, 1, 1, 1, 35, '2017-02-15 06:55:30', '2017-02-15 06:55:30', 1),
(1, 1, 1, 1, 1, 36, '2017-02-15 06:55:30', '2017-02-15 06:55:30', 1),
(1, 1, 1, 1, 1, 37, '2017-02-15 06:55:30', '2017-02-15 06:55:30', 1),
(1, 1, 1, 1, 1, 38, '2017-02-15 06:55:30', '2017-02-15 06:55:30', 1),
(1, 1, 1, 1, 1, 39, '2017-02-15 06:55:30', '2017-02-15 06:55:30', 1),
(1, 1, 1, 1, 1, 41, '2017-02-15 06:55:30', '2017-02-15 06:55:30', 1),
(1, 1, 1, 1, 1, 42, '2017-02-15 06:55:30', '2017-02-15 06:55:30', 1),
(1, 1, 1, 1, 1, 43, '2017-02-15 06:55:30', '2017-02-15 06:55:30', 1),
(1, 1, 1, 1, 1, 44, '2017-02-15 06:55:30', '2017-02-15 06:55:30', 1),
(1, 1, 1, 1, 1, 45, '2017-02-15 06:55:30', '2017-02-15 06:55:30', 1),
(1, 1, 1, 1, 1, 46, '2017-02-15 06:55:30', '2017-02-15 06:55:30', 1),
(1, 1, 1, 1, 1, 47, '2017-02-15 06:55:30', '2017-02-15 06:55:30', 1),
(1, 1, 1, 1, 1, 48, '2017-02-15 06:55:30', '2017-02-15 06:55:30', 1),
(1, 1, 1, 1, 1, 49, '2017-02-15 06:55:30', '2017-02-15 06:55:30', 1),
(1, 1, 1, 1, 1, 50, '2017-02-15 06:55:30', '2017-02-15 06:55:30', 1),
(1, 1, 1, 1, 1, 51, '2017-02-15 06:55:30', '2017-02-15 06:55:30', 1),
(1, 1, 1, 1, 1, 52, '2017-02-15 06:55:30', '2017-02-15 06:55:30', 1),
(1, 1, 1, 1, 1, 53, '2017-02-15 06:55:30', '2017-02-15 06:55:30', 1),
(1, 1, 1, 1, 1, 54, '2017-02-15 06:55:30', '2017-02-15 06:55:30', 1),
(1, 1, 1, 1, 1, 55, '2017-02-15 06:55:31', '2017-02-15 06:55:31', 1),
(1, 1, 1, 1, 1, 56, '2017-02-15 06:55:31', '2017-02-15 06:55:31', 1);

-- --------------------------------------------------------

--
-- Table structure for table `slots`
--

CREATE TABLE `slots` (
  `id` int(11) NOT NULL,
  `created_at` datetime DEFAULT NULL,
  `updated_at` datetime DEFAULT NULL,
  `slot_price` varchar(245) DEFAULT '',
  `day` varchar(245) DEFAULT '',
  `start_time` time DEFAULT '00:00:00',
  `end_time` time DEFAULT '00:00:00',
  `ground_id` int(11) NOT NULL,
  `slot_duration` int(11) DEFAULT '0'
) ENGINE=InnoDB DEFAULT CHARSET=latin1;

--
-- Dumping data for table `slots`
--

INSERT INTO `slots` (`id`, `created_at`, `updated_at`, `slot_price`, `day`, `start_time`, `end_time`, `ground_id`, `slot_duration`) VALUES
(1, '2017-01-05 03:34:26', '2017-01-05 03:34:26', '500', '', '09:04:00', '21:04:00', 1, 30),
(2, '2017-01-05 03:35:22', '2017-01-05 03:35:22', '600', '', '09:00:00', '21:00:00', 2, 60),
(3, '2017-01-05 03:36:04', '2017-01-05 03:36:04', '700', '', '09:00:00', '21:00:00', 3, 90),
(4, '2017-01-05 03:36:46', '2017-01-05 03:36:46', '800', '', '09:00:00', '21:00:00', 4, 30),
(5, '2017-01-05 03:37:35', '2017-01-05 03:37:35', '900', '', '09:00:00', '21:00:00', 5, 60),
(6, '2017-01-05 03:38:25', '2017-01-05 03:38:25', '1000', '', '09:00:00', '21:00:00', 6, 60),
(7, '2017-01-05 03:39:40', '2017-01-05 03:39:40', '1000', '', '09:00:00', '21:00:00', 7, 30),
(8, '2017-01-05 03:45:09', '2017-01-05 03:45:19', '1500', '', '09:00:00', '21:00:00', 8, 30),
(9, '2017-01-05 03:46:02', '2017-01-05 03:46:02', '1000', '', '09:00:00', '21:00:00', 9, 30),
(10, '2017-01-05 03:47:45', '2017-01-05 03:47:45', '2000', '', '09:00:00', '21:00:00', 10, 90),
(11, '2017-01-05 03:54:10', '2017-01-05 03:54:10', '1500', '', '09:00:00', '21:00:00', 11, 60),
(12, '2017-01-05 03:54:55', '2017-01-05 03:54:55', '1500', '', '09:00:00', '21:00:00', 12, 60),
(13, '2017-01-05 03:55:13', '2017-01-05 03:55:13', '2000', '', '06:00:00', '19:30:00', 13, 60),
(14, '2017-01-05 03:55:37', '2017-01-05 03:55:37', '1500', '', '09:00:00', '21:00:00', 14, 60),
(15, '2017-01-05 03:56:05', '2017-01-05 03:56:05', '3500', '', '07:30:00', '17:30:00', 15, 30),
(16, '2017-01-05 03:57:01', '2017-01-05 03:57:01', '4000', '', '05:00:00', '20:30:00', 16, 60),
(17, '2017-01-05 03:58:20', '2017-01-05 03:58:20', '1000', '', '09:00:00', '21:00:00', 17, 60),
(18, '2017-01-05 03:59:22', '2017-01-05 03:59:22', '1500', '', '09:00:00', '21:00:00', 18, 90),
(19, '2017-01-05 04:00:48', '2017-02-02 10:23:47', '6000', '', '06:30:00', '17:30:00', 19, 90),
(20, '2017-01-05 04:01:46', '2017-01-05 04:01:46', '1000', '', '09:00:00', '21:00:00', 20, 60),
(21, '2017-01-05 04:01:48', '2017-02-01 14:41:18', '5500', '', '07:30:00', '19:30:00', 21, 90),
(22, '2017-01-05 04:02:34', '2017-01-05 04:02:34', '8000', '', '05:30:00', '20:30:00', 22, 60),
(23, '2017-01-05 04:02:53', '2017-01-05 04:02:53', '500', '', '09:00:00', '21:00:00', 23, 90),
(24, '2017-01-05 04:04:56', '2017-01-19 09:08:33', '7000', '', '06:30:00', '18:30:00', 24, 30),
(25, '2017-01-05 04:13:04', '2017-01-05 04:13:04', '1000', '', '08:00:00', '17:30:00', 25, 90),
(26, '2017-01-05 04:14:18', '2017-01-05 04:14:18', '5000', '', '06:30:00', '18:00:00', 26, 90),
(27, '2017-01-05 04:17:57', '2017-01-05 04:17:57', '3000', '', '07:00:00', '17:00:00', 27, 60),
(28, '2017-01-05 04:21:35', '2017-02-01 15:12:01', '5000', '', '05:30:00', '21:00:00', 28, 30),
(29, '2017-01-05 04:22:16', '2017-02-01 15:12:03', '4000', '', '05:30:00', '20:00:00', 29, 30),
(30, '2017-01-05 04:23:37', '2017-01-19 05:08:37', '5000', '', '05:30:00', '20:30:00', 30, 30),
(31, '2017-01-05 04:27:17', '2017-01-05 04:27:17', '4000', '', '07:30:00', '16:30:00', 31, 60),
(32, '2017-01-05 04:28:49', '2017-01-05 04:28:49', '8000', '', '06:30:00', '17:30:00', 32, 60),
(33, '2017-01-05 04:29:51', '2017-01-19 09:06:24', '5000', '', '09:00:00', '17:00:00', 33, 30),
(34, '2017-01-05 04:30:36', '2017-01-19 09:07:05', '5000', '', '06:30:00', '17:30:00', 34, 30),
(35, '2017-01-05 04:38:03', '2017-02-01 16:26:45', '9000', '', '05:30:00', '18:30:00', 35, 90),
(36, '2017-01-05 04:38:46', '2017-01-24 11:47:01', '8000', '', '07:30:00', '22:16:00', 36, 30),
(37, '2017-01-05 04:39:44', '2017-01-05 04:39:44', '9999', '', '07:00:00', '17:00:00', 37, 90),
(38, '2017-02-02 10:13:16', '2017-02-02 10:13:16', '9', '', '15:42:00', '14:42:00', 38, 30);

-- --------------------------------------------------------

--
-- Table structure for table `socket`
--

CREATE TABLE `socket` (
  `id` int(11) NOT NULL,
  `created_at` datetime DEFAULT CURRENT_TIMESTAMP,
  `updated_at` datetime DEFAULT CURRENT_TIMESTAMP,
  `type` int(11) NOT NULL,
  `socket_id` varchar(255) NOT NULL DEFAULT '',
  `status` int(11) NOT NULL DEFAULT '0',
  `type_id` int(11) NOT NULL
) ENGINE=InnoDB DEFAULT CHARSET=latin1;

--
-- Dumping data for table `socket`
--

INSERT INTO `socket` (`id`, `created_at`, `updated_at`, `type`, `socket_id`, `status`, `type_id`) VALUES
(1414, '2017-02-11 02:13:57', '2017-02-11 02:13:57', 3, 'a0e256b98027d64102392428', 1, 55),
(2997, '2017-02-15 12:08:53', '2017-02-15 12:08:53', 3, '80f10f15f528d64105c84610', 1, 10),
(3002, '2017-02-15 13:34:34', '2017-02-15 13:34:34', 3, '69c8531afa28d641055b7375', 1, 1);

-- --------------------------------------------------------

--
-- Table structure for table `sports`
--

CREATE TABLE `sports` (
  `id` int(11) NOT NULL,
  `name` varchar(245) DEFAULT '',
  `thumbnail` varchar(245) DEFAULT '',
  `created_at` datetime DEFAULT NULL,
  `updated_at` datetime DEFAULT NULL
) ENGINE=InnoDB DEFAULT CHARSET=latin1;

--
-- Dumping data for table `sports`
--

INSERT INTO `sports` (`id`, `name`, `thumbnail`, `created_at`, `updated_at`) VALUES
(1, 'Cricket', 'https://s3-ap-southeast-1.amazonaws.com/playthoraapp/sports/Cricket-100.png', '2016-11-29 06:45:49', '2016-11-29 06:45:49'),
(2, 'Football', 'https://s3-ap-southeast-1.amazonaws.com/playthoraapp/sports/Football-100.png', '2016-11-29 06:46:11', '2016-11-29 06:46:11'),
(3, 'Basketball', 'https://s3-ap-southeast-1.amazonaws.com/playthoraapp/sports/Basketball+Jersey-100.png', '2016-12-02 12:28:37', '2016-12-02 12:28:37'),
(4, 'Baseball', 'https://s3-ap-southeast-1.amazonaws.com/playthoraapp/sports/Baseball-100.png', '2016-12-02 12:28:54', '2016-12-02 12:28:54'),
(5, 'Rugby', 'https://s3-ap-southeast-1.amazonaws.com/playthoraapp/sports/Rugby-100.png', '2016-12-02 12:29:12', '2016-12-02 12:29:12'),
(6, 'Hockey', 'https://s3-ap-southeast-1.amazonaws.com/playthoraapp/sports/Hockey-100.png', '2016-12-02 12:29:25', '2016-12-02 12:29:25'),
(7, 'Air Sports', 'https://s3-ap-southeast-1.amazonaws.com/playthoraapp/sports/In+Air-100.png', '2016-12-03 12:29:25', '2016-12-03 12:29:25'),
(8, 'Archery', 'https://s3-ap-southeast-1.amazonaws.com/playthoraapp/sports/Archer-100.png', '2016-12-04 12:29:25', '2016-12-04 12:29:25'),
(9, 'Climbing', 'https://s3-ap-southeast-1.amazonaws.com/playthoraapp/sports/Climbing-100.png', '2016-12-05 12:29:25', '2016-12-05 12:29:25'),
(10, 'Cycling', 'https://s3-ap-southeast-1.amazonaws.com/playthoraapp/sports/Cycling+Road-100.png', '2016-12-06 12:29:25', '2016-12-06 12:29:25'),
(11, 'Volleyball', 'https://s3-ap-southeast-1.amazonaws.com/playthoraapp/sports/Volleyball-100.png', '2016-12-07 12:29:25', '2016-12-07 12:29:25'),
(12, 'Glow Hockey', 'https://s3-ap-southeast-1.amazonaws.com/playthoraapp/sports/Hockey-100.png', '2016-12-08 12:29:25', '2016-12-08 12:29:25'),
(13, 'Fishing', 'https://s3-ap-southeast-1.amazonaws.com/playthoraapp/sports/Fishing-96.png', '2016-12-09 12:02:25', '2016-12-09 12:29:25'),
(14, 'Gym', 'https://s3-ap-southeast-1.amazonaws.com/playthoraapp/sports/Curls+With+Dumbbells-100.png', '2016-12-10 12:29:25', '2016-12-10 12:29:25'),
(15, 'Kite Sports', 'https://s3-ap-southeast-1.amazonaws.com/playthoraapp/sports/kite.png', '2016-12-11 12:29:25', '2016-12-11 12:29:25'),
(16, 'Golf', 'https://s3-ap-southeast-1.amazonaws.com/playthoraapp/sports/Golf-100.png', '2016-12-12 12:29:25', '2016-12-12 12:29:25'),
(17, 'Gymnastics', 'https://s3-ap-southeast-1.amazonaws.com/playthoraapp/sports/Gymnastics-100.png', '2016-12-13 12:29:25', '2016-12-13 12:29:25'),
(19, 'Sailing', 'https://s3-ap-southeast-1.amazonaws.com/playthoraapp/sports/Sailing+Ship+Medium-100.png', '2016-12-15 12:29:25', '2016-12-15 12:29:25'),
(20, 'Badminton', 'https://s3-ap-southeast-1.amazonaws.com/playthoraapp/sports/Badminton-100.png', '2017-01-23 00:00:00', '2017-01-23 00:00:00'),
(21, 'Beachball', 'https://s3-ap-southeast-1.amazonaws.com/playthoraapp/sports/Beach+Ball-100.png', '2017-01-23 00:00:00', '2017-01-23 00:00:00'),
(22, 'Billiards', 'https://s3-ap-southeast-1.amazonaws.com/playthoraapp/sports/Billiards-100.png', '2017-01-23 00:00:00', '2017-01-23 00:00:00'),
(23, ' Bowling', 'https://s3-ap-southeast-1.amazonaws.com/playthoraapp/sports/Bowling-100.png', '2017-01-23 00:00:00', '2017-01-23 00:00:00'),
(24, 'Poker', 'https://s3-ap-southeast-1.amazonaws.com/playthoraapp/sports/Cards-100.png', '2017-01-23 00:00:00', '2017-01-23 00:00:00'),
(25, 'Shooting', 'https://s3-ap-southeast-1.amazonaws.com/playthoraapp/sports/Firing+Gun-100.png', '2017-01-23 00:00:00', '2017-01-23 00:00:00'),
(26, 'Ultimate Frisbee', 'https://s3-ap-southeast-1.amazonaws.com/playthoraapp/sports/Frisbee-100.png', '2017-01-23 00:00:00', '2017-01-23 00:00:00'),
(27, 'Karting', 'https://s3-ap-southeast-1.amazonaws.com/playthoraapp/sports/Go+Kart-100.png', '2017-01-23 00:00:00', '2017-01-23 00:00:00'),
(28, 'HandBall', 'https://s3-ap-southeast-1.amazonaws.com/playthoraapp/sports/Handball-100.png', '2017-01-23 00:00:00', '2017-01-23 00:00:00'),
(29, 'Horse Riding', 'https://s3-ap-southeast-1.amazonaws.com/playthoraapp/sports/Horseback+Riding-100.png', '2017-01-23 00:00:00', '2017-01-23 00:00:00'),
(30, 'Mixed Martial Arts', 'https://s3-ap-southeast-1.amazonaws.com/playthoraapp/sports/Ninja-100.png', '2017-01-23 00:00:00', '2017-01-23 00:00:00'),
(31, 'Paintball', '	https://s3-ap-southeast-1.amazonaws.com/playthoraapp/sports/Paintball+Gun-100.png', '2017-01-23 00:00:00', '2017-01-23 00:00:00'),
(32, 'Table Tennis', 'https://s3-ap-southeast-1.amazonaws.com/playthoraapp/sports/Ping+Pong-100.png', '2017-01-23 00:00:00', '2017-01-23 00:00:00'),
(33, 'Skating', 'https://s3-ap-southeast-1.amazonaws.com/playthoraapp/sports/Roller+Skating-100.png', '2017-01-23 00:00:00', '2017-01-23 00:00:00'),
(34, 'Rowing', 'https://s3-ap-southeast-1.amazonaws.com/playthoraapp/sports/Rowing-100.png', '2017-01-23 00:00:00', '2017-01-23 00:00:00'),
(36, 'Squash', 'https://s3-ap-southeast-1.amazonaws.com/playthoraapp/sports/Squash+Racquet-100.png', '2017-01-23 00:00:00', '2017-01-23 00:00:00'),
(37, 'Swimming', 'https://s3-ap-southeast-1.amazonaws.com/playthoraapp/sports/Swimming-100.png', '2017-01-23 00:00:00', '2017-01-23 00:00:00'),
(38, 'Tennis', 'https://s3-ap-southeast-1.amazonaws.com/playthoraapp/sports/Tennis-100.png', '2017-01-23 00:00:00', '2017-01-23 00:00:00');

-- --------------------------------------------------------

--
-- Table structure for table `sports_has_teams`
--

CREATE TABLE `sports_has_teams` (
  `sport_id` int(11) NOT NULL,
  `team_id` int(11) NOT NULL,
  `created_at` datetime DEFAULT NULL,
  `updated_at` datetime DEFAULT NULL
) ENGINE=InnoDB DEFAULT CHARSET=latin1;

--
-- Dumping data for table `sports_has_teams`
--

INSERT INTO `sports_has_teams` (`sport_id`, `team_id`, `created_at`, `updated_at`) VALUES
(1, 1, '2017-01-05 06:19:30', '2017-01-05 06:19:30'),
(1, 2, '2017-01-06 12:34:59', '2017-01-06 12:34:59'),
(1, 34, '2017-02-10 10:22:40', '2017-02-10 10:22:40'),
(2, 1, '2017-01-05 06:19:30', '2017-01-05 06:19:30'),
(2, 10, '2017-01-19 08:52:31', '2017-01-19 08:52:31'),
(2, 31, '2017-02-09 07:19:03', '2017-02-09 07:19:03'),
(2, 34, '2017-02-10 10:22:40', '2017-02-10 10:22:40'),
(3, 1, '2017-01-05 06:19:30', '2017-01-05 06:19:30'),
(3, 13, '2017-01-17 06:06:58', '2017-01-17 06:06:58'),
(3, 31, '2017-02-09 07:19:03', '2017-02-09 07:19:03'),
(4, 2, '2017-01-06 12:34:59', '2017-01-06 12:34:59'),
(4, 6, '2017-01-05 08:15:35', '2017-01-05 08:15:35'),
(4, 13, '2017-01-17 06:06:58', '2017-01-17 06:06:58'),
(4, 22, '2017-01-09 08:00:34', '2017-01-09 08:00:34'),
(7, 2, '2017-01-06 12:34:59', '2017-01-06 12:34:59'),
(7, 5, '2017-01-05 08:14:54', '2017-01-05 08:14:54'),
(7, 7, '2017-01-05 08:16:26', '2017-01-05 08:16:26'),
(7, 9, '2017-01-05 09:36:54', '2017-01-05 09:36:54'),
(7, 35, '2017-02-12 11:04:11', '2017-02-12 11:04:11'),
(8, 1, '2017-01-05 06:19:30', '2017-01-05 06:19:30'),
(8, 2, '2017-01-06 12:34:59', '2017-01-06 12:34:59'),
(8, 9, '2017-01-05 09:36:54', '2017-01-05 09:36:54'),
(8, 33, '2017-02-09 11:11:44', '2017-02-09 11:11:44'),
(9, 1, '2017-01-05 06:19:30', '2017-01-05 06:19:30'),
(9, 2, '2017-01-06 12:34:59', '2017-01-06 12:34:59'),
(9, 10, '2017-01-19 08:52:31', '2017-01-19 08:52:31'),
(9, 37, '2017-02-13 11:41:36', '2017-02-13 11:41:36'),
(10, 1, '2017-01-05 06:19:30', '2017-01-05 06:19:30'),
(10, 36, '2017-02-13 04:40:35', '2017-02-13 04:40:35'),
(11, 1, '2017-01-05 06:19:30', '2017-01-05 06:19:30'),
(11, 23, '2017-01-16 07:33:11', '2017-01-16 07:33:11'),
(14, 1, '2017-01-05 06:19:30', '2017-01-05 06:19:30'),
(14, 10, '2017-01-19 08:52:31', '2017-01-19 08:52:31'),
(16, 10, '2017-01-19 08:52:31', '2017-01-19 08:52:31'),
(16, 31, '2017-02-09 07:19:03', '2017-02-09 07:19:03'),
(19, 1, '2017-01-05 06:19:30', '2017-01-05 06:19:30'),
(19, 2, '2017-01-06 12:34:59', '2017-01-06 12:34:59'),
(19, 32, '2017-01-25 16:34:53', '2017-01-25 16:34:53'),
(20, 34, '2017-02-10 10:22:40', '2017-02-10 10:22:40'),
(34, 32, '2017-01-25 16:34:53', '2017-01-25 16:34:53'),
(37, 32, '2017-01-25 16:34:53', '2017-01-25 16:34:53');

-- --------------------------------------------------------

--
-- Table structure for table `sports_has_users`
--

CREATE TABLE `sports_has_users` (
  `sports_id` int(11) NOT NULL,
  `users_id` int(11) NOT NULL,
  `created_at` datetime DEFAULT NULL,
  `updated_at` datetime DEFAULT NULL
) ENGINE=InnoDB DEFAULT CHARSET=latin1;

--
-- Dumping data for table `sports_has_users`
--

INSERT INTO `sports_has_users` (`sports_id`, `users_id`, `created_at`, `updated_at`) VALUES
(1, 4, '2017-02-08 15:28:26', '2017-02-08 15:28:26'),
(1, 8, '2017-01-05 05:03:17', '2017-01-05 05:03:17'),
(1, 27, '2017-01-24 04:08:43', '2017-01-24 04:08:43'),
(1, 36, '2017-01-26 07:08:24', '2017-01-26 07:08:24'),
(1, 52, '2017-02-02 10:15:44', '2017-02-02 10:15:44'),
(1, 54, '2017-02-09 08:25:54', '2017-02-09 08:25:54'),
(1, 55, '2017-02-10 14:39:20', '2017-02-10 14:39:20'),
(2, 4, '2017-02-08 15:28:26', '2017-02-08 15:28:26'),
(2, 5, '2017-02-08 15:34:10', '2017-02-08 15:34:10'),
(2, 13, '2017-02-08 15:03:03', '2017-02-08 15:03:03'),
(2, 30, '2017-02-08 14:45:03', '2017-02-08 14:45:03'),
(2, 33, '2017-01-26 10:12:52', '2017-01-26 10:12:52'),
(2, 34, '2017-01-25 16:28:32', '2017-01-25 16:28:32'),
(2, 36, '2017-01-26 07:08:24', '2017-01-26 07:08:24'),
(2, 55, '2017-02-10 14:39:20', '2017-02-10 14:39:20'),
(3, 8, '2017-01-05 05:03:17', '2017-01-05 05:03:17'),
(3, 11, '2017-01-05 05:37:46', '2017-01-05 05:37:46'),
(3, 14, '2017-01-05 06:34:02', '2017-01-05 06:34:02'),
(3, 17, '2017-01-06 10:36:01', '2017-01-06 10:36:01'),
(3, 21, '2017-01-16 09:21:13', '2017-01-16 09:21:13'),
(3, 33, '2017-01-26 10:12:52', '2017-01-26 10:12:52'),
(4, 7, '2017-01-06 10:21:00', '2017-01-06 10:21:00'),
(4, 8, '2017-01-05 05:03:17', '2017-01-05 05:03:17'),
(4, 10, '2017-01-05 07:22:19', '2017-01-05 07:22:19'),
(4, 14, '2017-01-05 06:07:18', '2017-01-05 06:07:18'),
(4, 15, '2017-01-05 07:34:26', '2017-01-05 07:34:26'),
(4, 16, '2017-01-05 10:11:23', '2017-01-05 10:11:23'),
(4, 17, '2017-01-06 10:36:01', '2017-01-06 10:36:01'),
(4, 19, '2017-01-05 10:45:36', '2017-01-05 10:45:36'),
(4, 21, '2017-01-16 09:21:13', '2017-01-16 09:21:13'),
(4, 23, '2017-01-19 13:45:48', '2017-01-19 13:45:48'),
(4, 24, '2017-01-19 13:56:14', '2017-01-19 13:56:14'),
(4, 34, '2017-01-25 16:28:32', '2017-01-25 16:28:32'),
(6, 11, '2017-01-05 05:37:46', '2017-01-05 05:37:46'),
(7, 1, '2017-02-07 17:28:19', '2017-02-07 17:28:19'),
(7, 5, '2017-02-08 15:34:10', '2017-02-08 15:34:10'),
(7, 14, '2017-01-05 06:34:31', '2017-01-05 06:34:31'),
(7, 26, '2017-01-20 14:00:30', '2017-01-20 14:00:30'),
(7, 28, '2017-01-25 09:32:47', '2017-01-25 09:32:47'),
(7, 29, '2017-01-24 05:16:16', '2017-01-24 05:16:16'),
(7, 32, '2017-02-03 15:03:30', '2017-02-03 15:03:30'),
(7, 38, '2017-01-26 13:41:23', '2017-01-26 13:41:23'),
(8, 5, '2017-02-08 15:34:10', '2017-02-08 15:34:10'),
(8, 6, '2017-01-05 04:53:19', '2017-01-05 04:53:19'),
(8, 7, '2017-01-06 04:37:12', '2017-01-06 04:37:12'),
(8, 9, '2017-01-25 06:34:17', '2017-01-25 06:34:17'),
(8, 10, '2017-01-05 07:22:19', '2017-01-05 07:22:19'),
(8, 11, '2017-01-05 05:37:46', '2017-01-05 05:37:46'),
(8, 13, '2017-02-08 15:03:03', '2017-02-08 15:03:03'),
(8, 16, '2017-01-05 10:23:28', '2017-01-05 10:23:28'),
(8, 17, '2017-01-05 07:21:59', '2017-01-05 07:21:59'),
(8, 23, '2017-01-19 13:45:48', '2017-01-19 13:45:48'),
(8, 24, '2017-01-19 13:56:14', '2017-01-19 13:56:14'),
(8, 25, '2017-01-19 13:57:50', '2017-01-19 13:57:50'),
(8, 29, '2017-01-24 05:16:16', '2017-01-24 05:16:16'),
(8, 31, '2017-01-25 06:11:14', '2017-01-25 06:11:14'),
(8, 49, '2017-02-02 09:49:40', '2017-02-02 09:49:40'),
(8, 53, '2017-02-03 10:03:33', '2017-02-03 10:03:33'),
(8, 56, '2017-02-14 04:52:41', '2017-02-14 04:52:41'),
(9, 6, '2017-01-05 04:53:19', '2017-01-05 04:53:19'),
(9, 56, '2017-02-14 04:52:41', '2017-02-14 04:52:41'),
(10, 1, '2017-02-07 17:28:19', '2017-02-07 17:28:19'),
(10, 6, '2017-01-05 04:53:19', '2017-01-05 04:53:19'),
(10, 8, '2017-01-05 05:03:17', '2017-01-05 05:03:17'),
(10, 28, '2017-01-25 09:32:47', '2017-01-25 09:32:47'),
(10, 29, '2017-01-24 05:16:16', '2017-01-24 05:16:16'),
(10, 32, '2017-02-03 15:03:30', '2017-02-03 15:03:30'),
(10, 38, '2017-01-26 13:41:23', '2017-01-26 13:41:23'),
(10, 56, '2017-02-14 04:52:41', '2017-02-14 04:52:41'),
(11, 8, '2017-01-05 05:03:17', '2017-01-05 05:03:17'),
(11, 33, '2017-01-26 10:12:52', '2017-01-26 10:12:52'),
(12, 26, '2017-01-20 14:00:30', '2017-01-20 14:00:30'),
(12, 27, '2017-01-24 04:08:43', '2017-01-24 04:08:43'),
(13, 1, '2017-02-07 17:28:19', '2017-02-07 17:28:19'),
(13, 6, '2017-01-05 04:53:19', '2017-01-05 04:53:19'),
(13, 9, '2017-01-25 06:34:17', '2017-01-25 06:34:17'),
(13, 13, '2017-02-08 15:03:03', '2017-02-08 15:03:03'),
(13, 20, '2017-01-25 06:59:01', '2017-01-25 06:59:01'),
(13, 27, '2017-01-24 04:08:43', '2017-01-24 04:08:43'),
(13, 29, '2017-01-24 05:16:16', '2017-01-24 05:16:16'),
(13, 30, '2017-02-08 14:45:03', '2017-02-08 14:45:03'),
(13, 31, '2017-01-25 06:11:14', '2017-01-25 06:11:14'),
(13, 32, '2017-02-03 15:03:30', '2017-02-03 15:03:30'),
(13, 38, '2017-01-26 13:41:23', '2017-01-26 13:41:23'),
(13, 49, '2017-02-02 09:49:40', '2017-02-02 09:49:40'),
(13, 53, '2017-02-03 10:03:33', '2017-02-03 10:03:33'),
(14, 6, '2017-01-05 04:53:19', '2017-01-05 04:53:19'),
(14, 7, '2017-01-06 10:21:00', '2017-01-06 10:21:00'),
(14, 8, '2017-01-05 05:03:17', '2017-01-05 05:03:17'),
(14, 14, '2017-01-05 06:07:18', '2017-01-05 06:07:18'),
(14, 15, '2017-01-05 07:34:26', '2017-01-05 07:34:26'),
(14, 16, '2017-01-05 10:11:23', '2017-01-05 10:11:23'),
(14, 17, '2017-01-05 07:42:17', '2017-01-05 07:42:17'),
(14, 19, '2017-01-05 10:45:36', '2017-01-05 10:45:36'),
(14, 21, '2017-01-16 09:21:13', '2017-01-16 09:21:13'),
(14, 23, '2017-01-19 13:45:48', '2017-01-19 13:45:48'),
(14, 24, '2017-01-19 13:56:14', '2017-01-19 13:56:14'),
(15, 5, '2017-02-08 15:34:10', '2017-02-08 15:34:10'),
(15, 8, '2017-01-05 05:03:17', '2017-01-05 05:03:17'),
(15, 27, '2017-01-24 04:08:43', '2017-01-24 04:08:43'),
(15, 30, '2017-02-08 14:45:03', '2017-02-08 14:45:03'),
(15, 32, '2017-02-03 15:03:30', '2017-02-03 15:03:30'),
(15, 49, '2017-02-02 09:49:40', '2017-02-02 09:49:40'),
(15, 55, '2017-02-10 14:39:20', '2017-02-10 14:39:20'),
(16, 7, '2017-01-06 04:37:12', '2017-01-06 04:37:12'),
(16, 8, '2017-01-05 05:03:17', '2017-01-05 05:03:17'),
(16, 17, '2017-01-05 08:13:03', '2017-01-05 08:13:03'),
(16, 23, '2017-01-19 13:45:48', '2017-01-19 13:45:48'),
(16, 24, '2017-01-19 13:56:14', '2017-01-19 13:56:14'),
(16, 25, '2017-01-19 13:57:50', '2017-01-19 13:57:50'),
(16, 56, '2017-02-14 04:52:41', '2017-02-14 04:52:41'),
(17, 6, '2017-01-05 04:53:19', '2017-01-05 04:53:19'),
(17, 7, '2017-01-06 10:21:00', '2017-01-06 10:21:00'),
(17, 8, '2017-01-05 05:03:17', '2017-01-05 05:03:17'),
(17, 11, '2017-01-05 05:37:46', '2017-01-05 05:37:46'),
(17, 14, '2017-01-05 06:34:02', '2017-01-05 06:34:02'),
(17, 21, '2017-01-16 09:21:13', '2017-01-16 09:21:13'),
(17, 56, '2017-02-14 04:52:41', '2017-02-14 04:52:41'),
(18, 6, '2017-01-05 04:53:19', '2017-01-05 04:53:19'),
(18, 18, '2017-01-05 07:28:03', '2017-01-05 07:28:03'),
(18, 20, '2017-01-25 06:59:01', '2017-01-25 06:59:01'),
(18, 27, '2017-01-24 04:08:43', '2017-01-24 04:08:43'),
(18, 28, '2017-01-25 09:32:47', '2017-01-25 09:32:47'),
(18, 29, '2017-01-24 05:16:16', '2017-01-24 05:16:16'),
(18, 38, '2017-01-26 13:41:23', '2017-01-26 13:41:23'),
(19, 6, '2017-01-05 04:53:19', '2017-01-05 04:53:19'),
(20, 4, '2017-02-08 15:28:26', '2017-02-08 15:28:26'),
(20, 30, '2017-02-08 14:45:03', '2017-02-08 14:45:03'),
(20, 33, '2017-01-26 10:12:52', '2017-01-26 10:12:52'),
(20, 34, '2017-01-25 16:28:32', '2017-01-25 16:28:32'),
(20, 36, '2017-01-26 07:08:24', '2017-01-26 07:08:24'),
(20, 56, '2017-02-14 04:52:41', '2017-02-14 04:52:41'),
(22, 4, '2017-02-08 15:28:26', '2017-02-08 15:28:26'),
(23, 5, '2017-02-08 15:34:10', '2017-02-08 15:34:10'),
(23, 34, '2017-01-25 16:28:32', '2017-01-25 16:28:32'),
(23, 52, '2017-02-02 10:15:44', '2017-02-02 10:15:44'),
(24, 4, '2017-02-08 15:28:26', '2017-02-08 15:28:26'),
(25, 28, '2017-01-25 09:32:47', '2017-01-25 09:32:47'),
(25, 29, '2017-01-24 05:16:16', '2017-01-24 05:16:16'),
(26, 33, '2017-01-26 10:12:52', '2017-01-26 10:12:52'),
(27, 1, '2017-02-07 17:28:19', '2017-02-07 17:28:19'),
(27, 4, '2017-02-08 15:28:26', '2017-02-08 15:28:26'),
(27, 5, '2017-02-08 15:34:10', '2017-02-08 15:34:10'),
(27, 20, '2017-01-25 06:59:01', '2017-01-25 06:59:01'),
(27, 29, '2017-01-24 05:16:16', '2017-01-24 05:16:16'),
(27, 31, '2017-01-25 06:11:14', '2017-01-25 06:11:14'),
(27, 32, '2017-02-03 15:03:30', '2017-02-03 15:03:30'),
(27, 53, '2017-02-03 10:03:33', '2017-02-03 10:03:33'),
(27, 56, '2017-02-14 04:52:41', '2017-02-14 04:52:41'),
(28, 27, '2017-01-24 04:08:43', '2017-01-24 04:08:43'),
(29, 5, '2017-02-08 15:34:10', '2017-02-08 15:34:10'),
(29, 52, '2017-02-02 10:15:44', '2017-02-02 10:15:44'),
(29, 55, '2017-02-10 14:39:20', '2017-02-10 14:39:20'),
(30, 27, '2017-01-24 04:08:43', '2017-01-24 04:08:43'),
(32, 33, '2017-01-26 10:12:52', '2017-01-26 10:12:52'),
(33, 20, '2017-01-25 06:59:01', '2017-01-25 06:59:01'),
(33, 29, '2017-01-24 05:16:16', '2017-01-24 05:16:16'),
(36, 4, '2017-02-08 15:28:26', '2017-02-08 15:28:26'),
(36, 5, '2017-02-08 15:34:10', '2017-02-08 15:34:10'),
(37, 54, '2017-02-09 08:25:54', '2017-02-09 08:25:54'),
(38, 4, '2017-02-08 15:28:26', '2017-02-08 15:28:26'),
(38, 33, '2017-01-26 10:12:52', '2017-01-26 10:12:52');

-- --------------------------------------------------------

--
-- Table structure for table `sub_categories`
--

CREATE TABLE `sub_categories` (
  `id` int(11) NOT NULL,
  `name` varchar(45) DEFAULT NULL,
  `created_at` datetime DEFAULT NULL,
  `updated_at` datetime DEFAULT NULL,
  `category_id` int(11) NOT NULL
) ENGINE=InnoDB DEFAULT CHARSET=latin1;

-- --------------------------------------------------------

--
-- Table structure for table `teams`
--

CREATE TABLE `teams` (
  `id` int(11) NOT NULL,
  `name` varchar(255) DEFAULT '',
  `discription` varchar(255) DEFAULT '',
  `cover_pic` varchar(255) DEFAULT '',
  `activity_meter` tinyint(4) DEFAULT NULL,
  `points` int(11) DEFAULT NULL,
  `created_at` datetime DEFAULT NULL,
  `updated_at` datetime DEFAULT NULL
) ENGINE=InnoDB DEFAULT CHARSET=latin1;

--
-- Dumping data for table `teams`
--

INSERT INTO `teams` (`id`, `name`, `discription`, `cover_pic`, `activity_meter`, `points`, `created_at`, `updated_at`) VALUES
(1, 'Winner\'s Arina', 'winning is the only option.', 'https://s3-ap-southeast-1.amazonaws.com/playthoraapp/players/games/Arjun1483593906/Daily1483593899832.jpg', 0, 4, '2017-01-05 05:26:38', '2017-01-30 06:33:21'),
(2, 'Fire', 'everyone has fire to win any game', 'https://s3-ap-southeast-1.amazonaws.com/playthoraapp/players/games/Agastya1483595600/IMG_20170105_111556.jpg', 0, 0, '2017-01-05 05:29:53', '2017-01-05 05:53:26'),
(5, 'Hemanth', '', 'https://s3-ap-southeast-1.amazonaws.com/playthoraapp/players/games/Hemanth1483604073/1483428624950.jpg', 0, 4, '2017-01-05 08:14:54', '2017-02-10 15:05:09'),
(6, 'Team 11', '', 'https://s3-ap-southeast-1.amazonaws.com/playthoraapp/players/games/Hemanth1483604122/1483428803812.jpg', 0, 4, '2017-01-05 08:15:35', '2017-01-30 06:33:21'),
(7, 'Team', '', 'https://s3-ap-southeast-1.amazonaws.com/playthoraapp/players/games/Hemanth1483604165/IMG_20170103_111759482_HDR.jpg', 0, 0, '2017-01-05 08:16:26', '2017-01-05 08:16:26'),
(9, 'testing', '', 'https://s3-ap-southeast-1.amazonaws.com/playthoraapp/players/games/nakul1483608985/Daily1483608983764.jpg', 0, 0, '2017-01-05 09:36:54', '2017-01-05 09:36:54'),
(10, 'Team Of 11', '11 members', 'https://s3-ap-southeast-1.amazonaws.com/playthoraapp/players/games/Vaishakha1483705933/unnamed.png', 0, 12, '2017-01-05 12:30:43', '2017-02-10 15:05:09'),
(13, 'Spring', '', 'https://s3-ap-southeast-1.amazonaws.com/playthoraapp/players/games/Vaishakha1483707408/images%20%286%29.jpg', 0, 4, '2017-01-06 12:57:05', '2017-01-30 06:33:21'),
(22, 'Super Team', '', 'https://s3-ap-southeast-1.amazonaws.com/playthoraapp/players/games/Agastya1483948799/images%20%2851%29.jpg', 0, 0, '2017-01-09 08:00:34', '2017-01-09 08:00:34'),
(23, 'Volley Team', '', 'https://s3-ap-southeast-1.amazonaws.com/playthoraapp/players/games/Agastya1483948915/images%20%2846%29.jpg', 0, 0, '2017-01-09 08:02:23', '2017-01-09 08:02:23'),
(28, 'Manchester United', '', 'https://s3-ap-southeast-1.amazonaws.com/playthoraapp/players/games/Vaishakha1484719001/images%20%2823%29.jpg', 0, 0, '2017-01-18 05:57:24', '2017-01-18 05:57:24'),
(29, 'Chicago Bulls', '', 'https://s3-ap-southeast-1.amazonaws.com/playthoraapp/players/games/Vaishakha1484725616/images.png', 0, 0, '2017-01-18 07:47:21', '2017-01-18 07:47:21'),
(31, 'Zap', '', 'https://s3-ap-southeast-1.amazonaws.com/playthoraapp/players/games/Vaishakha1484908560/images%20%2820%29.jpg', 0, 12, '2017-01-20 10:36:26', '2017-02-10 15:05:09'),
(32, 'Row Bros', 'Bros for rowing', 'https://s3-ap-southeast-1.amazonaws.com/playthoraapp/players/games/Jacob_Rohan_Joseph1485362041/India-tropical%20ocean_%26_72b16bfc-f3e6-435e-9422-436ddc298ab9.jpg', 0, 0, '2017-01-25 16:34:53', '2017-01-25 16:34:53'),
(33, 'My team', 'Hello', 'https://s3-ap-southeast-1.amazonaws.com/playthoraapp/players/games/Punith_BM1485754277/Daily1485754277141.jpg', 0, 0, '2017-01-30 05:32:06', '2017-01-30 05:32:06'),
(34, 'Blank', 'Test', 'https://s3-ap-southeast-1.amazonaws.com/playthoraapp/players/games/Jacob_Rohan_Joseph1486722090/IMG_20170209_121947.jpg', 0, 4, '2017-02-10 10:22:40', '2017-02-10 15:05:09'),
(35, 'Team new', '', 'https://s3-ap-southeast-1.amazonaws.com/playthoraapp/players/games/Punith_BM1486897448/Daily1486897447435.jpg', 0, 0, '2017-02-11 15:10:01', '2017-02-12 11:04:11'),
(36, 'Royal Enfield', '', 'https://s3-ap-southeast-1.amazonaws.com/playthoraapp/players/games/Hemant_R1486960780/India-Motorcycle%20%283%29_%26_71b9b6cf-d5ba-4501-8f20-44150b1ccce7.jpg', 0, 0, '2017-02-13 04:40:35', '2017-02-13 04:40:35'),
(37, 'Trekking team', 'Peak is beautiful', 'https://s3-ap-southeast-1.amazonaws.com/playthoraapp/players/games/Sherlock_Homes1486986018/IMG_20170203_182307.jpg', 0, 0, '2017-02-13 11:41:36', '2017-02-13 11:41:36');

-- --------------------------------------------------------

--
-- Table structure for table `team_galleries`
--

CREATE TABLE `team_galleries` (
  `id` int(11) NOT NULL,
  `image` varchar(255) DEFAULT NULL,
  `created_at` datetime DEFAULT NULL,
  `updated_at` datetime DEFAULT NULL,
  `team_id` int(11) NOT NULL
) ENGINE=InnoDB DEFAULT CHARSET=latin1;

--
-- Dumping data for table `team_galleries`
--

INSERT INTO `team_galleries` (`id`, `image`, `created_at`, `updated_at`, `team_id`) VALUES
(2, 'https://s3-ap-southeast-1.amazonaws.com/playthoraapp/players/teams/Corporate_Team1483612636/images%20%2850%29.jpg', '2017-01-05 10:37:19', '2017-01-05 10:37:19', 4),
(5, 'https://s3-ap-southeast-1.amazonaws.com/playthoraapp/players/teams/Zap1486383632/playthora1486383619700.jpeg', '2017-02-06 12:20:32', '2017-02-06 12:20:32', 31);

-- --------------------------------------------------------

--
-- Table structure for table `team_timeline`
--

CREATE TABLE `team_timeline` (
  `id` int(11) NOT NULL,
  `content` text,
  `team_id` int(11) NOT NULL,
  `date` date DEFAULT NULL,
  `created_at` datetime NOT NULL,
  `updated_at` datetime NOT NULL
) ENGINE=InnoDB DEFAULT CHARSET=latin1;

--
-- Dumping data for table `team_timeline`
--

INSERT INTO `team_timeline` (`id`, `content`, `team_id`, `date`, `created_at`, `updated_at`) VALUES
(1, 'joined and playing Baseball', 22, '2017-01-16', '2017-01-16 04:58:35', '2017-01-16 04:58:35'),
(2, 'joined and playing Baseball', 23, '2017-01-16', '2017-01-16 04:58:35', '2017-01-16 04:58:35'),
(4, 'Vaishakha joined this team', 22, '2017-01-16', '2017-01-16 11:24:25', '2017-01-16 11:24:25'),
(5, 'Agastya and 3 others joined this team', 13, '2017-01-17', '2017-01-17 06:06:58', '2017-01-17 06:06:58'),
(6, 'Vaishakha joined this team', 23, '2017-01-17', '2017-01-17 06:18:35', '2017-01-17 06:18:35'),
(7, 'Agastya and 7 others joined this team', 26, '2017-01-17', '2017-01-17 06:24:07', '2017-01-17 06:24:07'),
(8, 'joined and playing Rugby', 26, '2017-01-18', '2017-01-18 05:40:34', '2017-01-18 05:40:34'),
(9, 'joined and playing Rugby', 27, '2017-01-18', '2017-01-18 05:40:34', '2017-01-18 05:40:34'),
(10, 'Agastya and 7 others joined this team', 25, '2017-01-18', '2017-01-18 05:54:32', '2017-01-18 05:54:32'),
(11, 'Vaishakha created this team', 28, '2017-01-18', '2017-01-18 05:57:24', '2017-01-18 05:57:24'),
(12, 'Agastya, Hemant R, Bhaskar Tripathi joined this team', 28, '2017-01-18', '2017-01-18 05:57:24', '2017-01-18 05:57:24'),
(13, 'Agastya joined this team', 28, '2017-01-18', '2017-01-18 06:28:28', '2017-01-18 06:28:28'),
(14, 'joined and playing Basketball', 28, '2017-01-18', '2017-01-18 06:30:15', '2017-01-18 06:30:15'),
(15, 'Vaishakha created this team', 29, '2017-01-18', '2017-01-18 07:47:21', '2017-01-18 07:47:21'),
(16, 'Agastya joined this team', 29, '2017-01-18', '2017-01-18 07:47:21', '2017-01-18 07:47:21'),
(17, 'Agastya joined this team', 13, '2017-01-18', '2017-01-18 07:51:36', '2017-01-18 07:51:36'),
(18, 'Agastya and 12 others joined this team', 10, '2017-01-18', '2017-01-18 12:45:51', '2017-01-18 12:45:51'),
(19, 'joined and playing Points for team', 23, '2017-01-18', '2017-01-18 13:27:32', '2017-01-18 13:27:32'),
(20, 'joined and playing Team game', 23, '2017-01-18', '2017-01-18 13:51:43', '2017-01-18 13:51:43'),
(21, 'joined and playing cricket', 2, '2017-01-19', '2017-01-19 01:45:03', '2017-01-19 01:45:03'),
(22, 'joined and playing Hockey', 10, '2017-01-19', '2017-01-19 04:44:16', '2017-01-19 04:44:16'),
(23, 'Completed playing gameTeam game', 23, '2017-01-19', '2017-01-19 05:01:15', '2017-01-19 05:01:15'),
(24, 'Completed playing gameHockey', 10, '2017-01-19', '2017-01-19 06:07:18', '2017-01-19 06:07:18'),
(25, 'Agastya joined this team', 10, '2017-01-19', '2017-01-19 08:52:03', '2017-01-19 08:52:03'),
(26, 'Agastya and 12 others joined this team', 10, '2017-01-19', '2017-01-19 08:52:31', '2017-01-19 08:52:31'),
(27, 'joined and playing Car race', 22, '2017-01-19', '2017-01-19 10:26:31', '2017-01-19 10:26:31'),
(28, 'Completed playing gameCar race', 22, '2017-01-19', '2017-01-19 10:43:18', '2017-01-19 10:43:18'),
(31, 'Vaishakha created this team', 31, '2017-01-20', '2017-01-20 10:36:27', '2017-01-20 10:36:27'),
(32, 'Agastya, nakul, Hemant R joined this team', 31, '2017-01-20', '2017-01-20 10:36:27', '2017-01-20 10:36:27'),
(33, 'joined and playing Hanky', 10, '2017-01-20', '2017-01-20 10:42:21', '2017-01-20 10:42:21'),
(34, 'joined and playing Hanky', 10, '2017-01-20', '2017-01-20 10:43:38', '2017-01-20 10:43:38'),
(35, 'joined and playing Bowl', 31, '2017-01-20', '2017-01-20 10:45:10', '2017-01-20 10:45:10'),
(36, 'joined and playing Bowl', 31, '2017-01-20', '2017-01-20 10:46:55', '2017-01-20 10:46:55'),
(37, 'joined and playing Test pay', 6, '2017-01-20', '2017-01-20 11:03:39', '2017-01-20 11:03:39'),
(38, 'joined and playing Test pay', 10, '2017-01-20', '2017-01-20 11:03:39', '2017-01-20 11:03:39'),
(39, 'Completed playing gameHanky', 10, '2017-01-20', '2017-01-20 12:49:14', '2017-01-20 12:49:14'),
(40, 'Completed playing gameBowl', 31, '2017-01-20', '2017-01-20 12:50:12', '2017-01-20 12:50:12'),
(41, 'joined and playing Game for team', 10, '2017-01-23', '2017-01-23 10:08:02', '2017-01-23 10:08:02'),
(42, 'Agastya joined this team', 10, '2017-01-23', '2017-01-23 10:12:01', '2017-01-23 10:12:01'),
(43, 'joined and playing Team zap game', 31, '2017-01-23', '2017-01-23 10:27:49', '2017-01-23 10:27:49'),
(44, 'Agastya joined this team', 31, '2017-01-23', '2017-01-23 10:29:30', '2017-01-23 10:29:30'),
(45, 'joined and playing Cricket crazy', 31, '2017-01-23', '2017-01-23 18:10:50', '2017-01-23 18:10:50'),
(46, 'joined and playing Cricket crazy', 10, '2017-01-23', '2017-01-23 18:10:50', '2017-01-23 18:10:50'),
(47, 'joined and playing Hunt them down', 10, '2017-01-24', '2017-01-24 01:20:16', '2017-01-24 01:20:16'),
(48, 'joined and playing Volleyball', 31, '2017-01-24', '2017-01-24 05:40:13', '2017-01-24 05:40:13'),
(49, 'joined and playing Hac hockey', 10, '2017-01-24', '2017-01-24 06:05:34', '2017-01-24 06:05:34'),
(50, 'joined and playing Hac hockey', 31, '2017-01-24', '2017-01-24 06:05:34', '2017-01-24 06:05:34'),
(51, 'Yashwanth Play joined this team', 10, '2017-01-24', '2017-01-24 06:14:52', '2017-01-24 06:14:52'),
(52, 'joined and playing Hockey challeng', 31, '2017-01-24', '2017-01-24 06:37:09', '2017-01-24 06:37:09'),
(53, 'Jacob Rohan Joseph created this team', 32, '2017-01-25', '2017-01-25 16:34:53', '2017-01-25 16:34:53'),
(54, 'Nabil Ahmed joined this team', 32, '2017-01-25', '2017-01-25 16:34:53', '2017-01-25 16:34:53'),
(55, 'Nabil Ahmed joined this team', 31, '2017-01-25', '2017-01-25 16:39:26', '2017-01-25 16:39:26'),
(56, 'joined and playing Cricket', 31, '2017-01-26', '2017-01-26 00:12:25', '2017-01-26 00:12:25'),
(57, 'joined and playing Cricket', 10, '2017-01-26', '2017-01-26 00:12:25', '2017-01-26 00:12:25'),
(58, 'joined and playing Cricket', 32, '2017-01-26', '2017-01-26 00:12:25', '2017-01-26 00:12:25'),
(59, 'joined and playing Archery', 23, '2017-01-26', '2017-01-26 09:47:21', '2017-01-26 09:47:21'),
(60, 'joined and playing Archery', 31, '2017-01-26', '2017-01-26 09:47:21', '2017-01-26 09:47:21'),
(61, 'joined and playing Archery', 10, '2017-01-26', '2017-01-26 09:47:21', '2017-01-26 09:47:21'),
(62, 'joined and playing Archery', 32, '2017-01-26', '2017-01-26 09:47:21', '2017-01-26 09:47:21'),
(63, 'Completed playing Cricket crazy', 10, '2017-01-26', '2017-01-26 09:57:01', '2017-01-26 09:57:01'),
(64, 'Completed playing Cricket crazy', 31, '2017-01-26', '2017-01-26 09:57:01', '2017-01-26 09:57:01'),
(65, 'joined and playing Air sports 1', 13, '2017-01-26', '2017-01-26 13:18:46', '2017-01-26 13:18:46'),
(66, 'joined and playing Air sports 1', 23, '2017-01-26', '2017-01-26 13:18:46', '2017-01-26 13:18:46'),
(67, 'joined and playing Air sports 1', 10, '2017-01-26', '2017-01-26 13:18:46', '2017-01-26 13:18:46'),
(68, 'joined and playing Air sports 1', 31, '2017-01-26', '2017-01-26 13:18:46', '2017-01-26 13:18:46'),
(69, 'joined and playing Air sports 1', 7, '2017-01-26', '2017-01-26 13:18:46', '2017-01-26 13:18:46'),
(70, 'joined and playing Air sports 1', 9, '2017-01-26', '2017-01-26 13:18:46', '2017-01-26 13:18:46'),
(71, 'joined and playing Air sports 1', 32, '2017-01-26', '2017-01-26 13:18:46', '2017-01-26 13:18:46'),
(72, 'joined and playing Air sports 1', 22, '2017-01-26', '2017-01-26 13:18:46', '2017-01-26 13:18:46'),
(73, 'joined and playing Air sports 1', 23, '2017-01-26', '2017-01-26 13:21:50', '2017-01-26 13:21:50'),
(74, 'joined and playing Air sports 1', 13, '2017-01-26', '2017-01-26 13:21:50', '2017-01-26 13:21:50'),
(75, 'joined and playing Air sports 1', 10, '2017-01-26', '2017-01-26 13:21:50', '2017-01-26 13:21:50'),
(76, 'joined and playing Air sports 1', 31, '2017-01-26', '2017-01-26 13:21:50', '2017-01-26 13:21:50'),
(77, 'joined and playing Air sports 1', 7, '2017-01-26', '2017-01-26 13:21:50', '2017-01-26 13:21:50'),
(78, 'joined and playing Air sports 1', 9, '2017-01-26', '2017-01-26 13:21:50', '2017-01-26 13:21:50'),
(79, 'joined and playing Air sports 1', 32, '2017-01-26', '2017-01-26 13:21:50', '2017-01-26 13:21:50'),
(80, 'joined and playing Air sports 1', 22, '2017-01-26', '2017-01-26 13:21:50', '2017-01-26 13:21:50'),
(81, 'joined and playing Baseball ', 13, '2017-01-26', '2017-01-26 13:31:29', '2017-01-26 13:31:29'),
(82, 'joined and playing Baseball ', 23, '2017-01-26', '2017-01-26 13:31:29', '2017-01-26 13:31:29'),
(83, 'joined and playing Baseball ', 10, '2017-01-26', '2017-01-26 13:31:29', '2017-01-26 13:31:29'),
(84, 'joined and playing Baseball ', 31, '2017-01-26', '2017-01-26 13:31:29', '2017-01-26 13:31:29'),
(85, 'joined and playing Baseball ', 7, '2017-01-26', '2017-01-26 13:31:29', '2017-01-26 13:31:29'),
(86, 'joined and playing Baseball ', 9, '2017-01-26', '2017-01-26 13:31:29', '2017-01-26 13:31:29'),
(87, 'joined and playing Baseball ', 32, '2017-01-26', '2017-01-26 13:31:29', '2017-01-26 13:31:29'),
(88, 'joined and playing Baseball ', 22, '2017-01-26', '2017-01-26 13:31:29', '2017-01-26 13:31:29'),
(89, 'joined and playing Climbing', 7, '2017-01-26', '2017-01-26 13:52:37', '2017-01-26 13:52:37'),
(90, 'joined and playing Climbing', 9, '2017-01-26', '2017-01-26 13:52:37', '2017-01-26 13:52:37'),
(91, 'joined and playing Climbing', 23, '2017-01-26', '2017-01-26 13:52:37', '2017-01-26 13:52:37'),
(92, 'joined and playing Climbing', 32, '2017-01-26', '2017-01-26 13:52:37', '2017-01-26 13:52:37'),
(93, 'joined and playing Climbing', 10, '2017-01-26', '2017-01-26 13:52:37', '2017-01-26 13:52:37'),
(94, 'joined and playing Climbing', 31, '2017-01-26', '2017-01-26 13:52:37', '2017-01-26 13:52:37'),
(95, 'joined and playing Climbing', 22, '2017-01-26', '2017-01-26 13:52:37', '2017-01-26 13:52:37'),
(96, 'joined and playing United 11', 31, '2017-01-27', '2017-01-27 07:24:54', '2017-01-27 07:24:54'),
(97, 'joined and playing United 11', 10, '2017-01-27', '2017-01-27 07:24:54', '2017-01-27 07:24:54'),
(98, 'Punith BM created this team', 33, '2017-01-30', '2017-01-30 05:32:06', '2017-01-30 05:32:06'),
(99, 'Agastya, Hemant R joined this team', 33, '2017-01-30', '2017-01-30 05:32:06', '2017-01-30 05:32:06'),
(100, 'joined and playing Volleyball', 6, '2017-01-30', '2017-01-30 05:48:21', '2017-01-30 05:48:21'),
(101, 'joined and playing Volleyball', 1, '2017-01-30', '2017-01-30 05:48:21', '2017-01-30 05:48:21'),
(102, 'joined and playing Volleyball', 13, '2017-01-30', '2017-01-30 05:48:21', '2017-01-30 05:48:21'),
(103, 'Completed playing Volleyball', 1, '2017-01-30', '2017-01-30 06:33:21', '2017-01-30 06:33:21'),
(104, 'Completed playing Volleyball', 6, '2017-01-30', '2017-01-30 06:33:21', '2017-01-30 06:33:21'),
(105, 'Completed playing Volleyball', 13, '2017-01-30', '2017-01-30 06:33:21', '2017-01-30 06:33:21'),
(106, 'joined and playing Jjkk', 6, '2017-02-05', '2017-02-05 09:43:38', '2017-02-05 09:43:38'),
(107, 'joined and playing Jjkk', 1, '2017-02-05', '2017-02-05 09:43:38', '2017-02-05 09:43:38'),
(108, 'Punith Bm and 5 others joined this team', 31, '2017-02-07', '2017-02-07 09:33:33', '2017-02-07 09:33:33'),
(109, 'joined and playing Game on', 31, '2017-02-07', '2017-02-07 09:58:59', '2017-02-07 09:58:59'),
(110, 'joined and playing Game on', 31, '2017-02-07', '2017-02-07 10:09:14', '2017-02-07 10:09:14'),
(111, 'Punith BM and 6 others joined this team', 31, '2017-02-09', '2017-02-09 07:19:03', '2017-02-09 07:19:03'),
(112, 'joined and playing Cycling', 31, '2017-02-09', '2017-02-09 07:21:29', '2017-02-09 07:21:29'),
(113, 'Vaishakha Hk and 6 others joined this team', 33, '2017-02-09', '2017-02-09 11:11:44', '2017-02-09 11:11:44'),
(114, 'Hemanth Hemi joined this team', 31, '2017-02-09', '2017-02-09 11:23:35', '2017-02-09 11:23:35'),
(115, 'Completed playing Game on', 31, '2017-02-09', '2017-02-09 11:25:13', '2017-02-09 11:25:13'),
(116, 'Completed playing Cycling', 31, '2017-02-10', '2017-02-10 04:31:51', '2017-02-10 04:31:51'),
(117, 'joined and playing Game new', 31, '2017-02-10', '2017-02-10 06:14:44', '2017-02-10 06:14:44'),
(118, 'Jacob Rohan Joseph created this team', 34, '2017-02-10', '2017-02-10 10:22:40', '2017-02-10 10:22:40'),
(119, 'Nabil Ahmed, Punith joined this team', 34, '2017-02-10', '2017-02-10 10:22:40', '2017-02-10 10:22:40'),
(120, 'joined and playing Blank cup', 5, '2017-02-10', '2017-02-10 10:23:55', '2017-02-10 10:23:55'),
(121, 'joined and playing Blank cup', 10, '2017-02-10', '2017-02-10 10:23:55', '2017-02-10 10:23:55'),
(122, 'joined and playing Blank cup', 34, '2017-02-10', '2017-02-10 10:23:55', '2017-02-10 10:23:55'),
(123, 'joined and playing Blank cup', 31, '2017-02-10', '2017-02-10 10:23:55', '2017-02-10 10:23:55'),
(124, 'Completed playing Blank cup', 5, '2017-02-10', '2017-02-10 15:05:09', '2017-02-10 15:05:09'),
(125, 'Completed playing Blank cup', 10, '2017-02-10', '2017-02-10 15:05:09', '2017-02-10 15:05:09'),
(126, 'Completed playing Blank cup', 31, '2017-02-10', '2017-02-10 15:05:09', '2017-02-10 15:05:09'),
(127, 'Completed playing Blank cup', 34, '2017-02-10', '2017-02-10 15:05:09', '2017-02-10 15:05:09'),
(128, 'Punith BM created this team', 35, '2017-02-11', '2017-02-11 15:10:01', '2017-02-11 15:10:01'),
(129, 'Vaishakha Hk joined this team', 35, '2017-02-11', '2017-02-11 15:10:01', '2017-02-11 15:10:01'),
(130, 'Vaishakha Hk joined this team', 35, '2017-02-11', '2017-02-11 15:10:41', '2017-02-11 15:10:41'),
(131, 'Punith BM joined this team', 2, '2017-02-12', '2017-02-12 04:33:12', '2017-02-12 04:33:12'),
(132, 'Hemant R created this team', 36, '2017-02-13', '2017-02-13 04:40:35', '2017-02-13 04:40:35'),
(133, 'Agastya, Nakul K Jagadish, Vaishakha Hk joined this team', 36, '2017-02-13', '2017-02-13 04:40:35', '2017-02-13 04:40:35'),
(134, 'Sherlock Homes created this team', 37, '2017-02-13', '2017-02-13 11:41:36', '2017-02-13 11:41:36'),
(135, 'Agastya, Arjun, Hemant R and 3 others joined this team', 37, '2017-02-13', '2017-02-13 11:41:36', '2017-02-13 11:41:36');

-- --------------------------------------------------------

--
-- Table structure for table `team_user`
--

CREATE TABLE `team_user` (
  `image` varchar(255) DEFAULT NULL,
  `created_at` datetime DEFAULT NULL,
  `updated_at` datetime DEFAULT NULL,
  `team_id` int(11) NOT NULL,
  `user_id` int(11) NOT NULL,
  `is_super_admin` int(11) DEFAULT NULL,
  `is_admin` int(11) DEFAULT NULL,
  `points_earned` int(11) DEFAULT NULL,
  `invitation_status` int(11) NOT NULL DEFAULT '0',
  `is_requested` int(11) DEFAULT '0'
) ENGINE=InnoDB DEFAULT CHARSET=latin1;

--
-- Dumping data for table `team_user`
--

INSERT INTO `team_user` (`image`, `created_at`, `updated_at`, `team_id`, `user_id`, `is_super_admin`, `is_admin`, `points_earned`, `invitation_status`, `is_requested`) VALUES
(NULL, '2017-01-05 05:26:38', '2017-01-05 05:26:38', 1, 10, 0, 0, 0, 1, 0),
(NULL, '2017-01-23 06:19:13', '2017-01-23 06:19:13', 1, 13, 0, 0, 0, 0, 1),
(NULL, '2017-02-09 08:30:55', '2017-02-09 08:30:55', 1, 54, 0, 0, 0, 0, 1),
(NULL, '2017-02-12 04:32:58', '2017-02-12 04:33:12', 2, 1, 0, 0, 0, 1, 0),
(NULL, '2017-01-05 05:29:53', '2017-01-05 05:29:53', 2, 5, 0, 0, 0, 1, 0),
(NULL, '2017-01-05 05:29:53', '2017-01-05 05:29:53', 2, 6, 0, 1, 0, 1, 0),
(NULL, '2017-01-06 12:35:26', '2017-01-06 12:35:26', 2, 10, 0, 0, 0, 0, 1),
(NULL, '2017-01-05 11:47:13', '2017-01-05 11:47:13', 2, 13, 1, 0, 0, 1, 0),
(NULL, '2017-01-05 10:31:03', '2017-01-05 10:31:03', 2, 16, 0, 0, 0, 1, 0),
(NULL, '2017-02-14 04:37:03', '2017-02-14 04:37:03', 2, 56, 0, 0, 0, 0, 1),
(NULL, '2017-01-05 08:14:54', '2017-01-05 08:14:54', 5, 8, 0, 0, 0, 1, 0),
(NULL, '2017-01-05 08:14:54', '2017-01-05 08:14:54', 5, 10, 0, 0, 0, 1, 0),
(NULL, '2017-01-05 08:14:54', '2017-01-05 08:14:54', 5, 11, 0, 0, 0, 1, 0),
(NULL, '2017-01-05 08:14:54', '2017-01-05 08:14:54', 5, 13, 1, 0, 0, 1, 0),
(NULL, '2017-01-05 08:14:54', '2017-01-05 08:14:54', 5, 14, 0, 0, 0, 1, 0),
(NULL, '2017-01-05 08:14:54', '2017-01-05 08:14:54', 5, 17, 0, 1, 0, 1, 0),
(NULL, '2017-02-13 11:39:28', '2017-02-13 11:39:28', 5, 56, 0, 0, 0, 0, 1),
(NULL, '2017-01-05 08:15:35', '2017-01-05 08:15:35', 6, 10, 0, 0, 0, 1, 0),
(NULL, '2017-01-05 08:15:35', '2017-01-05 08:15:35', 6, 13, 0, 0, 0, 1, 0),
(NULL, '2017-01-05 08:15:35', '2017-01-05 08:15:35', 6, 17, 1, 1, 0, 1, 0),
(NULL, '2017-02-09 08:30:37', '2017-02-09 08:30:37', 6, 54, 0, 0, 0, 0, 1),
(NULL, '2017-01-05 08:16:26', '2017-01-05 08:16:26', 7, 8, 0, 0, 0, 1, 0),
(NULL, '2017-02-08 13:29:10', '2017-02-08 13:29:10', 7, 10, 0, 0, 0, 0, 1),
(NULL, '2017-01-05 08:16:26', '2017-01-05 08:16:26', 7, 17, 1, 1, 0, 1, 0),
(NULL, '2017-01-05 09:36:54', '2017-01-05 09:36:54', 9, 8, 0, 0, 0, 1, 0),
(NULL, '2017-01-05 09:36:54', '2017-01-05 09:36:54', 9, 11, 1, 1, 0, 1, 0),
(NULL, '2017-01-23 06:33:20', '2017-01-23 06:33:20', 9, 13, 0, 0, 0, 0, 1),
(NULL, '2017-01-05 09:36:54', '2017-01-05 09:36:54', 9, 15, 0, 0, 0, 1, 0),
(NULL, '2017-01-23 10:11:00', '2017-01-23 10:12:01', 10, 6, 0, 0, 0, 1, 0),
(NULL, '2017-01-05 12:30:44', '2017-01-05 12:30:44', 10, 7, 0, 0, 0, 1, 0),
(NULL, '2017-01-05 12:30:43', '2017-01-05 12:30:43', 10, 8, 0, 0, 0, 1, 0),
(NULL, '2017-01-05 12:30:43', '2017-01-05 12:30:43', 10, 9, 0, 0, 0, 1, 0),
(NULL, '2017-01-05 12:30:43', '2017-01-05 12:30:43', 10, 10, 1, 1, 0, 1, 0),
(NULL, '2017-01-05 12:30:44', '2017-01-05 12:30:44', 10, 11, 0, 0, 0, 1, 0),
(NULL, '2017-01-05 12:30:44', '2017-01-05 12:30:44', 10, 14, 0, 0, 0, 1, 0),
(NULL, '2017-01-05 12:30:43', '2017-01-05 12:30:43', 10, 15, 0, 0, 0, 1, 0),
(NULL, '2017-01-05 12:30:43', '2017-01-05 12:30:43', 10, 16, 0, 0, 0, 1, 0),
(NULL, '2017-01-05 12:30:43', '2017-01-05 12:30:43', 10, 17, 0, 0, 0, 1, 0),
(NULL, '2017-01-05 12:30:44', '2017-01-05 12:30:44', 10, 18, 0, 0, 0, 1, 0),
(NULL, '2017-01-05 12:30:44', '2017-01-05 12:30:44', 10, 19, 0, 0, 0, 1, 0),
(NULL, '2017-01-24 06:14:34', '2017-01-24 06:14:51', 10, 27, 0, 0, 0, 1, 0),
(NULL, '2017-01-06 12:57:05', '2017-01-06 12:57:05', 13, 10, 1, 1, 0, 1, 0),
(NULL, '2017-01-06 12:57:05', '2017-01-06 12:57:05', 13, 15, 0, 0, 0, 1, 0),
(NULL, '2017-01-06 12:57:05', '2017-01-06 12:57:05', 13, 17, 0, 0, 0, 1, 0),
(NULL, '2017-01-09 08:00:34', '2017-01-09 08:00:34', 22, 6, 1, 1, 0, 1, 0),
(NULL, '2017-01-16 11:39:14', '2017-01-16 11:39:14', 22, 10, 0, 0, 0, 0, 1),
(NULL, '2017-01-09 08:00:34', '2017-01-09 08:00:34', 22, 17, 0, 0, 0, 1, 0),
(NULL, '2017-01-09 08:02:23', '2017-01-09 08:02:23', 23, 6, 1, 1, 0, 1, 0),
(NULL, '2017-01-17 05:58:35', '2017-01-17 06:18:35', 23, 10, 0, 0, 0, 1, 0),
(NULL, '2017-01-09 08:02:23', '2017-01-09 08:02:23', 23, 15, 0, 0, 0, 1, 0),
(NULL, '2017-01-09 08:02:23', '2017-01-09 08:02:23', 23, 17, 0, 0, 0, 1, 0),
(NULL, '2017-02-09 07:19:03', '2017-02-09 07:19:03', 31, 1, 0, 0, 0, 1, 0),
(NULL, '2017-01-23 10:29:15', '2017-01-23 10:29:30', 31, 6, 0, 0, 0, 1, 0),
(NULL, '2017-01-20 10:36:26', '2017-01-20 10:36:26', 31, 10, 1, 1, 0, 1, 0),
(NULL, '2017-01-20 10:36:26', '2017-01-20 10:36:26', 31, 11, 0, 0, 0, 1, 0),
(NULL, '2017-01-20 10:36:26', '2017-01-20 10:36:26', 31, 13, 0, 0, 0, 1, 0),
(NULL, '2017-02-07 09:33:33', '2017-02-07 09:33:33', 31, 30, 0, 0, 0, 1, 0),
(NULL, '2017-02-09 11:22:24', '2017-02-09 11:23:35', 31, 32, 0, 0, 0, 1, 0),
(NULL, '2017-01-25 16:31:13', '2017-01-25 16:39:26', 31, 34, 0, 0, 0, 1, 0),
(NULL, '2017-02-14 04:36:50', '2017-02-14 04:36:50', 31, 56, 0, 0, 0, 0, 1),
(NULL, '2017-01-25 16:34:53', '2017-01-25 16:34:53', 32, 33, 1, 1, 0, 1, 0),
(NULL, '2017-01-25 16:34:53', '2017-01-25 16:34:53', 32, 34, 0, 0, 0, 1, 0),
(NULL, '2017-01-30 05:32:06', '2017-01-30 05:32:06', 33, 1, 1, 1, 0, 1, 0),
(NULL, '2017-01-30 05:32:06', '2017-01-30 05:32:06', 33, 6, 0, 0, 0, 1, 0),
(NULL, '2017-02-09 11:11:44', '2017-02-09 11:11:44', 33, 10, 0, 0, 0, 1, 0),
(NULL, '2017-01-30 05:32:06', '2017-01-30 05:32:06', 33, 13, 0, 0, 0, 1, 0),
(NULL, '2017-01-05 05:26:38', '2017-01-05 05:26:38', 33, 30, 0, 0, 0, 1, 0),
(NULL, '2017-01-05 05:26:38', '2017-01-05 05:26:38', 33, 32, 1, 1, 0, 1, 0),
(NULL, '2017-01-05 06:19:12', '2017-01-05 06:19:12', 33, 53, 0, 0, 0, 1, 0),
(NULL, '2017-02-10 10:22:40', '2017-02-10 10:22:40', 34, 4, 1, 1, 0, 1, 0),
(NULL, '2017-02-10 10:22:40', '2017-02-10 10:22:40', 34, 5, 0, 0, 0, 1, 0),
(NULL, '2017-02-10 10:22:40', '2017-02-10 10:22:40', 34, 51, 0, 0, 0, 1, 0),
(NULL, '2017-02-11 15:10:01', '2017-02-11 15:10:01', 35, 1, 1, 1, 0, 1, 0),
(NULL, '2017-02-11 15:10:41', '2017-02-11 15:10:41', 35, 10, 0, 0, 0, 1, 0),
(NULL, '2017-02-13 04:40:35', '2017-02-13 04:40:35', 36, 6, 0, 0, 0, 1, 0),
(NULL, '2017-02-13 04:40:35', '2017-02-13 04:40:35', 36, 7, 0, 0, 0, 1, 0),
(NULL, '2017-02-13 04:40:35', '2017-02-13 04:40:35', 36, 10, 0, 0, 0, 1, 0),
(NULL, '2017-02-13 04:40:35', '2017-02-13 04:40:35', 36, 13, 1, 1, 0, 1, 0),
(NULL, '2017-02-13 04:40:35', '2017-02-13 04:40:35', 36, 29, 0, 0, 0, 1, 0),
(NULL, '2017-02-14 04:34:34', '2017-02-14 04:34:34', 36, 56, 0, 0, 0, 0, 1),
(NULL, '2017-02-13 11:41:36', '2017-02-13 11:41:36', 37, 6, 0, 0, 0, 1, 0),
(NULL, '2017-02-13 11:41:36', '2017-02-13 11:41:36', 37, 8, 0, 0, 0, 1, 0),
(NULL, '2017-02-13 11:41:36', '2017-02-13 11:41:36', 37, 13, 0, 0, 0, 1, 0),
(NULL, '2017-02-13 11:41:36', '2017-02-13 11:41:36', 37, 31, 0, 0, 0, 1, 0),
(NULL, '2017-02-13 11:41:36', '2017-02-13 11:41:36', 37, 32, 0, 0, 0, 1, 0),
(NULL, '2017-02-13 11:41:36', '2017-02-13 11:41:36', 37, 56, 1, 1, 0, 1, 0);

-- --------------------------------------------------------

--
-- Table structure for table `users`
--

CREATE TABLE `users` (
  `id` int(11) NOT NULL,
  `name` varchar(245) DEFAULT '',
  `lat` varchar(245) DEFAULT '',
  `lng` varchar(245) DEFAULT '',
  `bio` varchar(245) DEFAULT '',
  `profile_pic` varchar(245) NOT NULL DEFAULT ' ',
  `is_private` tinyint(1) DEFAULT '0',
  `is_social` tinyint(1) DEFAULT '0',
  `email` varchar(245) DEFAULT '',
  `mobile` varchar(245) DEFAULT '',
  `password` varchar(245) DEFAULT '',
  `otp` int(11) DEFAULT '0',
  `created_at` datetime DEFAULT NULL,
  `updated_at` datetime DEFAULT NULL,
  `location_name` varchar(245) DEFAULT '',
  `role_id` int(11) NOT NULL,
  `remember_token` varchar(245) NOT NULL DEFAULT '',
  `mobile_verified` tinyint(1) DEFAULT NULL,
  `social_token` text,
  `pending_notification` tinyint(4) NOT NULL DEFAULT '1',
  `available_at` text,
  `prefer_location` varchar(255) DEFAULT '',
  `primary_team` int(11) DEFAULT NULL,
  `cover_pic` varchar(255) DEFAULT '',
  `level_id` int(11) DEFAULT '0',
  `points` int(11) DEFAULT '0',
  `notificaiton` int(11) NOT NULL DEFAULT '1'
) ENGINE=InnoDB DEFAULT CHARSET=latin1;

--
-- Dumping data for table `users`
--

INSERT INTO `users` (`id`, `name`, `lat`, `lng`, `bio`, `profile_pic`, `is_private`, `is_social`, `email`, `mobile`, `password`, `otp`, `created_at`, `updated_at`, `location_name`, `role_id`, `remember_token`, `mobile_verified`, `social_token`, `pending_notification`, `available_at`, `prefer_location`, `primary_team`, `cover_pic`, `level_id`, `points`, `notificaiton`) VALUES
(1, 'Punith BM', '12.9110412', '77.6432764', 'life is colorful', 'https://lh4.googleusercontent.com/-_7LT4w03k0g/AAAAAAAAAAI/AAAAAAAABzU/xc9PKqAP_kY/photo.jpg', 1, 1, 'punith@designstring.com', '9481073845', '$2y$10$xUUR2SL5d2g2NI8M1xc0tOJw0zTv7BdLDVQN87SKKOdZjAbIgpHi2', 181699, '2017-01-05 03:31:41', '2017-05-21 10:34:46', 'Bengaluru, Karnataka, ', 1, '3NK7Ax1mUDTmPUkMUc6BNGhuBea9kz8hGcBTU67gnccnM2nsRNdpCxkhbNpq', 1, '4/iYGlbcxIpyZnYh-HHG0HaWixSvwqpGoFpsszgzSJzfE', 1, '{"days":["friday","thursday","saturday","sunday","wednesday"],"available_from":"3:00PM","available_to":"9:00PM"}', '', 33, 'https://s3-ap-southeast-1.amazonaws.com/playthoraapp/badges/covers/rectangle.png', 2, 40, 1),
(2, 'Testing', '', '', '', 'https://s3-ap-southeast-1.amazonaws.com/playthoraapp/vendors/Krupachandra1485960339/IMG_20170201_132258185_HDR.jpg', 0, 0, 'testing@designstring.com', '9591248733', '$2y$10$3o.B/hsPc0Vx76UemrZLO.Qn218DY0FdGHqZx9qEzVbOMI16eB/VO', 317118, '2017-01-05 03:45:45', '2017-02-13 06:27:22', '', 2, '', 1, NULL, 1, '', '', NULL, 'https://s3-ap-southeast-1.amazonaws.com/playthoraapp/badges/covers/Playthora_UI_Novice.png', 0, 0, 1),
(3, 'Rakesh Hari Das', '26.4943694', '83.1260298', '', 'https://fb-s-b-a.akamaihd.net/h-ak-xpf1/v/t1.0-1/p50x50/14716283_10157597166115302_4293770897906140336_n.jpg?oh=a8a77df69bffcca3d606dc5618fc1f00&oe=5915D953&__gda__=1495216084_55d5e3aab0a08a7f4c2338014dcca59c', 0, 1, 'haridas.rakesh@gmail.com', '9400739333', '', 112645, '2017-01-13 16:36:55', '2017-01-19 15:13:55', 'Kor Raicha, Uttar Pradesh, India', 3, '', 1, 'EAAEf47ZAtxJEBAPBk3VAV5SGYDcb2pEmBYhCbOFfkRq6BJJjZCtHwRXCQ2JhFxGAx2xgWcZAL9uLncPs4OsJDpfwGZAoYVToK13Nx5EsUxZAXxcLFKBC97HUj9vSRBRoRH6FBbNjLwiZCTqJSQGQvSUZBorWNch4UDPdI57Yk2ObK6GPB72rKACM6ZAdZCqDezeqURuoI4XsOZCddMOHZB2orz1', 0, NULL, '', NULL, 'https://s3-ap-southeast-1.amazonaws.com/playthoraapp/badges/covers/Playthora_UI_Novice.png', 1, 0, 1),
(4, 'Jacob Rohan Joseph', '12.9715987', '77.5945627', 'Amateur sports champion', 'https://graph.facebook.com/10157884639670287/picture?type=large', 0, 1, 'jrohanjoseph@gmail.com', '9008440990', '', 443262, '2017-01-13 16:23:01', '2017-02-13 07:05:05', 'Bengaluru, Karnataka, India', 3, '', 1, 'EAAEf47ZAtxJEBAEZBaPypRonYT3d27sqG5z8Hnofy5fUyM5NvJrvmm28ZBdCYqhvVJSIjiZC9tqraPYoWc53NesXyqnvhapt7yj6ZCBP2ZCmCkCbvl4tf348BMRx0VzjfHxLcF0HlUr4lfJqb9jaAPZCOSZCPW0z5pLE7e0ECG2c0IrUEHPe2mgpkcujDdwHxtPWJ1ugM3EBlwZDZD', 0, '{"days":["thursday","friday","saturday"],"available_from":"7:00PM","available_to":"10:00PM"}', '', NULL, 'https://s3-ap-southeast-1.amazonaws.com/playthoraapp/badges/covers/Playthora_UI_Novice.png', 1, 8, 1),
(5, 'Nabil Ahmed', '12.9715987', '77.5945627', '', 'https://graph.facebook.com/10158016591970076/picture?type=large', 0, 1, 'nabthekidu@gmail.com', '7012526847', '', 780334, '2017-01-13 16:24:53', '2017-02-13 07:06:01', 'Bangalore, Karnataka, India', 3, '', 1, 'EAAEf47ZAtxJEBAACtfZBXFZABICfJ1jxspHAtk4tpyRruf1DVcDZAOzWsugZCVmZB1fTALEnvWFVsbTfR87dk35nH0ojR4rqOsZC6o9qZB7pxSN9H0VxZALiyn1Kc2xCfvla1MIqmaQEe4ZAK34hIR1ykOKteJ6ioMgleUhbxlBIYmbKcaFiBaTBrG0ZB4t23jnNgDKT037FS9dbbbUeZB9ruDHy', 0, NULL, '', NULL, 'https://s3-ap-southeast-1.amazonaws.com/playthoraapp/badges/covers/Playthora_UI_Novice.png', 1, 8, 1),
(6, 'Agastya', '12.9715987', '77.5945627', '', 'https://s3-ap-southeast-1.amazonaws.com/playthoraapp/players/Agastya1483591939/Daily1483591937759.jpg', 0, 0, 'bharath.p@designstring.com', '9591248733', '$2y$10$3o.B/hsPc0Vx76UemrZLO.Qn218DY0FdGHqZx9qEzVbOMI16eB/VO', 863810, '2017-01-05 04:51:00', '2017-02-14 04:05:13', 'Bangalore, Karnataka, India', 3, '', 1, NULL, 1, '', '', NULL, 'https://s3-ap-southeast-1.amazonaws.com/playthoraapp/badges/covers/Artboard+Copy+4.png', 3, 40, 1),
(7, 'Nakul K Jagadish', '12.9110621', '77.6432687', '', 'https://lh6.googleusercontent.com/-XbTZZso4E8M/AAAAAAAAAAI/AAAAAAAAAE8/05vkL9PY4J4/photo.jpg', 0, 1, 'nakul@designstring.com', '9035234150', '', 737871, '2017-01-05 04:56:47', '2017-01-26 09:57:01', 'Bengaluru, Karnataka, ', 3, '', 1, '4/nYiDrik5DAxSSHFNoby3iIVabOXZbXQTxsI9wd65hDw', 1, '', '', NULL, 'https://s3-ap-southeast-1.amazonaws.com/playthoraapp/badges/covers/Playthora_UI_Novice.png', 1, 4, 1),
(8, 'Arjun', '12.9715987', '77.5945627', '', 'https://s3-ap-southeast-1.amazonaws.com/playthoraapp/players/Arjun1483592548/Daily1483592547230.jpg', 0, 0, 'arjun_sanu@gmail.com', '9483638838', '$2y$10$fm4Ee/cpwp/SX0kJRVsl8uLxN7LHQO5BRpQkcMSnNwq0Lse/puGre', 646142, '2017-01-05 05:00:05', '2017-02-14 03:22:38', 'Bangalore, Karnataka, India', 3, '', 1, NULL, 1, '', '', NULL, 'https://s3-ap-southeast-1.amazonaws.com/playthoraapp/badges/covers/rectangle.png', 2, 12, 1),
(10, 'Vaishakha Hk', '12.9715987', '77.5945627', '', 'https://i.ytimg.com/vi/x8HjCP3LqHo/mqdefault.jpg', 1, 1, 'vaishakha@designstring.com', '8105822793', '$2y$10$WCCwpZGnhk62sGavSas44esZIvLDnEpgMfZpCdRjTRSoA9dFfzo8m', 619125, '2017-01-05 05:25:56', '2017-02-14 14:14:45', 'Bangalore, Karnataka, India', 3, '', 1, 'EAAEf47ZAtxJEBAEHHBFY865rYYdR8GyfCeGnfLgDPZCPd3C3kzFnfxhb1jVtkFGeDQxiB7HBDS1JJulV1XYfWU9TItflZC18mnpgVRrrMZCyB7aG21csRcukUnFZAUAGKDZBCHZC7r4DV6VfZA52CBfMTHhLzkqK6OvqvbB9OqZC6ygZDZD', 0, '', '', NULL, 'https://s3-ap-southeast-1.amazonaws.com/playthoraapp/badges/covers/Artboard+Copy+4.png', 3, 48, 1),
(11, 'nakul', '12.9715987', '77.5945627', '', 'https://s3-ap-southeast-1.amazonaws.com/playthoraapp/players/nakul1483594500/Daily1483594493378.jpg', 0, 0, 'nakul@des.com', '9538530659', '$2y$10$hfocAdc97Va52oIBPeKB1ehcADmPdDF2KrBYyxCLP29hVqa8DFNzC', 524222, '2017-01-05 05:33:47', '2017-02-10 15:05:09', 'Bengaluru, Karnataka, India', 3, '', 1, NULL, 1, '', '', NULL, 'https://s3-ap-southeast-1.amazonaws.com/playthoraapp/badges/covers/rectangle.png', 2, 24, 1),
(13, 'Hemant R', '12.9110295', '77.643293', '', 'https://lh3.googleusercontent.com/-1vy8Uu3iyEo/AAAAAAAAAAI/AAAAAAAAAA4/avXVC-advmU/photo.jpg', 1, 1, 'hemant@designstring.com', '9035234150', '$2y$10$xUUR2SL5d2g2NI8M1xc0tOJw0zTv7BdLDVQN87SKKOdZjAbIgpHi2', 389845, '2017-01-05 05:49:24', '2017-02-15 05:45:28', 'Bengaluru, Karnataka, ', 3, '', 1, '4/109Rfm0d8yvtfZQikbF0v7mWPsKG_O0lS4DnmpWtV5o', 0, '{"days":["saturday","sunday"],"available_from":"3:09PM","available_to":"3:33PM"}', '', 5, 'https://s3-ap-southeast-1.amazonaws.com/playthoraapp/badges/covers/Artboard+Copy.png', 14, 6028, 1),
(14, 'Murugan D', '0.0', '0.0', '', 'https://lh6.googleusercontent.com/-_-6yWsGqy_g/AAAAAAAAAAI/AAAAAAAAACA/2ikttrAluaQ/photo.jpg', 0, 1, 'murugan@designstring.com', '8123945027', '', 283125, '2017-01-05 06:04:21', '2017-01-26 09:57:01', '', 3, '', 1, '4/WKQQCj62RsHc_K4D2y688M0KPdsxoT37195-ePpkOyQ', 1, '', '', NULL, 'https://s3-ap-southeast-1.amazonaws.com/playthoraapp/badges/covers/Playthora_UI_Novice.png', 1, 8, 1),
(15, 'Bhaskar Tripathi', '0.0', '0.0', '', 'https://scontent.xx.fbcdn.net/v/t1.0-1/p50x50/15894821_1553727488030576_2978503598564902238_n.jpg?oh=cb807addd258d74fb15e091224a862ee&oe=58EB05BE', 0, 1, 'tripathi.bhaskar5@gmail.com', '8904626162', '', 705154, '2017-01-05 06:24:33', '2017-02-10 15:05:09', '98, HSR Layout, Bengaluru, Karnataka, ', 3, '', 1, 'EAAEf47ZAtxJEBAAdXV7qsDOfJqBF8lc6Wh9SFfwt5cYuDBKuryU8XsE4cZCdCGI3gRT273kEVhXlZC0MDzpd2NG6D45Dn4zghmZAT9sE64U3TnZCs7sLC7H8gbpf4nvosJfeMEkzZAPKStskOzPZA2XfZBnwYTu9QyAZCmCHfjftmn9c7g8zdWkzjkkEV9korSUzV3JaLuJO9UGRXBf7ETFvY', 1, '', '', NULL, 'https://s3-ap-southeast-1.amazonaws.com/playthoraapp/badges/covers/Playthora_UI_Novice.png', 0, 12, 1),
(16, 'Hemanth', '12.9715987', '77.5945627', '', '', 0, 0, 'hemi@gmail.com', '9035234150', '$2y$10$IO9w2aPIpMsSTszUpif15uE8/HBCUreYQcETm7503w5ThUSIAnYmy', 964673, '2017-01-05 06:50:07', '2017-02-14 03:19:57', 'Bangalore, Karnataka, India', 3, '', 1, NULL, 1, '', '', NULL, 'https://s3-ap-southeast-1.amazonaws.com/playthoraapp/badges/covers/Playthora_UI_Novice.png', 1, 4, 1),
(17, 'Hemanth', '17.3105142', '78.3187871', '', 'https://s3-ap-southeast-1.amazonaws.com/playthoraapp/players/Hemanth1483599273/playthora1482313330972.jpeg', 0, 0, 'hemi@yahoo.com', '9035234150', '$2y$10$QPO0RoDU79whH3S8lQ4hH.kSp9UYU56jXR4bmCtkqOglcqvCiu/eq', 886471, '2017-01-05 06:53:17', '2017-01-26 09:57:01', 'Bangaliguda, Telangana, India', 3, '', 1, NULL, 1, '', '', NULL, 'https://s3-ap-southeast-1.amazonaws.com/playthoraapp/badges/covers/Playthora_UI_Novice.png', 1, 4, 1),
(18, 'Pramod', '0.0', '0.0', '', '', 0, 0, 'pramod@designstring.com', '9483638838', '$2y$10$5a6VH5FPOqAMN4KTaxGpHONYbietxciH0/uK4Y5rj/xJgMSc2cwSC', 315181, '2017-01-05 07:27:21', '2017-01-26 09:57:01', 'Mysore', 3, '', 1, NULL, 1, '', '', NULL, 'https://s3-ap-southeast-1.amazonaws.com/playthoraapp/badges/covers/Playthora_UI_Novice.png', 0, 4, 1),
(19, 'Pammi', '12.9715987', '77.5945627', '', '', 0, 0, 'pramod@yahoo.com', '9483638838', '$2y$10$3bQVf2g3jC7yLAHmtsESde1fm3ujAyFnAvUxIwmjJEvpqLRhvRUHC', 347972, '2017-01-05 10:44:52', '2017-01-05 10:45:36', 'Bangalore, Karnataka, India', 3, '', 1, NULL, 1, '', '', NULL, 'https://s3-ap-southeast-1.amazonaws.com/playthoraapp/badges/covers/Playthora_UI_Novice.png', 0, 0, 1),
(20, 'Ruthwick S Rai', '13.657554', '78.2625728', '', 'https://scontent.xx.fbcdn.net/v/t1.0-1/p50x50/15202572_1278876555506642_210463228768860055_n.jpg?oh=d5c7f483a28e760498e189359dce88cf&oe=5900B72E', 1, 1, 'ruthwick007@gmail.com', '8892535182', '', 573649, '2017-01-06 10:26:29', '2017-02-14 14:52:11', 'B.Kothakota, Andhra Pradesh, India', 3, '', 1, '4/mlbZAF12TbRGcBEqcYll-SH-WToAe0E-59wIjUtnQm8', 0, '', '', NULL, 'https://s3-ap-southeast-1.amazonaws.com/playthoraapp/badges/covers/Playthora_UI_Novice.png', 1, 0, 1),
(21, 'Pramod Kumar', '12.9110749', '77.6432432', '', 'https://lh6.googleusercontent.com/-tbMp1-si588/AAAAAAAAAAI/AAAAAAAAAcM/_t7fcQ7zUHk/photo.jpg', 0, 1, 'pramod.maisur@gmail.com', '9035234150', '', 592563, '2017-01-16 09:20:17', '2017-01-24 05:19:31', 'Bengaluru, Karnataka, ', 3, '', 1, '4/8Ddd379wyY2w2iMVrTsgo1K9SDNFpVKPtYNfysT83HQ', 1, NULL, '', NULL, 'https://s3-ap-southeast-1.amazonaws.com/playthoraapp/badges/covers/Playthora_UI_Novice.png', 1, 0, 1),
(25, 'Nakul Jagadish', '12.9715987', '77.5945627', '', 'https://lh6.googleusercontent.com/-rYdhstcRcak/AAAAAAAAAAI/AAAAAAAAACg/nnieOaZn7RQ/photo.jpg', 0, 1, 'nakulkjagadish@gmail.com', '9035234150', '', 920228, '2017-01-19 13:57:07', '2017-01-20 07:27:34', 'Bangalore, Karnataka, India', 3, '', 1, '4/p0oN-3eV0fTWQHN1GuX0-Kvz6l7D4EcUemwHPegewuQ', 1, NULL, '', NULL, 'https://s3-ap-southeast-1.amazonaws.com/playthoraapp/badges/covers/Playthora_UI_Novice.png', 1, 0, 1),
(26, 'Hemanth Kumar Hemanth Hemu', '15.4072869', '78.4563671', '', 'https://s3-ap-southeast-1.amazonaws.com/playthoraapp/players/Hemanth_Kumar_Hemanth_Hemu1484920676/1483625249752.jpg', 0, 0, 'hemanth@yahoo.com', '9035234150', '$2y$10$k/fwYvN2wVkCafMdO4pq4eQDnM3QoP3zmZkqrKlgkexyRldmh7i9a', 221414, '2017-01-20 07:33:33', '2017-01-20 14:04:13', 'H S Kottala, Andhra Pradesh, India', 3, '', 1, NULL, 1, '{"days":[],"available_from":"7:28PM","available_to":"7:28PM"}', '', NULL, 'https://s3-ap-southeast-1.amazonaws.com/playthoraapp/badges/covers/rectangle.png', 2, 10, 1),
(27, 'Yashwanth Play', '12.9110412', '77.6432764', '', 'https://s3-ap-southeast-1.amazonaws.com/playthoraapp/players/Yashwanth1485230901/Daily1485230899389.jpg', 0, 0, 'yash+playthora@designstring.com', '8123426194', '$2y$10$ZMWl0IkdIBn.xa2DrwG7ReN59ICUcxDz2opPb.vCbdfC.p5FR1RwG', 938478, '2017-01-24 04:05:23', '2017-02-10 15:05:09', 'Bengaluru, Karnataka, ', 3, '', 1, NULL, 1, NULL, '', NULL, 'https://s3-ap-southeast-1.amazonaws.com/playthoraapp/badges/covers/Playthora_UI_Novice.png', 1, 12, 1),
(28, 'Hemanth', '31.9577106', '76.4049637', '', 'https://s3-ap-southeast-1.amazonaws.com/playthoraapp/players/Hemanth1485336746/1482325033273.jpg', 0, 0, 'hemanth@gmail.com', '9035234150', '$2y$10$IwnzlvXB21ZFpqloSU260.z.9YNOQ3/Cr1T8lDtDRwimHBvSAdjfS', 826950, '2017-01-24 04:44:34', '2017-01-25 13:32:51', 'Bangal, Himachal Pradesh, India', 3, '', 1, NULL, 1, '{"days":[],"available_from":"","available_to":""}', '', NULL, 'https://s3-ap-southeast-1.amazonaws.com/playthoraapp/badges/covers/Playthora_UI_Novice.png', 1, 0, 1),
(29, 'Hemanth R', '12.9110494', '77.643224', 'hello', 'https://s3-ap-southeast-1.amazonaws.com/playthoraapp/players/Hemanth_R1485234472/IMG_20161215_220801.jpg', 0, 0, 'hemanth@yahool.com', '9035234150', '$2y$10$jSeP4ByFLguiZ1nctBOXpu8F7qpaZVtiL.xKk9fAQFD7I5D4Gixb.', 494370, '2017-01-24 04:49:12', '2017-02-13 04:29:38', 'Bengaluru, Karnataka, ', 3, '', 1, NULL, 1, '{"days":[],"available_from":"","available_to":""}', '', NULL, 'https://s3-ap-southeast-1.amazonaws.com/playthoraapp/badges/covers/Playthora_UI_Novice.png', 1, 4, 1),
(30, 'Punith Bm', '12.9110737', '77.6431925', '', 'https://graph.facebook.com/1435560486469093/picture?type=large', 0, 1, 'punith.pbm@gmail.com', '9481073845', '', 882359, '2017-01-25 02:00:26', '2017-02-21 11:19:58', 'Bengaluru, Karnataka, ', 3, '', 1, 'EAAEf47ZAtxJEBAOCzouezvoZCn34L5yxK3V1n2jvQNaN0VYcj0xYnhKvEaW0pGyu8mAptGGqtrTe12hA7WkKWWmZAl1kQ7Wkdo6GI0ZBCEyvSfyJH874Su6O4mTF9BKgBkGDngGIkRsAPNkKeCR0ciexVZCzq1hQJdndS84bxcvVpzzMb7xv1', 0, NULL, '', NULL, 'https://s3-ap-southeast-1.amazonaws.com/playthoraapp/badges/covers/rectangle.png', 2, 20, 1),
(31, 'Bharath Vasu', '12.9110402', '77.6432362', '', 'https://scontent.xx.fbcdn.net/v/t1.0-1/p50x50/13043365_1099593826748751_2182681577198801914_n.jpg?oh=c3f70c7e77f0e8262c8da1f4889cde25&oe=59092407', 0, 1, 'bharath555vasu@gmail.com', '9035234150', '', 699396, '2017-01-25 06:05:51', '2017-01-25 06:16:12', 'Bengaluru, Karnataka, ', 3, '', 1, 'EAAEf47ZAtxJEBAAVZClKJgeH29kd4D0p4KEyrkV7kOi4eqAGx5GuO0PEWUiHbKxbNgg8ZCNZChOK1cFQdRzSXokWjduR9K6x9GDfGGktEvDE1zBna4quOt2SHmmjPZB2fPt5MZAtI7c8iZCCZBCq2juNONgIuSD7meGvmEk4xPu6hBuwsWTuZAhcJhTCZCMFGRgjeF08crWHBGZCNVYmwgZBFChk', 1, NULL, '', NULL, 'https://s3-ap-southeast-1.amazonaws.com/playthoraapp/badges/covers/Playthora_UI_Novice.png', 1, 4, 1),
(32, 'Hemanth Hemi', '12.9109992', '77.6433211', '', 'https://graph.facebook.com/1167331776683543/picture?type=large', 0, 1, 'hemanthmech.r2@gmail.com', '9035234150', '', 257180, '2017-01-25 08:10:01', '2017-02-09 12:36:17', 'Bengaluru, Karnataka, ', 3, '', 1, 'EAAEf47ZAtxJEBAG4i7BcEOFkVEwB5C7WV6bXcuBmXxAgWZCJe419VBNO4aPz2cJNqTvpLFVKbWIIyVm3ZBgIciYVz1M1gZBgHxOXeBsyAZCRYJPZC84G5NMsv27xd7cBDzgSeclP84XZA0ivFVeGQUugRZCWMQxkWx5HkmkulshOHMmjPPmiI7kGbZBTXIa4qreXU9GooknEr4KctT48KP8KH', 1, NULL, '', NULL, 'https://s3-ap-southeast-1.amazonaws.com/playthoraapp/badges/covers/Playthora_UI_Novice.png', 1, 4, 1),
(33, 'Jacob Rohan Joseph', '12.9189799', '77.6199523', '', 'https://scontent.xx.fbcdn.net/v/t1.0-1/p50x50/15420795_10157904211125287_2244117669012633484_n.jpg?oh=2fc192d1aab5ab95e45ee90f46415f61&oe=5911F582', 0, 1, 'jrohanjoseph@gmail.com', '9008440990', '', 133975, '2017-01-25 16:20:24', '2017-01-26 13:31:29', 'Bengaluru, Karnataka, ', 3, '', 1, 'EAAEf47ZAtxJEBAIKZBZCBxfLZAMNdq97ATcyiJvPFamt4ctTqH4k2JWnJcNIqEmPHiqXaxJZB2AvdBk4ELGTm3ZBD5QIdhd6APLGH1KdxZA9cgriQhto1BXpHhe9TsJ8ZCwF5jDXjUNPOlLZAzAKX8y6OkoBc02x9UQnRyvnS7PlnZAlDISHuYwXtJvNyr4VZB4F4HhxE3ZAWNNCYP3JtFg9z0iO', 1, '{"days":["saturday","friday","sunday"],"available_from":"6:00PM","available_to":"9:30PM"}', 'HSR CLUB, hsr layout,BTM CLUB, BTM layout,Foolball CLUB, jpnagar', 32, 'https://s3-ap-southeast-1.amazonaws.com/playthoraapp/badges/covers/Playthora_UI_Novice.png', 1, 4, 1),
(34, 'Nabil Ahmed', '12.9715987', '77.5945627', '', 'https://scontent.xx.fbcdn.net/v/t1.0-1/p50x50/16265990_10158116836950076_4972178155188443120_n.jpg?oh=f27c754a6790157caac173b77c63de26&oe=5904E8AC', 0, 1, 'nabthekidu@gmail.com', '7012526847', '', 952028, '2017-01-25 16:27:48', '2017-02-10 04:31:51', 'Bangalore, Karnataka, India', 3, '', 1, 'EAAEf47ZAtxJEBADoEaZBO7reECny81aT9v00ZBq2hTUayhF3ZAZCQRuxBEoxl1pMl1SughZAFGoc60qVrfP1OqOZBHR1AwITCkmVGshRG2JWBfkVn34vPRqGZBUWiJDXfoDMBES8FLOfAYVF2iXxguTRSlOtCfeGRmSHI8ZCBDAJ4sB5JkfpZCH0yXgRFFcnnCSGMWxVFyVnQano6ajmBbQTKg', 1, NULL, '', NULL, 'https://s3-ap-southeast-1.amazonaws.com/playthoraapp/badges/covers/Playthora_UI_Novice.png', 1, 12, 1),
(35, 'Hemi', '', '', '', '', 0, 0, 'hemu@yahoo.com', '9035234150', '$2y$10$GxzPv69J/BcXSm.0uyax3eemCnZVaS0.rglRynQufDMaC6w0agD6G', 264371, '2017-01-25 16:33:33', '2017-01-25 16:34:03', '', 2, '', 1, NULL, 1, NULL, '', NULL, '', 0, 0, 1),
(36, 'Rakesh Hari Das', '12.9189323', '77.6200056', '', 'https://scontent.xx.fbcdn.net/v/t1.0-1/p50x50/14716283_10157597166115302_4293770897906140336_n.jpg?oh=a8a77df69bffcca3d606dc5618fc1f00&oe=5915D953', 0, 1, 'haridas.rakesh@gmail.com', '9400739333', '', 571985, '2017-01-26 07:07:21', '2017-01-26 10:47:08', 'Bengaluru, Karnataka, ', 3, '', 1, 'EAAEf47ZAtxJEBAOQWT6zLiCkXMt9KIRreUhwXMW3ARtVo8DekAoE7ParY8X0uT8vEFKlc8BoYvNLd41fal4WaWzDZCYVC2znzFWeHcNT1iNmYYm6jlrjVU4MDhIXW6PIfcOuX13eEC4MUSEV3mmH7U7smFHZBiFLkFvrmdEJJ3gfRp823ZCbz4qRwsNDm9x6jcCsjRAgZCv5bUbK0lfmO', 1, NULL, '', NULL, 'https://s3-ap-southeast-1.amazonaws.com/playthoraapp/badges/covers/Playthora_UI_Novice.png', 1, 4, 1),
(37, 'Hemi', '', '', '', '', 0, 0, 'hem@yahool.com', '9035234150', '$2y$10$53t7XGBNdDd31FJp2zUTiuEpT6knt4vBxA0s9XH5Wy7uwMWlmKS7i', 126447, '2017-01-26 11:09:38', '2017-01-26 11:10:31', '', 3, '', 1, NULL, 1, NULL, '', NULL, 'https://s3-ap-southeast-1.amazonaws.com/playthoraapp/badges/covers/Playthora_UI_Novice.png', 1, 0, 1),
(38, 'Pramod', '12.9715987', '77.5945627', '', '', 0, 0, 'pammi@gmail.com', '9035234150', '$2y$10$n5Rn/3rzMEbVCD5jxzNLcOOEaTxRTsiMM/s9pWBitsqBAzATCKjpy', 386843, '2017-01-26 13:40:19', '2017-01-26 13:41:48', 'Bangalore, Karnataka, India', 3, '', 1, NULL, 1, NULL, '', NULL, 'https://s3-ap-southeast-1.amazonaws.com/playthoraapp/badges/covers/Playthora_UI_Novice.png', 1, 0, 1),
(39, 'Hemanth Kumar', '', '', '', '', 0, 0, 'hemanthkumar@gmail.com', '9035234150', '$2y$10$v.2ZlvA8AnOwdWSoRG4FI.FAVY2iZ78H21DG3RvkI9NjCbb.2GIQC', 748911, '2017-02-01 07:09:24', '2017-02-01 07:14:23', '', 2, '', 1, NULL, 1, NULL, '', NULL, '', 0, 0, 1),
(40, 'Hem', '', '', '', '', 0, 0, 'hem@gmail.com', '9035234150', '$2y$10$hJHKP/mGOnPWOYgvT1ODLez05KQOzsGrSBdjMJ1tTNGd6hIWUR012', 521028, '2017-02-01 07:32:21', '2017-02-01 07:40:24', '', 2, '', 1, NULL, 1, NULL, '', NULL, '', 0, 0, 1),
(41, 'Admin', '', '', '', '', 0, 0, 'admin@designstring.com', '9035234150', '$2y$10$3o.B/hsPc0Vx76UemrZLO.Qn218DY0FdGHqZx9qEzVbOMI16eB/VO', 165825, '2017-02-01 08:00:58', '2017-02-20 07:54:37', '', 1, '7VCWoG25mRkIiSr9h6wlEoqQFyvsHPxzI6E7sFhULxwDUAaIDdHkurUQ41lp', 1, NULL, 1, NULL, '', NULL, '', 0, 0, 1),
(42, 'Jacob Rohan Joseph', '', '', '', 'https://s3-ap-southeast-1.amazonaws.com/playthoraapp/vendors/Jacob_Rohan_Joseph1485981106/IMG_20170123_231953.jpg', 0, 0, 'jacob@playthora.co', '9008440990', '$2y$10$Fwcx58.vkC2DgoCwRgQV7ulrp72S6s77P0wIYohhLtj81FaX5Mam.', 211208, '2017-02-01 17:33:03', '2017-02-01 20:31:48', '', 2, '', 1, NULL, 1, NULL, '', NULL, '', 0, 0, 1),
(43, 'Hemanth Hemi', '', '', '', '', 0, 0, 'hemu@g.com', '9035234150', '$2y$10$fRIgaYqrTZKRNs3Ib5piwuIyEyp4j78ZquB/guMhHgFsS/Ls0pjf6', 651347, '2017-02-02 04:12:17', '2017-02-02 04:12:43', '', 2, '', 0, NULL, 1, NULL, '', NULL, '', 0, 0, 1),
(44, 'Punith Bm', '', '', '', '', 0, 0, 'puni@gmail.com', '9035234150', '$2y$10$qqn4loV6dAFwlQxCHLc4KO8o6iUBPr51/H5xwhUvnLomZfL.tIIx2', 251818, '2017-02-02 04:15:10', '2017-02-02 04:28:45', '', 2, '', 1, NULL, 1, NULL, '', NULL, '', 0, 0, 1),
(45, 'Hemi', '', '', '', '', 0, 0, 'hemanthrs@gmail.com', '9035234150', '$2y$10$csqVUS6CaxzUDdc.ByluFuAKKiMRIOQy17Oiq9A8XUi1v3CcidHwi', 814569, '2017-02-02 04:25:23', '2017-02-02 04:34:50', '', 2, '', 1, NULL, 1, NULL, '', NULL, '', 0, 0, 1),
(46, 'Hemi', '', '', '', '', 0, 0, 'hem@g.com', '', '$2y$10$fesibDhPNrTCbFXzBvpEB.jlUKQKkaGoelCPCx.4T5DrHn/Vih2JW', 0, '2017-02-02 04:26:12', '2017-02-02 04:26:12', '', 2, '', 0, NULL, 1, NULL, '', NULL, '', 0, 0, 1),
(47, 'Yashwanth New', '', '', '', 'https://s3-ap-southeast-1.amazonaws.com/playthoraapp/vendors/Yashwanth_New1486010936/Daily1486010933750.jpg', 0, 0, 'yash+vendor@designstring.com', '8123426194', '$2y$10$mlo3IQTzZCMcptnRWZoBl.0k2AO5cCzUYRCfgsIcLR6DAw//ckJVO', 553301, '2017-02-02 04:36:05', '2017-02-02 04:48:57', '', 2, '', 1, NULL, 1, NULL, '', NULL, '', 0, 0, 1),
(48, 'Hemi', '', '', '', '', 0, 0, 'hemanthr@gmail.com', '9035234150', '$2y$10$TZTl5l1OOD8YAU7j2H7uaeZMAo8/UC0djPC0JRRxbS2ahlJQx0oPa', 251601, '2017-02-02 04:44:07', '2017-02-02 04:44:31', '', 2, '', 1, NULL, 1, NULL, '', NULL, '', 0, 0, 1),
(49, 'Yash Player', '28.3670355', '79.4304381', 'this is my short bio and i like this', 'https://s3-ap-southeast-1.amazonaws.com/playthoraapp/players/Yash_Player1486012005/Daily1486012003026.jpg', 1, 0, 'yash+player@designstring.com', '9035234150', '$2y$10$KZv0d8EWIZkYi5JbujMRz.C7HbE2sWB/tUNiTgoLKDgY2jRoXY1KS', 507830, '2017-02-02 05:06:01', '2017-02-02 12:57:26', 'Bareilly, Uttar Pradesh, India', 3, '', 1, NULL, 1, '{"days":[],"available_from":"","available_to":""}', '', NULL, 'https://s3-ap-southeast-1.amazonaws.com/playthoraapp/badges/covers/Playthora_UI_Novice.png', 1, 0, 1),
(50, 'Hemanth', '', '', '', '', 0, 0, 'hem@yahoo.com', '9035234150', '$2y$10$B5fPgeRBfxqxV.DZy8pme.yujbAHg5wSu8cjBzoXDibFIvH9AOVCG', 329850, '2017-02-02 09:43:53', '2017-02-02 09:44:24', '', 2, '', 1, NULL, 1, NULL, '', NULL, '', 0, 0, 1),
(51, 'Punith', '', '', '', '', 0, 0, 'punithraj@gmail.com', '9035234150', '$2y$10$wM/53LxuA7M9t9jDrEm7nO5FCaO6/XTGbf9r45Gj960ozm4ok9EF2', 827002, '2017-02-02 10:00:00', '2017-02-02 10:00:38', '', 3, '', 1, NULL, 1, NULL, '', NULL, 'https://s3-ap-southeast-1.amazonaws.com/playthoraapp/badges/covers/Playthora_UI_Novice.png', 1, 0, 1),
(52, 'Me', '12.9715987', '77.5945627', '', '', 0, 0, 'designstring@gmail.com', '9035234150', '$2y$10$sUKmPVNR1EiA6rKtDIIJIeKMb98GxwCQIWYUz5IAjOi6yxrucg/Le', 771961, '2017-02-02 10:14:17', '2017-02-02 10:58:37', 'Bangalore, Karnataka, India', 3, '', 1, NULL, 1, NULL, '', NULL, 'https://s3-ap-southeast-1.amazonaws.com/playthoraapp/badges/covers/Playthora_UI_Novice.png', 1, 0, 1),
(53, 'Nakul', '12.9110528', '77.6432147', '', '', 0, 0, 'nakul@dessi.com', '9538530659', '$2y$10$AWMkbuw6WsE/PWHYvbFqbeTW84yCPdygrcSn7Roc98JHPCCa9c7GW', 751217, '2017-02-03 09:34:48', '2017-02-07 07:23:10', 'Bengaluru, Karnataka, ', 3, '', 1, NULL, 1, NULL, '', NULL, 'https://s3-ap-southeast-1.amazonaws.com/playthoraapp/badges/covers/Playthora_UI_Novice.png', 1, 0, 1),
(54, 'jaison fernando', '13.045931', '80.2650184', '', 'https://s3-ap-southeast-1.amazonaws.com/playthoraapp/players/Place+Holder/Circled+User+Male+Filled-100+(1).png', 0, 1, 'jaisonfdo@gmail.com', '8870929330', '', 663470, '2017-02-09 08:11:01', '2017-02-09 09:53:11', 'Chennai, Tamil Nadu, ', 3, '', 1, '4/vvZ7XApTg3ZhkZMSz3SKG-pcY4rx4xA3g0KRv8uHqaY', 1, '{"days":["saturday","sunday"],"available_from":"11:00PM","available_to":"6:00PM"}', '', NULL, 'https://s3-ap-southeast-1.amazonaws.com/playthoraapp/badges/covers/Playthora_UI_Novice.png', 1, 4, 1),
(55, 'Nakul Kj', '12.9109992', '77.6433211', '', '', 0, 1, 'sayhi2nakul@gmail.com', '9538530659', '', 704499, '2017-02-10 14:38:25', '2017-02-10 18:25:35', 'Bengaluru, Karnataka, ', 3, '', 1, 'EAAEf47ZAtxJEBAEZBAXYdbbZAbZA59IvB3TehZBIjE4qyOoFDn0s0HI3Lx4LNZCoa3pciQ4EJaV9aw1TE9a5Dgg5TIYb0zoXcudmAGi5ke9vwexoxESKkWPkIzZB0ewZAKI17KvEjp3409iQedWjJcX0tl50GuYnp1Xpxl2wiNfQx0qL8fGkmHgMpu6ZAEr44DMOaLIaweL66hX5IiWum1xnK', 0, NULL, '', NULL, 'https://s3-ap-southeast-1.amazonaws.com/playthoraapp/badges/covers/Playthora_UI_Novice.png', 1, 4, 1),
(56, 'Sherlock Homes', '0.0', '0.0', 'fighter', 'https://s3-ap-southeast-1.amazonaws.com/playthoraapp/players/Sherlock_Homes1487047864/IMG_20170203_152140.jpg', 0, 0, 'sherlock@gmail.com', '9591248733', '$2y$10$dIah4V.klk54q.z4WWi44ed5gI2S5PZxjIOlpsZ09587AXa0Eexvu', 350128, '2017-02-13 06:04:24', '2017-02-14 04:53:37', 'London ', 3, '', 1, NULL, 0, '{"days":["monday","friday","thursday","wednesday","tuesday"],"available_from":"7:00AM","available_to":"6:00PM"}', 'HSR CLUB,Foolball CLUB, jpnagar,BTM CLUB, BTM layout,HSR CLUB, hsr layout', 37, 'https://s3-ap-southeast-1.amazonaws.com/playthoraapp/badges/covers/Playthora_UI_Novice.png', 1, 8, 1);

-- --------------------------------------------------------

--
-- Table structure for table `users_games`
--

CREATE TABLE `users_games` (
  `user_id` int(11) NOT NULL,
  `game_id` int(11) NOT NULL,
  `points` int(11) DEFAULT NULL,
  `created_at` datetime DEFAULT NULL,
  `updated_at` datetime DEFAULT NULL,
  `invitation_status` tinyint(4) DEFAULT NULL,
  `is_admin` tinyint(4) DEFAULT NULL,
  `is_super_admin` tinyint(4) DEFAULT NULL,
  `invited_to_pay` int(11) NOT NULL DEFAULT '0',
  `is_requested` int(11) NOT NULL DEFAULT '0'
) ENGINE=InnoDB DEFAULT CHARSET=latin1;

--
-- Dumping data for table `users_games`
--

INSERT INTO `users_games` (`user_id`, `game_id`, `points`, `created_at`, `updated_at`, `invitation_status`, `is_admin`, `is_super_admin`, `invited_to_pay`, `is_requested`) VALUES
(1, 49, 0, '2017-01-26 00:33:05', '2017-01-26 00:33:05', 1, 1, 1, 0, 0),
(1, 50, 0, '2017-01-26 09:57:01', '2017-01-26 09:57:01', 1, 1, 1, 0, 0),
(1, 60, 0, '2017-01-26 00:33:27', '2017-01-26 00:33:27', 0, 0, 0, 0, 1),
(1, 68, 0, '2017-01-30 06:26:35', '2017-01-30 06:26:35', 1, 1, 1, 0, 0),
(1, 74, 0, '2017-01-30 06:33:21', '2017-01-30 06:33:21', 1, 1, 1, 0, 0),
(1, 76, 0, '2017-01-30 10:58:14', '2017-01-30 10:58:14', 1, 1, 1, 0, 0),
(1, 77, 0, '2017-01-30 11:31:59', '2017-02-01 05:33:44', 1, 1, 0, 1, 0),
(1, 78, 0, '2017-02-01 10:45:26', '2017-02-01 10:45:26', 0, 0, 0, 0, 0),
(1, 81, 0, '2017-02-01 12:18:33', '2017-02-01 12:18:33', 0, 0, 0, 0, 0),
(1, 84, 0, '2017-02-13 04:29:38', '2017-02-13 04:29:38', 1, 0, 0, 0, 0),
(1, 89, 0, '2017-02-10 04:30:47', '2017-02-10 04:30:47', 1, 1, 1, 0, 0),
(1, 94, 0, '2017-02-10 04:31:51', '2017-02-10 04:31:51', 1, 0, 0, 0, 0),
(1, 99, 0, '2017-02-10 10:19:10', '2017-02-10 10:19:10', 1, 0, 0, 0, 0),
(1, 101, 0, '2017-02-10 15:05:09', '2017-02-10 15:05:09', 1, 0, 0, 0, 0),
(4, 99, 0, '2017-02-10 10:19:09', '2017-02-10 10:19:09', 1, 1, 1, 0, 0),
(4, 101, 0, '2017-02-10 15:05:09', '2017-02-10 15:05:09', 1, 1, 1, 0, 0),
(5, 99, 0, '2017-02-10 10:19:10', '2017-02-10 10:19:10', 1, 0, 0, 0, 0),
(5, 101, 0, '2017-02-10 15:05:09', '2017-02-10 15:05:09', 1, 0, 0, 0, 0),
(6, 4, 0, '2017-01-18 10:32:19', '2017-01-18 10:32:19', 1, 0, 0, 0, 0),
(6, 5, 0, '2017-01-18 09:31:15', '2017-01-18 09:31:15', 1, 0, 0, 0, 0),
(6, 6, 0, '2017-01-18 07:20:12', '2017-01-18 09:56:40', 0, 0, 0, 1, 1),
(6, 7, 0, '2017-01-18 07:29:33', '2017-01-18 07:29:33', 0, 0, 0, 0, 1),
(6, 10, 0, '2017-01-18 10:14:28', '2017-01-31 10:17:04', 1, 0, 0, 0, 0),
(6, 11, 0, '2017-01-18 11:24:53', '2017-01-18 11:24:53', 0, 0, 0, 0, 0),
(6, 12, 0, '2017-01-18 13:27:32', '2017-01-18 13:28:29', 1, 0, 0, 0, 0),
(6, 14, 0, '2017-01-18 14:05:37', '2017-01-18 14:05:37', 1, 0, 0, 0, 0),
(6, 15, 0, '2017-01-19 01:45:04', '2017-01-19 01:45:04', 0, 0, 0, 0, 0),
(6, 16, 0, '2017-01-19 06:07:18', '2017-01-19 06:07:18', 1, 0, 0, 0, 0),
(6, 19, 0, '2017-01-19 05:13:29', '2017-01-19 05:13:34', 1, 0, 0, 0, 0),
(6, 20, 0, '2017-01-19 10:19:30', '2017-01-19 10:19:30', 1, 0, 0, 0, 0),
(6, 21, 0, '2017-01-19 08:10:01', '2017-01-19 08:13:05', 1, 0, 0, 0, 0),
(6, 22, 0, '2017-01-20 13:25:46', '2017-01-20 13:25:46', 1, 0, 0, 0, 0),
(6, 23, 0, '2017-01-19 09:09:29', '2017-01-19 09:09:29', 0, 0, 0, 0, 0),
(6, 24, 0, '2017-01-20 06:04:27', '2017-01-20 06:04:27', 1, 0, 0, 0, 0),
(6, 26, 0, '2017-01-19 10:07:44', '2017-01-19 10:07:44', 0, 0, 0, 0, 0),
(6, 27, 0, '2017-01-19 10:43:18', '2017-01-19 10:43:18', 1, 0, 0, 0, 0),
(6, 30, 0, '2017-01-19 13:59:34', '2017-01-19 13:59:34', 0, 0, 0, 0, 0),
(6, 34, 0, '2017-01-20 09:38:57', '2017-01-20 09:38:57', 1, 0, 0, 0, 0),
(6, 41, 0, '2017-01-20 12:50:12', '2017-01-20 12:50:12', 1, 0, 0, 0, 0),
(6, 45, 0, '2017-01-23 10:38:09', '2017-01-23 10:38:09', 1, 0, 0, 0, 0),
(6, 49, 0, '2017-01-26 00:33:05', '2017-01-26 00:33:05', 1, 0, 0, 0, 0),
(6, 54, 0, '2017-01-24 05:16:55', '2017-01-24 05:16:55', 0, 0, 0, 0, 0),
(6, 56, 0, '2017-01-24 06:05:34', '2017-01-24 06:05:34', 0, 0, 0, 0, 0),
(6, 58, 0, '2017-01-24 12:44:26', '2017-01-24 12:44:26', 0, 0, 0, 0, 0),
(6, 59, 0, '2017-01-24 13:15:36', '2017-01-25 07:21:06', 1, 0, 0, 0, 0),
(6, 60, 0, '2017-01-25 07:22:33', '2017-01-25 07:22:33', 1, 1, 1, 0, 0),
(6, 61, 0, '2017-01-25 13:16:05', '2017-01-25 13:16:05', 0, 0, 0, 0, 0),
(6, 62, 0, '2017-01-26 00:12:25', '2017-01-26 00:12:25', 0, 0, 0, 0, 0),
(6, 65, 0, '2017-01-26 07:58:57', '2017-01-26 07:58:57', 0, 0, 0, 0, 0),
(6, 70, 0, '2017-01-26 13:21:50', '2017-01-26 13:21:50', 0, 0, 0, 0, 0),
(6, 73, 0, '2017-01-27 07:24:54', '2017-01-27 07:24:54', 0, 0, 0, 0, 0),
(6, 76, 0, '2017-01-30 10:58:14', '2017-01-30 10:58:14', 0, 0, 0, 0, 0),
(6, 77, 0, '2017-01-30 11:31:59', '2017-01-30 11:31:59', 0, 0, 0, 0, 0),
(6, 91, 0, '2017-02-09 11:25:13', '2017-02-09 11:25:13', 1, 0, 0, 0, 0),
(6, 92, 0, '2017-02-13 15:48:19', '2017-02-13 15:48:19', 1, 0, 0, 0, 0),
(6, 94, 0, '2017-02-10 04:31:51', '2017-02-10 04:31:51', 1, 1, 1, 0, 0),
(6, 100, 0, '2017-02-10 06:14:44', '2017-02-10 06:14:44', 1, 1, 1, 0, 0),
(6, 103, 0, '2017-02-13 06:26:17', '2017-02-13 06:26:17', 0, 0, 0, 0, 0),
(7, 26, 0, '2017-01-19 10:07:44', '2017-01-19 10:07:44', 1, 1, 1, 0, 0),
(7, 50, 0, '2017-01-26 09:57:01', '2017-01-26 09:57:01', 1, 0, 0, 0, 0),
(7, 56, 0, '2017-01-24 06:05:34', '2017-01-24 06:05:34', 0, 0, 0, 0, 0),
(7, 62, 0, '2017-01-26 00:12:25', '2017-01-26 00:12:33', 0, 0, 0, 1, 0),
(7, 70, 0, '2017-01-26 13:21:50', '2017-01-26 13:21:50', 0, 0, 0, 0, 0),
(7, 73, 0, '2017-01-27 07:24:54', '2017-01-27 07:24:54', 0, 0, 0, 0, 0),
(7, 79, 0, '2017-02-01 12:16:16', '2017-02-01 12:16:16', 0, 0, 0, 0, 0),
(8, 49, 0, '2017-01-26 00:33:05', '2017-01-26 00:33:05', 1, 0, 0, 0, 0),
(8, 50, 0, '2017-01-26 09:57:01', '2017-01-26 09:57:01', 1, 0, 0, 0, 0),
(8, 56, 0, '2017-01-24 06:05:34', '2017-01-24 06:05:34', 0, 0, 0, 0, 0),
(8, 62, 0, '2017-01-26 00:12:25', '2017-01-26 00:12:25', 0, 0, 0, 0, 0),
(8, 65, 0, '2017-01-26 07:58:57', '2017-01-26 07:58:57', 0, 0, 0, 0, 0),
(8, 70, 0, '2017-01-26 13:21:50', '2017-01-26 13:21:50', 0, 0, 0, 0, 0),
(8, 73, 0, '2017-01-27 07:24:54', '2017-01-27 07:24:54', 0, 0, 0, 0, 0),
(8, 79, 0, '2017-02-01 12:16:16', '2017-02-01 12:16:16', 0, 0, 0, 0, 0),
(8, 89, 0, '2017-02-10 04:30:47', '2017-02-10 04:30:47', 1, 0, 0, 0, 0),
(9, 48, 0, '2017-01-23 10:27:49', '2017-01-23 10:27:49', 0, 0, 0, 0, 0),
(9, 56, 0, '2017-01-24 06:05:34', '2017-01-24 06:05:34', 0, 0, 0, 0, 0),
(10, 4, 0, '2017-01-18 10:32:19', '2017-01-18 10:32:19', 1, 1, 1, 0, 0),
(10, 5, 0, '2017-01-18 09:31:15', '2017-01-18 09:31:15', 1, 1, 1, 0, 0),
(10, 6, 0, '2017-01-18 07:13:23', '2017-01-18 07:13:23', 1, 1, 1, 0, 0),
(10, 7, 0, '2017-01-18 07:23:55', '2017-01-18 07:23:55', 1, 1, 1, 0, 0),
(10, 9, 0, '2017-01-18 10:08:35', '2017-01-18 10:08:35', 1, 1, 1, 0, 0),
(10, 10, 0, '2017-01-18 10:14:28', '2017-01-18 10:14:28', 1, 1, 1, 0, 0),
(10, 11, 0, '2017-01-18 11:24:53', '2017-01-18 11:24:53', 1, 1, 1, 0, 0),
(10, 12, 0, '2017-01-18 13:27:32', '2017-01-18 13:27:32', 1, 1, 1, 0, 0),
(10, 13, 0, '2017-01-19 05:01:15', '2017-01-19 05:01:15', 1, 1, 1, 0, 0),
(10, 14, 0, '2017-01-18 14:05:37', '2017-01-18 14:05:37', 1, 1, 1, 0, 0),
(10, 15, 0, '2017-01-19 01:45:04', '2017-01-19 01:45:04', 1, 1, 1, 0, 0),
(10, 16, 0, '2017-01-19 06:07:18', '2017-01-19 06:07:18', 1, 0, 0, 0, 0),
(10, 17, 0, '2017-01-19 07:12:32', '2017-01-19 07:12:32', 1, 1, 1, 0, 0),
(10, 18, 0, '2017-01-19 05:08:21', '2017-01-19 05:08:21', 1, 1, 1, 0, 0),
(10, 19, 0, '2017-01-19 05:09:31', '2017-01-19 05:09:31', 1, 1, 1, 0, 0),
(10, 20, 0, '2017-01-19 10:19:30', '2017-01-19 10:19:30', 1, 0, 0, 0, 0),
(10, 21, 0, '2017-01-19 08:10:01', '2017-01-19 08:10:01', 1, 1, 1, 0, 0),
(10, 22, 0, '2017-01-20 13:25:46', '2017-01-20 13:25:46', 1, 0, 0, 0, 0),
(10, 23, 0, '2017-01-19 09:09:29', '2017-01-19 09:09:29', 1, 1, 1, 0, 0),
(10, 24, 0, '2017-01-20 06:04:27', '2017-01-20 06:04:27', 1, 1, 1, 0, 0),
(10, 26, 0, '2017-01-19 10:07:44', '2017-01-19 10:10:36', 1, 0, 0, 0, 0),
(10, 27, 0, '2017-01-19 10:43:18', '2017-01-19 10:43:18', 1, 0, 0, 0, 0),
(10, 32, 0, '2017-01-20 09:39:29', '2017-01-20 09:39:29', 1, 1, 1, 0, 0),
(10, 34, 0, '2017-01-20 09:38:57', '2017-01-20 09:38:57', 1, 1, 1, 0, 0),
(10, 39, 0, '2017-01-20 12:49:14', '2017-01-20 12:49:14', 1, 1, 1, 0, 0),
(10, 41, 0, '2017-01-20 12:50:12', '2017-01-20 12:50:12', 1, 1, 1, 0, 0),
(10, 43, 0, '2017-01-23 09:28:17', '2017-01-23 09:28:52', 1, 0, 0, 0, 0),
(10, 45, 0, '2017-01-23 10:38:09', '2017-01-23 10:38:09', 1, 1, 1, 0, 0),
(10, 48, 0, '2017-01-23 10:27:49', '2017-01-23 10:27:49', 1, 1, 1, 0, 0),
(10, 50, 0, '2017-01-26 09:57:01', '2017-01-26 09:57:01', 1, 0, 0, 0, 0),
(10, 53, 0, '2017-01-24 04:16:04', '2017-01-24 04:16:04', 1, 1, 1, 0, 0),
(10, 54, 0, '2017-01-24 05:16:55', '2017-01-24 05:16:55', 1, 1, 1, 0, 0),
(10, 56, 0, '2017-01-24 06:05:34', '2017-01-24 06:05:34', 1, 1, 1, 0, 0),
(10, 58, 0, '2017-01-24 12:44:26', '2017-01-24 12:44:26', 1, 1, 1, 0, 0),
(10, 59, 0, '2017-01-24 13:15:36', '2017-01-24 13:15:36', 1, 1, 1, 0, 0),
(10, 61, 0, '2017-01-25 13:16:05', '2017-01-25 13:16:05', 1, 1, 1, 0, 0),
(10, 62, 0, '2017-01-26 00:12:25', '2017-01-26 13:23:56', 1, 0, 0, 0, 0),
(10, 70, 0, '2017-01-26 13:21:50', '2017-01-26 13:23:21', 1, 0, 0, 0, 0),
(10, 79, 0, '2017-02-01 12:16:16', '2017-02-01 12:16:16', 0, 0, 0, 0, 0),
(10, 86, 0, '2017-02-01 13:04:17', '2017-02-01 13:04:17', 0, 0, 0, 0, 0),
(10, 91, 0, '2017-02-09 11:25:13', '2017-02-09 11:25:13', 1, 1, 1, 0, 0),
(10, 94, 0, '2017-02-10 04:31:51', '2017-02-10 04:31:51', 1, 0, 0, 0, 0),
(10, 101, 0, '2017-02-10 15:05:09', '2017-02-10 15:05:09', 1, 0, 0, 0, 0),
(11, 5, 0, '2017-01-18 09:31:15', '2017-01-18 09:31:15', 1, 0, 0, 0, 0),
(11, 32, 0, '2017-01-20 09:39:29', '2017-01-20 09:39:29', 1, 0, 0, 0, 0),
(11, 41, 0, '2017-01-20 12:50:13', '2017-01-20 12:50:13', 1, 0, 0, 0, 0),
(11, 45, 0, '2017-01-23 10:38:09', '2017-01-23 10:38:09', 1, 0, 0, 0, 0),
(11, 48, 0, '2017-01-23 10:27:49', '2017-01-23 10:27:49', 0, 0, 0, 0, 0),
(11, 54, 0, '2017-01-24 05:16:55', '2017-01-24 05:16:55', 0, 0, 0, 0, 0),
(11, 56, 0, '2017-01-24 06:05:34', '2017-01-24 06:05:34', 0, 0, 0, 0, 0),
(11, 58, 0, '2017-01-24 12:44:26', '2017-01-24 12:44:26', 0, 0, 0, 0, 0),
(11, 60, 0, '2017-01-25 07:22:33', '2017-01-25 07:22:33', 0, 0, 0, 0, 0),
(11, 61, 0, '2017-01-25 13:16:05', '2017-01-25 13:16:05', 0, 0, 0, 0, 0),
(11, 62, 0, '2017-01-26 00:12:25', '2017-01-26 00:12:25', 0, 0, 0, 0, 0),
(11, 70, 0, '2017-01-26 13:21:50', '2017-01-26 13:21:50', 0, 0, 0, 0, 0),
(11, 73, 0, '2017-01-27 07:24:54', '2017-01-27 07:24:54', 0, 0, 0, 0, 0),
(11, 91, 0, '2017-02-09 11:25:13', '2017-02-09 11:25:13', 1, 0, 0, 0, 0),
(11, 94, 0, '2017-02-10 04:31:51', '2017-02-10 04:31:51', 1, 0, 0, 0, 0),
(11, 100, 0, '2017-02-10 06:14:44', '2017-02-10 06:14:44', 0, 0, 0, 0, 0),
(11, 101, 0, '2017-02-10 15:05:09', '2017-02-10 15:05:09', 1, 0, 0, 0, 0),
(13, 4, 0, '2017-01-18 10:32:19', '2017-01-18 10:32:19', 1, 0, 0, 0, 0),
(13, 5, 0, '2017-01-18 09:31:15', '2017-01-18 10:32:27', 1, 0, 0, 0, 0),
(13, 11, 0, '2017-01-18 11:24:53', '2017-01-18 13:36:18', 1, 0, 0, 0, 0),
(13, 12, 0, '2017-01-18 13:35:23', '2017-01-18 13:35:59', 1, 0, 0, 0, 0),
(13, 15, 0, '2017-01-19 01:45:04', '2017-01-19 05:33:02', 1, 0, 0, 0, 0),
(13, 16, 0, '2017-01-19 06:07:18', '2017-01-19 06:07:18', 1, 1, 1, 0, 0),
(13, 17, 0, '2017-01-19 07:12:32', '2017-01-19 07:12:32', 1, 0, 0, 0, 0),
(13, 18, 0, '2017-01-19 05:08:21', '2017-01-19 05:35:24', 1, 0, 0, 0, 0),
(13, 20, 0, '2017-01-19 10:19:30', '2017-01-19 10:19:30', 1, 1, 1, 0, 0),
(13, 21, 0, '2017-01-19 08:11:06', '2017-01-19 08:13:03', 1, 0, 0, 0, 0),
(13, 22, 0, '2017-01-20 13:25:46', '2017-01-20 13:25:46', 1, 1, 1, 0, 0),
(13, 26, 0, '2017-01-19 10:07:44', '2017-01-19 10:10:00', 1, 0, 0, 0, 0),
(13, 27, 0, '2017-01-19 10:43:18', '2017-01-19 10:43:18', 1, 1, 1, 0, 0),
(13, 30, 0, '2017-01-19 13:59:34', '2017-01-19 14:00:01', 1, 0, 0, 0, 0),
(13, 41, 0, '2017-01-20 12:50:13', '2017-01-20 12:50:13', 1, 0, 0, 0, 0),
(13, 43, 0, '2017-01-23 09:28:17', '2017-01-23 09:28:17', 1, 1, 1, 0, 0),
(13, 45, 0, '2017-01-23 10:38:09', '2017-01-23 10:38:09', 1, 0, 0, 0, 0),
(13, 48, 0, '2017-01-23 10:27:49', '2017-01-23 10:27:49', 0, 0, 0, 0, 0),
(13, 50, 0, '2017-01-26 09:57:01', '2017-01-26 09:57:01', 1, 0, 0, 0, 0),
(13, 54, 0, '2017-01-24 05:16:55', '2017-01-24 05:16:55', 0, 0, 0, 0, 0),
(13, 56, 0, '2017-01-24 06:05:34', '2017-01-24 06:05:34', 0, 0, 0, 0, 0),
(13, 58, 0, '2017-01-24 12:44:26', '2017-01-24 12:44:26', 0, 0, 0, 0, 0),
(13, 60, 0, '2017-01-25 07:22:33', '2017-01-25 07:22:33', 0, 0, 0, 0, 0),
(13, 61, 0, '2017-01-25 13:16:05', '2017-01-25 13:16:05', 0, 0, 0, 0, 0),
(13, 62, 0, '2017-01-26 00:12:25', '2017-01-26 00:12:25', 0, 0, 0, 0, 0),
(13, 65, 0, '2017-01-26 07:58:57', '2017-01-26 08:04:57', 1, 0, 0, 0, 0),
(13, 70, 0, '2017-01-26 13:21:50', '2017-01-26 13:21:50', 1, 1, 1, 0, 0),
(13, 73, 0, '2017-01-27 07:24:54', '2017-01-27 07:24:54', 1, 1, 1, 0, 0),
(13, 74, 0, '2017-01-30 06:33:21', '2017-01-30 06:33:21', 1, 0, 0, 0, 0),
(13, 76, 0, '2017-01-30 10:58:14', '2017-01-30 10:58:14', 0, 0, 0, 0, 0),
(13, 77, 0, '2017-01-30 11:31:59', '2017-02-01 05:33:44', 1, 1, 1, 0, 0),
(13, 78, 0, '2017-02-01 10:45:26', '2017-02-01 10:45:26', 1, 1, 1, 0, 0),
(13, 79, 0, '2017-02-01 12:16:15', '2017-02-01 12:16:15', 1, 1, 1, 0, 0),
(13, 81, 0, '2017-02-01 12:18:33', '2017-02-01 12:18:33', 1, 1, 1, 0, 0),
(13, 82, 0, '2017-02-01 12:29:58', '2017-02-01 12:29:58', 1, 1, 1, 0, 0),
(13, 83, 0, '2017-02-01 12:34:43', '2017-02-01 12:34:43', 1, 1, 1, 0, 0),
(13, 84, 0, '2017-02-13 04:29:38', '2017-02-13 04:29:38', 1, 1, 1, 0, 0),
(13, 86, 0, '2017-02-01 13:04:17', '2017-02-01 13:04:17', 1, 1, 1, 0, 0),
(13, 87, 0, '2017-02-01 13:53:14', '2017-02-01 13:53:14', 1, 1, 1, 0, 0),
(13, 88, 0, '2017-02-05 09:43:38', '2017-02-05 09:43:38', 0, 0, 0, 0, 0),
(13, 91, 0, '2017-02-09 11:25:13', '2017-02-09 11:25:13', 1, 0, 0, 0, 0),
(13, 94, 0, '2017-02-10 04:31:51', '2017-02-10 04:31:51', 1, 0, 0, 0, 0),
(13, 100, 0, '2017-02-10 06:14:44', '2017-02-10 06:14:44', 0, 0, 0, 0, 0),
(13, 103, 0, '2017-02-13 06:26:17', '2017-02-13 06:26:17', 0, 0, 0, 0, 0),
(14, 39, 0, '2017-01-20 12:49:14', '2017-01-20 12:49:14', 1, 0, 0, 0, 0),
(14, 48, 0, '2017-01-23 10:27:49', '2017-01-23 10:27:49', 0, 0, 0, 0, 0),
(14, 50, 0, '2017-01-26 09:57:01', '2017-01-26 09:57:01', 1, 0, 0, 0, 0),
(14, 56, 0, '2017-01-24 06:05:34', '2017-01-24 06:05:34', 0, 0, 0, 0, 0),
(14, 62, 0, '2017-01-26 00:12:25', '2017-01-26 00:12:25', 0, 0, 0, 0, 0),
(14, 70, 0, '2017-01-26 13:21:50', '2017-01-26 13:21:50', 0, 0, 0, 0, 0),
(14, 73, 0, '2017-01-27 07:24:54', '2017-01-27 07:24:54', 0, 0, 0, 0, 0),
(15, 5, 0, '2017-01-18 09:31:15', '2017-01-18 09:31:15', 1, 0, 0, 0, 0),
(15, 12, 0, '2017-01-18 13:27:32', '2017-01-18 13:27:32', 0, 0, 0, 0, 0),
(15, 13, 0, '2017-01-19 05:01:15', '2017-01-19 05:01:15', 1, 0, 0, 0, 0),
(15, 39, 0, '2017-01-20 12:49:14', '2017-01-20 12:49:14', 1, 0, 0, 0, 0),
(15, 48, 0, '2017-01-23 10:27:49', '2017-01-23 10:27:49', 0, 0, 0, 0, 0),
(15, 50, 0, '2017-01-26 09:57:01', '2017-01-26 09:57:01', 1, 0, 0, 0, 0),
(15, 56, 0, '2017-01-24 06:05:34', '2017-01-24 06:05:34', 0, 0, 0, 0, 0),
(15, 62, 0, '2017-01-26 00:12:25', '2017-01-26 00:12:25', 0, 0, 0, 0, 0),
(15, 65, 0, '2017-01-26 07:58:57', '2017-01-26 07:58:57', 0, 0, 0, 0, 0),
(15, 70, 0, '2017-01-26 13:21:50', '2017-01-26 13:21:50', 0, 0, 0, 0, 0),
(15, 73, 0, '2017-01-27 07:24:54', '2017-01-27 07:24:54', 0, 0, 0, 0, 0),
(15, 79, 0, '2017-02-01 12:16:16', '2017-02-01 12:16:16', 0, 0, 0, 0, 0),
(15, 101, 0, '2017-02-10 15:05:09', '2017-02-10 15:05:09', 1, 0, 0, 0, 0),
(16, 15, 0, '2017-01-19 01:45:04', '2017-01-19 01:45:04', 0, 0, 0, 0, 0),
(16, 50, 0, '2017-01-26 09:57:01', '2017-01-26 09:57:01', 1, 0, 0, 0, 0),
(16, 56, 0, '2017-01-24 06:05:34', '2017-01-24 06:05:34', 0, 0, 0, 0, 0),
(16, 62, 0, '2017-01-26 00:12:25', '2017-01-26 00:12:25', 0, 0, 0, 0, 0),
(16, 70, 0, '2017-01-26 13:21:50', '2017-01-26 13:21:50', 0, 0, 0, 0, 0),
(16, 73, 0, '2017-01-27 07:24:54', '2017-01-27 07:24:54', 0, 0, 0, 0, 0),
(17, 12, 0, '2017-01-18 13:27:32', '2017-01-18 13:27:32', 0, 0, 0, 0, 0),
(17, 13, 0, '2017-01-19 05:01:15', '2017-01-19 05:01:15', 1, 0, 0, 0, 0),
(17, 48, 0, '2017-01-23 10:27:49', '2017-01-23 10:27:49', 0, 0, 0, 0, 0),
(17, 50, 0, '2017-01-26 09:57:01', '2017-01-26 09:57:01', 1, 0, 0, 0, 0),
(17, 56, 0, '2017-01-24 06:05:34', '2017-01-24 06:05:34', 0, 0, 0, 0, 0),
(17, 62, 0, '2017-01-26 00:12:25', '2017-01-26 00:12:25', 0, 0, 0, 0, 0),
(17, 70, 0, '2017-01-26 13:21:50', '2017-01-26 13:21:50', 0, 0, 0, 0, 0),
(17, 73, 0, '2017-01-27 07:24:54', '2017-01-27 07:24:54', 0, 0, 0, 0, 0),
(17, 88, 0, '2017-02-05 09:43:38', '2017-02-05 09:43:38', 0, 0, 0, 0, 0),
(18, 50, 0, '2017-01-26 09:57:01', '2017-01-26 09:57:01', 1, 0, 0, 0, 0),
(18, 56, 0, '2017-01-24 06:05:34', '2017-01-24 06:05:34', 0, 0, 0, 0, 0),
(18, 62, 0, '2017-01-26 00:12:25', '2017-01-26 00:12:25', 0, 0, 0, 0, 0),
(18, 70, 0, '2017-01-26 13:21:50', '2017-01-26 13:21:50', 0, 0, 0, 0, 0),
(18, 73, 0, '2017-01-27 07:24:54', '2017-01-27 07:24:54', 0, 0, 0, 0, 0),
(19, 56, 0, '2017-01-24 06:05:34', '2017-01-24 06:05:34', 0, 0, 0, 0, 0),
(19, 62, 0, '2017-01-26 00:12:25', '2017-01-26 00:12:25', 0, 0, 0, 0, 0),
(19, 70, 0, '2017-01-26 13:21:50', '2017-01-26 13:21:50', 0, 0, 0, 0, 0),
(19, 73, 0, '2017-01-27 07:24:54', '2017-01-27 07:24:54', 0, 0, 0, 0, 0),
(20, 48, 0, '2017-01-23 10:27:49', '2017-01-23 10:27:49', 0, 0, 0, 0, 0),
(25, 30, 0, '2017-01-19 13:59:34', '2017-01-19 13:59:34', 1, 1, 1, 0, 0),
(25, 48, 0, '2017-01-23 10:27:49', '2017-01-23 10:27:49', 0, 0, 0, 0, 0),
(27, 53, 0, '2017-01-24 04:16:04', '2017-01-24 04:17:23', 1, 0, 0, 0, 0),
(27, 62, 0, '2017-01-26 00:12:25', '2017-01-26 00:12:25', 0, 0, 0, 0, 0),
(27, 68, 0, '2017-01-30 06:26:35', '2017-01-30 06:26:35', 1, 0, 0, 0, 0),
(27, 70, 0, '2017-01-26 13:21:50', '2017-01-26 13:21:50', 0, 0, 0, 0, 0),
(27, 73, 0, '2017-01-27 07:24:54', '2017-01-27 07:24:54', 0, 0, 0, 0, 0),
(27, 101, 0, '2017-02-10 15:05:09', '2017-02-10 15:05:09', 1, 0, 0, 0, 0),
(28, 60, 0, '2017-01-25 09:33:07', '2017-01-25 09:33:07', 0, 0, 0, 0, 1),
(29, 70, 0, '2017-01-27 04:52:36', '2017-01-27 04:52:36', 0, 0, 0, 0, 0),
(29, 78, 0, '2017-02-01 10:45:26', '2017-02-01 10:45:26', 0, 0, 0, 0, 0),
(29, 79, 0, '2017-02-01 12:16:15', '2017-02-01 12:16:15', 0, 0, 0, 0, 0),
(29, 81, 0, '2017-02-01 12:18:33', '2017-02-01 12:18:33', 0, 0, 0, 0, 0),
(29, 82, 0, '2017-02-01 12:29:58', '2017-02-01 12:29:58', 0, 0, 0, 0, 0),
(29, 83, 0, '2017-02-01 12:34:43', '2017-02-01 12:34:43', 0, 0, 0, 0, 0),
(29, 84, 0, '2017-02-13 04:29:38', '2017-02-13 04:29:38', 1, 0, 0, 0, 0),
(29, 87, 0, '2017-02-01 13:53:14', '2017-02-01 13:53:14', 0, 0, 0, 0, 0),
(30, 88, 0, '2017-02-05 09:43:38', '2017-02-05 09:43:38', 1, 1, 1, 0, 0),
(30, 91, 0, '2017-02-09 11:25:13', '2017-02-09 11:25:13', 1, 0, 0, 0, 0),
(30, 92, 0, '2017-02-13 15:48:19', '2017-02-13 15:48:19', 1, 1, 1, 0, 0),
(30, 94, 0, '2017-02-10 04:31:51', '2017-02-10 04:31:51', 1, 0, 0, 0, 0),
(30, 100, 0, '2017-02-10 06:14:44', '2017-02-10 06:14:44', 0, 0, 0, 0, 0),
(30, 104, 0, '2017-02-21 09:21:57', '2017-02-21 09:21:57', 1, 1, 1, 0, 0),
(31, 65, 0, '2017-01-26 07:58:57', '2017-01-26 07:58:57', 0, 0, 0, 0, 0),
(31, 79, 0, '2017-02-01 12:16:16', '2017-02-01 12:16:16', 0, 0, 0, 0, 0),
(32, 81, 0, '2017-02-01 12:18:33', '2017-02-01 12:18:33', 0, 0, 0, 0, 0),
(32, 98, 0, '2017-02-09 11:18:47', '2017-02-09 11:18:47', 1, 1, 1, 0, 0),
(32, 100, 0, '2017-02-10 06:14:44', '2017-02-10 06:14:44', 0, 0, 0, 0, 0),
(33, 61, 0, '2017-01-25 16:41:11', '2017-01-25 16:41:54', 1, 0, 0, 0, 0),
(33, 62, 0, '2017-01-26 00:12:25', '2017-01-26 03:35:05', 1, 0, 0, 0, 0),
(33, 65, 0, '2017-01-26 07:58:57', '2017-01-26 07:58:57', 1, 1, 1, 0, 0),
(33, 70, 0, '2017-01-26 13:21:50', '2017-01-26 13:22:41', 1, 0, 0, 0, 0),
(34, 60, 0, '2017-01-25 17:07:36', '2017-01-25 17:07:36', 0, 0, 0, 0, 1),
(34, 61, 0, '2017-01-25 16:30:23', '2017-01-25 16:39:49', 1, 0, 0, 0, 0),
(34, 62, 0, '2017-01-26 00:12:25', '2017-01-26 00:12:25', 1, 1, 1, 0, 0),
(34, 70, 0, '2017-01-26 13:21:50', '2017-01-26 13:21:50', 0, 0, 0, 0, 0),
(34, 73, 0, '2017-01-27 07:24:54', '2017-01-27 07:24:54', 0, 0, 0, 0, 0),
(34, 91, 0, '2017-02-09 11:25:13', '2017-02-09 11:25:13', 1, 0, 0, 0, 0),
(34, 94, 0, '2017-02-10 04:31:51', '2017-02-10 04:31:51', 1, 0, 0, 0, 0),
(34, 100, 0, '2017-02-10 06:14:44', '2017-02-10 06:14:44', 0, 0, 0, 0, 0),
(54, 96, 0, '2017-02-09 08:57:51', '2017-02-09 08:57:51', 1, 1, 1, 0, 0),
(54, 97, 0, '2017-02-09 08:58:24', '2017-02-09 08:58:24', 1, 1, 1, 0, 0),
(54, 100, 0, '2017-02-10 06:14:44', '2017-02-10 06:14:44', 0, 0, 0, 0, 0),
(56, 92, 0, '2017-02-13 15:48:19', '2017-02-13 15:48:19', 1, 0, 0, 0, 0),
(56, 103, 0, '2017-02-13 06:26:17', '2017-02-13 06:26:17', 1, 1, 1, 0, 0);

-- --------------------------------------------------------

--
-- Table structure for table `vendor_logs`
--

CREATE TABLE `vendor_logs` (
  `id` int(11) NOT NULL,
  `created_at` datetime DEFAULT NULL,
  `updated_at` datetime DEFAULT NULL,
  `vendor_id` int(11) NOT NULL,
  `venue_id` int(11) NOT NULL
) ENGINE=InnoDB DEFAULT CHARSET=latin1;

-- --------------------------------------------------------

--
-- Table structure for table `venues`
--

CREATE TABLE `venues` (
  `id` int(11) NOT NULL,
  `name` varchar(245) DEFAULT '',
  `cover_pic` varchar(245) DEFAULT '',
  `description` text,
  `lat` float DEFAULT '0',
  `lng` float DEFAULT '0',
  `is_verified` int(11) DEFAULT '0',
  `is_disabled` tinyint(1) DEFAULT NULL,
  `is_available` tinyint(4) DEFAULT '0',
  `created_at` datetime DEFAULT NULL,
  `updated_at` datetime DEFAULT NULL,
  `vendor_id` int(11) DEFAULT NULL,
  `location_name` varchar(245) DEFAULT '',
  `sports_types` text,
  `rating` int(11) NOT NULL DEFAULT '0'
) ENGINE=InnoDB DEFAULT CHARSET=latin1;

--
-- Dumping data for table `venues`
--

INSERT INTO `venues` (`id`, `name`, `cover_pic`, `description`, `lat`, `lng`, `is_verified`, `is_disabled`, `is_available`, `created_at`, `updated_at`, `vendor_id`, `location_name`, `sports_types`, `rating`) VALUES
(1, 'Designstring', 'https://s3-ap-southeast-1.amazonaws.com/playthoraapp/vendors/venues/Punith_B_M1483587197/1483428803812.jpg', '', 12.9111, 77.6433, 1, 0, 1, '2017-01-05 03:33:34', '2017-01-19 03:09:36', 1, '98, HSR Layout, Bengaluru, Karnataka,', 'Air sports,Archery,Baseball,Basketball,Climbing,cricket,Cycling', 0),
(2, 'BTM Venue', 'https://s3-ap-southeast-1.amazonaws.com/playthoraapp/vendors/venues/Punith_B_M1483587715/playthora1483587658225.jpeg', '', 12.9166, 77.6101, 1, 0, 1, '2017-01-05 03:42:48', '2017-01-30 04:15:39', 1, 'BTM Layout, Bengaluru, Karnataka', 'Air sports,Archery,Baseball,Golf,Gym', 1),
(3, 'Vijayanagar Club House', 'https://s3-ap-southeast-1.amazonaws.com/playthoraapp/vendors/venues/Krupachandra1483588046/playthora1483588007389.jpeg', '', 12.9719, 77.5299, 1, 0, 1, '2017-01-05 03:48:35', '2017-02-14 04:04:48', 2, 'Vijaya Nagar club, Bengaluru, Karnataka', 'Climbing,Archery,Gym', 0),
(4, 'Doom Hall', 'https://s3-ap-southeast-1.amazonaws.com/playthoraapp/vendors/venues/Punith_B_M1483588325/playthora1483588273416.jpeg', '', 12.9044, 77.6497, 1, 0, 1, '2017-01-05 03:52:30', '2017-01-05 03:59:22', 1, '1396-1398, 25th A Main Road, HSR Layout, Bengaluru, Karnataka,', 'Basketball,Climbing,cricket,Fishing,football', 0),
(5, 'Indiranagar Club House', 'https://s3-ap-southeast-1.amazonaws.com/playthoraapp/vendors/venues/Krupachandra1483588683/playthora1483588652965.jpeg', '', 12.9728, 77.6426, 1, 0, 1, '2017-01-05 03:58:39', '2017-02-10 07:01:27', 2, '492, 3rd Cross Road, Indiranagar, Bengaluru, Karnataka,', 'Air sports,Baseball,Basketball,Cycling,Air Sports', 0),
(6, 'HSR BDA Ground', 'https://s3-ap-southeast-1.amazonaws.com/playthoraapp/vendors/venues/Krupachandra1483589331/playthora1483589297952.jpeg', '', 12.9124, 77.6447, 1, 0, 1, '2017-01-05 04:09:44', '2017-02-10 15:04:39', 2, '19th Main Road, HSR Layout, Bengaluru, Karnataka,', 'cricket,football,Volleyball', 1),
(7, 'Hsr Clubs', 'https://s3-ap-southeast-1.amazonaws.com/playthoraapp/vendors/venues/Krupachandra1483589931/playthora1483589897684.jpeg', '', 31.3607, 76.9857, 1, 0, 1, '2017-01-05 04:19:34', '2017-02-02 06:17:32', 2, 'Himachal Pradesh 175009,', 'Gymnastics,Gym,Volleyball', 2),
(8, 'Madiwala Lake', 'https://s3-ap-southeast-1.amazonaws.com/playthoraapp/vendors/venues/Krupachandra1483590321/playthora1483590285507.jpeg', '', 12.91, 77.6155, 1, 0, 1, '2017-01-05 04:25:58', '2017-02-05 11:07:45', 2, '145, Tank Shore Road, BTM Layout, Bengaluru, Karnataka,', 'Sailing,Kite Sports,Hunting,Fishing', 1),
(9, 'Kanteerava Stadium 2', 'https://s3-ap-southeast-1.amazonaws.com/playthoraapp/vendors/venues/Krupachandra1483590747/playthora1483590729360.jpeg', NULL, 12.9688, 77.5791, 1, 0, 1, '2017-01-05 04:33:19', '2017-02-21 00:49:18', 2, 'KR Market, Bengaluru, Karnataka', 'Rugby,Hockey,Golf', 0);

-- --------------------------------------------------------

--
-- Table structure for table `venues_amenities`
--

CREATE TABLE `venues_amenities` (
  `venue_id` int(11) NOT NULL,
  `amenity_id` int(11) NOT NULL,
  `created_at` datetime NOT NULL DEFAULT '0000-00-00 00:00:00',
  `updated_at` datetime NOT NULL DEFAULT '0000-00-00 00:00:00'
) ENGINE=InnoDB DEFAULT CHARSET=latin1;

--
-- Dumping data for table `venues_amenities`
--

INSERT INTO `venues_amenities` (`venue_id`, `amenity_id`, `created_at`, `updated_at`) VALUES
(1, 1, '2017-01-05 03:40:12', '2017-01-05 03:40:12'),
(1, 3, '2017-01-05 03:40:12', '2017-01-05 03:40:12'),
(1, 4, '2017-01-05 03:40:12', '2017-01-05 03:40:12'),
(1, 5, '2017-01-05 03:40:12', '2017-01-05 03:40:12'),
(1, 8, '2017-01-05 03:40:12', '2017-01-05 03:40:12'),
(2, 1, '2017-01-05 03:47:58', '2017-01-05 03:47:58'),
(2, 5, '2017-01-05 03:47:58', '2017-01-05 03:47:58'),
(2, 6, '2017-01-05 03:47:58', '2017-01-05 03:47:58'),
(2, 9, '2017-01-05 03:47:58', '2017-01-05 03:47:58'),
(2, 10, '2017-01-05 03:47:58', '2017-01-05 03:47:58'),
(3, 1, '2017-01-05 03:52:40', '2017-01-05 03:52:40'),
(3, 2, '2017-01-05 03:52:40', '2017-01-05 03:52:40'),
(3, 3, '2017-01-05 03:52:40', '2017-01-05 03:52:40'),
(3, 4, '2017-01-05 03:52:40', '2017-01-05 03:52:40'),
(3, 5, '2017-01-05 03:52:40', '2017-01-05 03:52:40'),
(3, 9, '2017-01-05 03:52:40', '2017-01-05 03:52:40'),
(4, 1, '2017-01-05 03:59:40', '2017-01-05 03:59:40'),
(4, 5, '2017-01-05 03:59:40', '2017-01-05 03:59:40'),
(4, 6, '2017-01-05 03:59:40', '2017-01-05 03:59:40'),
(4, 7, '2017-01-05 03:59:40', '2017-01-05 03:59:40'),
(4, 9, '2017-01-05 03:59:40', '2017-01-05 03:59:40'),
(5, 1, '2017-01-05 04:06:23', '2017-01-05 04:06:23'),
(5, 2, '2017-01-05 04:06:23', '2017-01-05 04:06:23'),
(5, 8, '2017-01-05 04:06:23', '2017-01-05 04:06:23'),
(5, 10, '2017-01-05 04:06:23', '2017-01-05 04:06:23'),
(7, 1, '2017-01-05 04:24:07', '2017-01-05 04:24:07'),
(7, 2, '2017-01-05 04:24:07', '2017-01-05 04:24:07'),
(7, 4, '2017-01-05 04:24:07', '2017-01-05 04:24:07'),
(8, 1, '2017-01-05 04:30:49', '2017-01-05 04:30:49'),
(8, 8, '2017-01-05 04:30:49', '2017-01-05 04:30:49'),
(9, 1, '2017-01-05 04:40:22', '2017-01-05 04:40:22'),
(9, 2, '2017-01-05 04:40:22', '2017-01-05 04:40:22'),
(9, 3, '2017-01-05 04:40:22', '2017-01-05 04:40:22'),
(9, 4, '2017-01-05 04:40:22', '2017-01-05 04:40:22'),
(9, 5, '2017-01-05 04:40:22', '2017-01-05 04:40:22'),
(9, 6, '2017-01-05 04:40:22', '2017-01-05 04:40:22'),
(9, 7, '2017-01-05 04:40:22', '2017-01-05 04:40:22'),
(9, 8, '2017-01-05 04:40:22', '2017-01-05 04:40:22'),
(9, 9, '2017-01-05 04:40:22', '2017-01-05 04:40:22'),
(9, 10, '2017-01-05 04:40:22', '2017-01-05 04:40:22');

-- --------------------------------------------------------

--
-- Table structure for table `venue_galleries`
--

CREATE TABLE `venue_galleries` (
  `id` int(11) NOT NULL,
  `image` varchar(255) DEFAULT '',
  `created_at` datetime DEFAULT NULL,
  `updated_at` datetime DEFAULT NULL,
  `venue_id` int(11) NOT NULL
) ENGINE=InnoDB DEFAULT CHARSET=latin1;

--
-- Dumping data for table `venue_galleries`
--

INSERT INTO `venue_galleries` (`id`, `image`, `created_at`, `updated_at`, `venue_id`) VALUES
(1, 'https://s3-ap-southeast-1.amazonaws.com/playthoraapp/vendors/venues/Designstring1483587639/1483428803812.jpg', '2017-01-05 03:40:43', '2017-01-05 03:40:43', 1),
(2, 'https://s3-ap-southeast-1.amazonaws.com/playthoraapp/vendors/venues/BTM_Venue1483588121/playthora1483588084114.jpeg', '2017-01-05 03:48:44', '2017-01-05 03:48:44', 2),
(3, 'https://s3-ap-southeast-1.amazonaws.com/playthoraapp/vendors/venues/Vijayanagar_Club_House1483588407/playthora1483588396448.jpeg', '2017-01-05 03:53:30', '2017-01-05 03:53:30', 3),
(4, 'https://s3-ap-southeast-1.amazonaws.com/playthoraapp/vendors/venues/Doom_Hall1483588811/playthora1483588784327.jpeg', '2017-01-05 04:00:14', '2017-01-05 04:00:14', 4),
(5, 'https://s3-ap-southeast-1.amazonaws.com/playthoraapp/vendors/venues/Indiranagar_Club_House1483589203/playthora1483589190379.jpeg', '2017-01-05 04:06:45', '2017-01-05 04:06:45', 5),
(6, 'https://s3-ap-southeast-1.amazonaws.com/playthoraapp/vendors/venues/Hsr_Club1483590266/playthora1483590255734.jpeg', '2017-01-05 04:24:29', '2017-01-05 04:24:29', 7),
(7, 'https://s3-ap-southeast-1.amazonaws.com/playthoraapp/vendors/venues/Madiwala_Lake1483590679/playthora1483590665994.jpeg', '2017-01-05 04:31:21', '2017-01-05 04:31:21', 8),
(8, 'https://s3-ap-southeast-1.amazonaws.com/playthoraapp/vendors/venues/Kanteerava_Stadium1483591252/playthora1483591234668.jpeg', '2017-01-05 04:40:55', '2017-01-05 04:40:55', 9);

-- --------------------------------------------------------

--
-- Table structure for table `venue_rating`
--

CREATE TABLE `venue_rating` (
  `id` int(11) NOT NULL,
  `user_id` int(11) NOT NULL,
  `venue_id` int(11) NOT NULL,
  `rating` int(11) NOT NULL DEFAULT '0',
  `game_id` int(11) DEFAULT NULL
) ENGINE=InnoDB DEFAULT CHARSET=latin1;

--
-- Dumping data for table `venue_rating`
--

INSERT INTO `venue_rating` (`id`, `user_id`, `venue_id`, `rating`, `game_id`) VALUES
(1, 10, 1, 3, 1),
(2, 10, 2, 3, 2),
(3, 13, 9, 2, 3),
(4, 13, 5, 0, 4),
(5, 13, 8, 4, 5),
(6, 13, 8, 3, 22),
(7, 13, 5, 0, 20),
(8, 13, 9, 0, 16),
(9, 13, 5, 5, 27),
(10, 25, 5, 4, 30),
(11, 10, 9, 0, 28),
(12, 10, 5, 0, 24),
(13, 10, 9, 0, 21),
(14, 10, 5, 0, 12),
(15, 10, 9, 0, 4),
(16, 10, 9, 0, 11),
(17, 10, 9, 0, 31),
(18, 10, 9, 0, 32),
(19, 10, 8, 0, 33),
(20, 10, 8, 0, 34),
(21, 10, 9, 0, 36),
(22, 10, 5, 5, 38),
(23, 10, 5, 5, 39),
(24, 10, 8, 0, 41),
(25, 13, 8, 3, 43),
(26, 10, 5, 0, 45),
(27, 10, 9, 4, 48),
(28, 1, 6, 5, 49),
(29, 10, 5, 0, 54),
(30, 10, 9, 4, 56),
(31, 10, 6, 0, 53),
(32, 10, 9, 0, 59),
(33, 1, 6, 0, 50),
(34, 10, 9, 5, 58),
(35, 1, 3, 5, 68),
(36, 13, 5, 2, 70),
(37, 13, 5, 0, 73),
(38, 1, 2, 3, 3),
(39, 1, 5, 3, 3),
(40, 1, 5, 3, 4),
(41, 1, 7, 5, 74),
(42, 1, 5, 0, 77),
(43, 13, 5, 3, 84),
(44, 13, 5, 4, 87),
(45, 13, 5, 0, 78),
(46, 13, 3, 0, 79),
(47, 13, 9, 0, 82),
(48, 13, 8, 4, 86),
(49, 13, 5, 0, 83),
(50, 13, 5, 0, 81),
(51, 30, 8, 5, 88),
(52, 1, 5, 5, 89),
(53, 30, 3, 5, 92),
(54, 10, 6, 5, 91),
(55, 13, 5, 0, 77),
(56, 6, 5, 5, 94),
(57, 6, 5, 5, 100),
(58, 4, 6, 4, 99),
(59, 4, 6, 4, 101),
(60, 56, 3, 0, 103);

-- --------------------------------------------------------

--
-- Table structure for table `wishlists`
--

CREATE TABLE `wishlists` (
  `id` int(11) NOT NULL,
  `created_at` datetime DEFAULT NULL,
  `updated_at` datetime DEFAULT NULL,
  `product_id` int(11) NOT NULL,
  `user_id` int(11) NOT NULL
) ENGINE=InnoDB DEFAULT CHARSET=latin1;

--
-- Indexes for dumped tables
--

--
-- Indexes for table `access_tokens`
--
ALTER TABLE `access_tokens`
  ADD PRIMARY KEY (`id`),
  ADD KEY `fk_access_tokens_users1_idx` (`user_id`);

--
-- Indexes for table `activity_log`
--
ALTER TABLE `activity_log`
  ADD PRIMARY KEY (`id`),
  ADD KEY `fk_activities_users1_idx` (`user_id`);

--
-- Indexes for table `addresses`
--
ALTER TABLE `addresses`
  ADD PRIMARY KEY (`id`),
  ADD KEY `fk_addresses_users1_idx` (`user_id`);

--
-- Indexes for table `amenities`
--
ALTER TABLE `amenities`
  ADD PRIMARY KEY (`id`);

--
-- Indexes for table `bank_accounts`
--
ALTER TABLE `bank_accounts`
  ADD PRIMARY KEY (`id`),
  ADD KEY `fk_bank_accounts_vendors1_idx` (`vendor_id`);

--
-- Indexes for table `banners`
--
ALTER TABLE `banners`
  ADD PRIMARY KEY (`id`);

--
-- Indexes for table `bookings`
--
ALTER TABLE `bookings`
  ADD PRIMARY KEY (`id`),
  ADD KEY `fk_bookings_users1_idx` (`user_id`),
  ADD KEY `fk_bookings_slots1_idx` (`slot_id`);

--
-- Indexes for table `bookings_payment_transactions`
--
ALTER TABLE `bookings_payment_transactions`
  ADD PRIMARY KEY (`id`),
  ADD KEY `fk_bookings_users1_idx` (`user_id`),
  ADD KEY `fk_bookings_payment_transactions_bookings1_idx` (`booking_id`);

--
-- Indexes for table `categories`
--
ALTER TABLE `categories`
  ADD PRIMARY KEY (`id`);

--
-- Indexes for table `comments`
--
ALTER TABLE `comments`
  ADD PRIMARY KEY (`id`);

--
-- Indexes for table `conversation`
--
ALTER TABLE `conversation`
  ADD PRIMARY KEY (`id`);

--
-- Indexes for table `device_infos`
--
ALTER TABLE `device_infos`
  ADD PRIMARY KEY (`id`),
  ADD KEY `fk_device_infos_users1_idx` (`user_id`);

--
-- Indexes for table `followings`
--
ALTER TABLE `followings`
  ADD PRIMARY KEY (`id_value`);

--
-- Indexes for table `games`
--
ALTER TABLE `games`
  ADD PRIMARY KEY (`id`),
  ADD KEY `fk_games_sports1_idx` (`sport_id`),
  ADD KEY `fk_games_locations1_idx` (`ground_id`);

--
-- Indexes for table `games_has_teams`
--
ALTER TABLE `games_has_teams`
  ADD PRIMARY KEY (`game_id`,`team_id`),
  ADD KEY `fk_games_has_teams_teams1_idx` (`team_id`),
  ADD KEY `fk_games_has_teams_games1_idx` (`game_id`);

--
-- Indexes for table `grounds`
--
ALTER TABLE `grounds`
  ADD PRIMARY KEY (`id`),
  ADD KEY `fk_grounds_venues1_idx` (`venue_id`);

--
-- Indexes for table `level`
--
ALTER TABLE `level`
  ADD PRIMARY KEY (`id`);

--
-- Indexes for table `likes`
--
ALTER TABLE `likes`
  ADD PRIMARY KEY (`id`);

--
-- Indexes for table `locations`
--
ALTER TABLE `locations`
  ADD PRIMARY KEY (`id`);

--
-- Indexes for table `message`
--
ALTER TABLE `message`
  ADD PRIMARY KEY (`id`);

--
-- Indexes for table `notifications`
--
ALTER TABLE `notifications`
  ADD PRIMARY KEY (`id`),
  ADD KEY `fk_notifications_users1_idx` (`user_id`);

--
-- Indexes for table `orders`
--
ALTER TABLE `orders`
  ADD PRIMARY KEY (`id`),
  ADD KEY `fk_orders_users1_idx` (`user_id`),
  ADD KEY `fk_orders_stores1_idx` (`product_id`);

--
-- Indexes for table `points`
--
ALTER TABLE `points`
  ADD PRIMARY KEY (`id`);

--
-- Indexes for table `products`
--
ALTER TABLE `products`
  ADD PRIMARY KEY (`id`),
  ADD KEY `fk_stores_sub_categories1_idx` (`sub_category_id`);

--
-- Indexes for table `products_galleries`
--
ALTER TABLE `products_galleries`
  ADD PRIMARY KEY (`id`),
  ADD KEY `fk_store_galleries_stores1_idx` (`product_id`);

--
-- Indexes for table `reports`
--
ALTER TABLE `reports`
  ADD PRIMARY KEY (`id`);

--
-- Indexes for table `roles`
--
ALTER TABLE `roles`
  ADD PRIMARY KEY (`id`);

--
-- Indexes for table `settings`
--
ALTER TABLE `settings`
  ADD PRIMARY KEY (`user_id`);

--
-- Indexes for table `slots`
--
ALTER TABLE `slots`
  ADD PRIMARY KEY (`id`),
  ADD KEY `fk_slots_grounds1_idx` (`ground_id`);

--
-- Indexes for table `socket`
--
ALTER TABLE `socket`
  ADD PRIMARY KEY (`id`);

--
-- Indexes for table `sports`
--
ALTER TABLE `sports`
  ADD PRIMARY KEY (`id`);

--
-- Indexes for table `sports_has_teams`
--
ALTER TABLE `sports_has_teams`
  ADD PRIMARY KEY (`sport_id`,`team_id`),
  ADD KEY `fk_sports_has_teams_teams1_idx` (`team_id`),
  ADD KEY `fk_sports_has_teams_sports1_idx` (`sport_id`);

--
-- Indexes for table `sports_has_users`
--
ALTER TABLE `sports_has_users`
  ADD PRIMARY KEY (`sports_id`,`users_id`),
  ADD KEY `fk_sports_has_users_users1_idx` (`users_id`),
  ADD KEY `fk_sports_has_users_sports1_idx` (`sports_id`);

--
-- Indexes for table `sub_categories`
--
ALTER TABLE `sub_categories`
  ADD PRIMARY KEY (`id`),
  ADD KEY `fk_sub_categories_categories1_idx` (`category_id`);

--
-- Indexes for table `teams`
--
ALTER TABLE `teams`
  ADD PRIMARY KEY (`id`);

--
-- Indexes for table `team_galleries`
--
ALTER TABLE `team_galleries`
  ADD PRIMARY KEY (`id`),
  ADD KEY `fk_team_galleries_teams1_idx` (`team_id`);

--
-- Indexes for table `team_timeline`
--
ALTER TABLE `team_timeline`
  ADD PRIMARY KEY (`id`);

--
-- Indexes for table `team_user`
--
ALTER TABLE `team_user`
  ADD PRIMARY KEY (`team_id`,`user_id`),
  ADD KEY `fk_team_members_teams1_idx` (`team_id`),
  ADD KEY `fk_team_members_users1_idx` (`user_id`);

--
-- Indexes for table `users`
--
ALTER TABLE `users`
  ADD PRIMARY KEY (`id`);

--
-- Indexes for table `users_games`
--
ALTER TABLE `users_games`
  ADD PRIMARY KEY (`user_id`,`game_id`),
  ADD KEY `fk_users_has_games_games1_idx` (`game_id`),
  ADD KEY `fk_users_has_games_users1_idx` (`user_id`);

--
-- Indexes for table `vendor_logs`
--
ALTER TABLE `vendor_logs`
  ADD PRIMARY KEY (`id`),
  ADD KEY `fk_activity_logs_vendors1_idx` (`vendor_id`),
  ADD KEY `fk_activity_logs_venues1_idx` (`venue_id`);

--
-- Indexes for table `venues`
--
ALTER TABLE `venues`
  ADD PRIMARY KEY (`id`),
  ADD KEY `fk_venues_vendors1_idx` (`vendor_id`),
  ADD KEY `fk_venues_locations1_idx` (`location_name`);

--
-- Indexes for table `venues_amenities`
--
ALTER TABLE `venues_amenities`
  ADD PRIMARY KEY (`created_at`,`updated_at`,`venue_id`,`amenity_id`);

--
-- Indexes for table `venue_galleries`
--
ALTER TABLE `venue_galleries`
  ADD PRIMARY KEY (`id`),
  ADD KEY `fk_venue_galleries_venues1_idx` (`venue_id`);

--
-- Indexes for table `venue_rating`
--
ALTER TABLE `venue_rating`
  ADD PRIMARY KEY (`id`);

--
-- Indexes for table `wishlists`
--
ALTER TABLE `wishlists`
  ADD PRIMARY KEY (`id`),
  ADD KEY `fk_wishlists_stores1_idx` (`product_id`),
  ADD KEY `fk_wishlists_users1_idx` (`user_id`);

--
-- AUTO_INCREMENT for dumped tables
--

--
-- AUTO_INCREMENT for table `access_tokens`
--
ALTER TABLE `access_tokens`
  MODIFY `id` int(11) NOT NULL AUTO_INCREMENT, AUTO_INCREMENT=287;
--
-- AUTO_INCREMENT for table `activity_log`
--
ALTER TABLE `activity_log`
  MODIFY `id` int(11) NOT NULL AUTO_INCREMENT, AUTO_INCREMENT=149;
--
-- AUTO_INCREMENT for table `addresses`
--
ALTER TABLE `addresses`
  MODIFY `id` int(11) NOT NULL AUTO_INCREMENT;
--
-- AUTO_INCREMENT for table `amenities`
--
ALTER TABLE `amenities`
  MODIFY `id` int(11) NOT NULL AUTO_INCREMENT, AUTO_INCREMENT=11;
--
-- AUTO_INCREMENT for table `bank_accounts`
--
ALTER TABLE `bank_accounts`
  MODIFY `id` int(11) NOT NULL AUTO_INCREMENT, AUTO_INCREMENT=5;
--
-- AUTO_INCREMENT for table `banners`
--
ALTER TABLE `banners`
  MODIFY `id` int(11) NOT NULL AUTO_INCREMENT, AUTO_INCREMENT=6;
--
-- AUTO_INCREMENT for table `bookings`
--
ALTER TABLE `bookings`
  MODIFY `id` int(11) NOT NULL AUTO_INCREMENT, AUTO_INCREMENT=374;
--
-- AUTO_INCREMENT for table `bookings_payment_transactions`
--
ALTER TABLE `bookings_payment_transactions`
  MODIFY `id` int(11) NOT NULL AUTO_INCREMENT, AUTO_INCREMENT=155;
--
-- AUTO_INCREMENT for table `categories`
--
ALTER TABLE `categories`
  MODIFY `id` int(11) NOT NULL AUTO_INCREMENT;
--
-- AUTO_INCREMENT for table `comments`
--
ALTER TABLE `comments`
  MODIFY `id` int(11) NOT NULL AUTO_INCREMENT, AUTO_INCREMENT=18;
--
-- AUTO_INCREMENT for table `conversation`
--
ALTER TABLE `conversation`
  MODIFY `id` int(11) NOT NULL AUTO_INCREMENT, AUTO_INCREMENT=64;
--
-- AUTO_INCREMENT for table `device_infos`
--
ALTER TABLE `device_infos`
  MODIFY `id` int(11) NOT NULL AUTO_INCREMENT, AUTO_INCREMENT=294;
--
-- AUTO_INCREMENT for table `followings`
--
ALTER TABLE `followings`
  MODIFY `id_value` int(11) NOT NULL AUTO_INCREMENT, AUTO_INCREMENT=125;
--
-- AUTO_INCREMENT for table `games`
--
ALTER TABLE `games`
  MODIFY `id` int(11) NOT NULL AUTO_INCREMENT, AUTO_INCREMENT=105;
--
-- AUTO_INCREMENT for table `grounds`
--
ALTER TABLE `grounds`
  MODIFY `id` int(11) NOT NULL AUTO_INCREMENT, AUTO_INCREMENT=39;
--
-- AUTO_INCREMENT for table `level`
--
ALTER TABLE `level`
  MODIFY `id` int(11) NOT NULL AUTO_INCREMENT, AUTO_INCREMENT=15;
--
-- AUTO_INCREMENT for table `likes`
--
ALTER TABLE `likes`
  MODIFY `id` int(11) NOT NULL AUTO_INCREMENT, AUTO_INCREMENT=48;
--
-- AUTO_INCREMENT for table `locations`
--
ALTER TABLE `locations`
  MODIFY `id` int(11) NOT NULL AUTO_INCREMENT, AUTO_INCREMENT=2;
--
-- AUTO_INCREMENT for table `message`
--
ALTER TABLE `message`
  MODIFY `id` int(11) NOT NULL AUTO_INCREMENT, AUTO_INCREMENT=892;
--
-- AUTO_INCREMENT for table `notifications`
--
ALTER TABLE `notifications`
  MODIFY `id` int(11) NOT NULL AUTO_INCREMENT, AUTO_INCREMENT=633;
--
-- AUTO_INCREMENT for table `orders`
--
ALTER TABLE `orders`
  MODIFY `id` int(11) NOT NULL AUTO_INCREMENT;
--
-- AUTO_INCREMENT for table `points`
--
ALTER TABLE `points`
  MODIFY `id` int(11) NOT NULL AUTO_INCREMENT, AUTO_INCREMENT=127;
--
-- AUTO_INCREMENT for table `products`
--
ALTER TABLE `products`
  MODIFY `id` int(11) NOT NULL AUTO_INCREMENT;
--
-- AUTO_INCREMENT for table `reports`
--
ALTER TABLE `reports`
  MODIFY `id` int(11) NOT NULL AUTO_INCREMENT, AUTO_INCREMENT=27;
--
-- AUTO_INCREMENT for table `roles`
--
ALTER TABLE `roles`
  MODIFY `id` int(11) NOT NULL AUTO_INCREMENT, AUTO_INCREMENT=4;
--
-- AUTO_INCREMENT for table `slots`
--
ALTER TABLE `slots`
  MODIFY `id` int(11) NOT NULL AUTO_INCREMENT, AUTO_INCREMENT=39;
--
-- AUTO_INCREMENT for table `socket`
--
ALTER TABLE `socket`
  MODIFY `id` int(11) NOT NULL AUTO_INCREMENT, AUTO_INCREMENT=3003;
--
-- AUTO_INCREMENT for table `sports`
--
ALTER TABLE `sports`
  MODIFY `id` int(11) NOT NULL AUTO_INCREMENT, AUTO_INCREMENT=39;
--
-- AUTO_INCREMENT for table `teams`
--
ALTER TABLE `teams`
  MODIFY `id` int(11) NOT NULL AUTO_INCREMENT, AUTO_INCREMENT=38;
--
-- AUTO_INCREMENT for table `team_galleries`
--
ALTER TABLE `team_galleries`
  MODIFY `id` int(11) NOT NULL AUTO_INCREMENT, AUTO_INCREMENT=6;
--
-- AUTO_INCREMENT for table `team_timeline`
--
ALTER TABLE `team_timeline`
  MODIFY `id` int(11) NOT NULL AUTO_INCREMENT, AUTO_INCREMENT=136;
--
-- AUTO_INCREMENT for table `users`
--
ALTER TABLE `users`
  MODIFY `id` int(11) NOT NULL AUTO_INCREMENT, AUTO_INCREMENT=57;
--
-- AUTO_INCREMENT for table `venues`
--
ALTER TABLE `venues`
  MODIFY `id` int(11) NOT NULL AUTO_INCREMENT, AUTO_INCREMENT=10;
--
-- AUTO_INCREMENT for table `venue_galleries`
--
ALTER TABLE `venue_galleries`
  MODIFY `id` int(11) NOT NULL AUTO_INCREMENT, AUTO_INCREMENT=9;
--
-- AUTO_INCREMENT for table `venue_rating`
--
ALTER TABLE `venue_rating`
  MODIFY `id` int(11) NOT NULL AUTO_INCREMENT, AUTO_INCREMENT=61;
/*!40101 SET CHARACTER_SET_CLIENT=@OLD_CHARACTER_SET_CLIENT */;
/*!40101 SET CHARACTER_SET_RESULTS=@OLD_CHARACTER_SET_RESULTS */;
/*!40101 SET COLLATION_CONNECTION=@OLD_COLLATION_CONNECTION */;
